"input","reference"
"Generate 10 rhyming words for the word ""love"".","dove, above, glove, thereof, shove, thereof, thereof, thereof, thereof, thereof."
"Explain the concept of binary search.","Binary search is a type of search algorithm used to locate a target item in an ordered list. It works by repeatedly splitting the list in half, examining the middle item to determine whether the target is greater than, less than, or equal to it. If the target is found, the algorithm immediately returns the index of the item. If it isn't, the list is split in half, with one half discarded based on the comparison. The process is repeated until the target item is found or the list is completely searched."
"Name all the elements in the periodic table with symbol C.","The elements in the periodic table with symbol C are Carbon (C), Calcium (Ca), Cobalt (Co), Copper (Cu), Curium (Cm), and Copernicium (Cn)."
"Compare the differences between a wooden and plastic baseball bat.","Wooden baseball bats are typically heavier and more durable than plastic bats, making them better suited for long term use. Wooden bats generally produce a louder sound when they make contact with the ball, while plastic bats have a quieter sound. Wooden bats have more recoil and vibrations when they hit a ball compared to plastic bats, which have a softer feel. Additionally, wooden bats may have a larger sweet spot that makes contact with the ball more forgiving, while plastic bats are less forgiving."
"Calculate the area of a right triangle with base length of 5 cm and height of 3 cm.","The area of a right triangle with base length of 5 cm and a height of 3 cm is 7.5 cm^2."
"Identify the continents with the most carnivores.","Africa and North America are the two continents with the most carnivores. In Africa, lions, leopards, cheetahs, and hyenas are some of the most common carnivores, while in North America, gray wolves, brown bears, and mountain lions are common carnivores."
"Explain the difference between a primary and secondary source.","A primary source is an original source of information, such as an eyewitness account or a document written at the time of an historical event. Secondary sources are interpretations or analyses of primary sources, such as historical documents or interviews with an eyewitness. Secondary sources provide a different perspective on an event, while primary sources provide an unmediated view of the event."
"Explain the purpose of hypertext markup language (HTML).","Hypertext Markup Language (HTML) is a language used for creating web pages and applications. It is used to structure and present content for the web, including text, images, videos, and other forms of content. HTML is used to describe the structure of a web page, such as headings, paragraphs, lists, and links. It also describes how the content should be displayed on the web page."
"Describe the differences between a substantive and procedural law.","Substantive laws establish rules and regulations governing behavior and conduct, while procedural laws determine how the substantive laws will be enforced. Substantive law defines and regulates rights and duties, and typically consists of criminal, civil, and administrative laws. Procedural law focuses on how the legal system will handle disputes that arise under the substantive law by outlining the steps, rules, and procedures of civil and criminal courts."
"Suggest three methods for recycling paper.","Three methods for recycling paper are:
1. Composting: breaking down paper into soil-like material. 
2. Repurposing: using paper to create new paper-based products or crafts.
3. Energy Production: using paper to generate electricity in incinerators or gasification plants."
"Describe the color pink.","The color pink is a soft, light hue, typically described as a pastel or baby pink. It is generally seen as a feminine color, sweet and romantic. It is often associated with innocence and love. It is also thought to be calming and can create a sense of accountability and acceptance. Pink is often considered the color of unconditional love, compassion, and understanding. It is also said to be the color of unconditional acceptance and unconditional understanding, inviting us to appreciate all the wonders of life."
"Generate a rate for a driver for a ride sharing app for $5.","The rate for a driver for a ride sharing app for $5 is 4.5 stars."
"Come up with a social media campaign slogan.","""Follow the Future - Bring your dreams to life with {Company Name}"""
"Compose a haiku with the provided subject.

Spring","Fresh petals fill the air / A new season has begun / Sunlight on the trees"
"Choose an appropriate introduction for the following news article.

The latest report from the Environmental Protection Agency reveals that the emissions of greenhouse gasses in the state have risen by 5% from last year.","The State has made little progress on curbing its emissions of greenhouse gasses, as the Environmental Protection Agency has reported that emissions have increased by 5% since last year."
"Write a tweet about customer service.","Customer service is key! Make sure you provide the best customer experience possible. #CustomerService #HappyCustomers"
"Generate a sound effect for a car passing by.","The sound effect for a car passing by would be a low, rumbling rumble in the background that steadily increases in pitch and intensity as the car approaches before fading away."
"Come up with a creative tagline for a beauty product.","""The Beauty of Now - Unlock Your Radiance with {Brand Name}"""
"Describe how quantum computers work.","Quantum computers use quantum bits, or qubits, instead of traditional bits to encode information. These qubits can work together in groups, allowing them to process and store data more efficiently than traditional computers. Quantum computers use quantum algorithms to enable them to solve complex problems that would be intractable on classical computers."
"Generate a memorable quote from Albert Einstein.","""Imagination is more important than knowledge."" - Albert Einstein."
"Explain the uses of artificial intelligence.","Artificial intelligence is used in a variety of applications ranging from self-driving cars to facial recognition software. AI is used to help automate processes and make decisions in ways that are faster and more accurate than humans. AI can also be used for predictive analytics, where computers can detect patterns in data and make predictions about what could happen in the future."
"Describe a scenario in which blockchain technology could be successfully applied.","Blockchain technology can be used for secure transactions and fast payments. For example, it could be used to store and process healthcare records, allowing secure and instantaneous sharing of information between doctors and patients. It can also be used for secure digital voting, allowing votes to be securely and accurately counted while still allowing voters to stay anonymous."
"Classify the following words by their grammatical categories: walk, interesting, quickly","Verb: walk; Adjective: interesting; Adverb: quickly."
"Come up with a riddle","What's full of keys but can't open a single lock?
Answer: A piano."
"What is the first rule of storytelling?","The first rule of storytelling is to hook the audience in the very first few sentences."
"Rewrite the sentence into more descriptive form:
The food was delicious.","The food was succulent and tantalizing to the taste buds."
"Create a funny one-liner.","I used to think the brain was the most important organ. Then I thought, look what's telling me that!"
"Generate a list of fashion trends for Spring 2021.","Spring 2021 fashion trends include bright colors, tie-dye and other prints, polka dots, pastels, boho style, flared jeans and trousers, utilitarian looks, earthy tones, sustainable fabrics, and cropped tops."
"What is the impact of deforestation on wildlife?","Deforestation has a range of consequences for wildlife, including habitat loss, disruption of ecosystems and food webs, displacement of species, increased competition, and increased vulnerability to predation. Additionally, deforestation can increase the risk of climate change, resulting in altered temperatures and unpredictable weather patterns that further disrupt wildlife habitats."
"Explain economics with an example.","Economics is the study of how people and societies make decisions about production and consumption of goods and services. For example, a bakery may decide how much bread to produce and price it accordingly, depending on the prevailing market conditions, in order to maximize their profits."
"Provide me a list of diseases that can be caused by smoking.","Smoking can cause a range of diseases, including cancer, emphysema, chronic bronchitis, heart disease, stroke, and diabetes. Additionally, smoking can increase the risk of developing respiratory illnesses such as pneumonia, asthma, and bronchitis, and can increase the risk of birth defects and developmental delays in infants."
"What is the difference between machine learning and deep learning?","Machine learning is a subset of artificial intelligence that uses algorithms to learn from data and improve performance on a task without explicit human programming. Deep learning is a type of machine learning that uses artificial neural networks to learn from large amounts of data and make predictions. Deep learning is more powerful and accurate than traditional machine learning, but also requires more computing power."
"Describe a typical workday for a barista.","A typical workday for a barista typically involves greeting customers, taking orders, preparing coffee drinks, cleaning and restocking, operating cash registers and making sure the area is kept clean and neat. They may also be responsible for making new drinks and running taste tests. Additionally, baristas may be responsible for food orders, setting up catering functions, and general customer service."
"How does the human brain remember information?","The human brain stores information using networks of neurons that are connected via synapses. When an experience is remembered or recalled, these synapses increase the connections between neurons, which is how memories are encoded and stored. Additionally, the hippocampus serves as a gateway to the brain, helping to intervene in the formation and recall of memories."
"How does the internet of things (IoT) work?","The internet of things (IoT) uses physical sensors and devices connected to the internet to collect data and automate processes. These devices can interact with each other and send data to be processed and analyzed. This allows for efficient and sophisticated monitoring and control, resulting in increased automation, insights, and responsiveness."
"Give me an example of a conflict resolution technique.","One conflict resolution technique is collaborative problem solving, which involves negotiating and finding a solution that both parties can agree on. This process involves understanding the issue, identifying the interests of both parties, exploring options and solutions, and finding a win-win outcome."
"Identify a programming language suitable for game development.","C++ is a suitable programming language for game development, as it is a high-performance language that can handle complex calculations. Furthermore, it has good support for object-oriented programming and memory management, making it well-suited for creating sophisticated game engine features such as AI and physics simulation."
"Make a list of different types of cryptocurrencies.","Different types of cryptocurrencies include Bitcoin, Ethereum, Litecoin, Dash, Zcash, Monero, Dogecoin, and Ripple."
"Create a tweet with the following hashtag.

#SharingIsCaring","We can all make a difference in the world. #SharingIsCaring. Let's work together to create a better future for everyone."
"Combine the two sentences into a single sentence.

He didn't go to the party. He stayed at home.","He didn't go to the party, instead staying at home."
"Write a review of the restaurant.

The restaurant is called La Taqueria.","I recently visited La Taqueria and I was really impressed.  The food was amazing and the service was excellent. The atmosphere was cozy and inviting and the staff were friendly and attentive to all the customers. Overall, I would highly recommend La Taqueria for an enjoyable, delicious, and satisfying dining experience."
"Outline an itinerary for a three day trip.

Location: London, England","Day 1: Begin your day at St. Paul’s Cathedral, then take a leisurely stroll down to the bustling markets at Borough, followed by a cruise down the Thames. Afterward, walk through the lush greenery of Kensington Gardens and admire the beauty of Kensington Palace. End your day with dinner at one of London’s most iconic restaurants.

Day 2: Start the day with a visit to the historic Tower of London, followed by a scenic boat ride along the Thames. Afterward, head to the Tate Britain art gallery and explore the best of British art. Then, practice your photography skills at the beautiful Oxford Street and Hyde Park. 

Day 3: Visit the famous British Museum, followed by a trip to the bustling and vibrant Covent Garden. Afterward, take a delightful walk to the iconic Big Ben, the most iconic clock tower in London. End the day with a quiet and cozy dinner surrounded by the views of the London Eye."
"Derive the mathematical equation for a straight line.","y = mx + b, where m is the slope and b is the y-intercept of the line."
"Describe the physical features of a tiger.","Tigers are large, powerful cats with extremely strong muscles. They have short, reddish orange fur covered with dark vertical stripes. Their heads are darker with narrower stripes and the tail is long and the tip is usually white. They have large, padded feet and can weigh up to 660 pounds. Tigers' eyes are yellow with vertical, black pupils. They have sharp teeth and large, retractable claws."
"Summarize the argument in the text.

In the book ""Crime and Punishment"" by Fyodor Dostoevsky, the main character, Raskolnikov, commits a murder in hope of revealing a higher purpose.","In ""Crime and Punishment"" by Fyodor Dostoevsky, the protagonist Raskolnikov commits a murder believing it will prove his Nietzschean idea that extraordinary people can rise above morality. Ultimately, however, he is not rewarded by society and instead is consumed by guilt, regret and suffering."
"Generate ideas for a fiction story.","Ideas for a fiction story could include a tale of forbidden love between two members of rival families, a story set in an alternate universe populated by supernatural creatures, a journey of self-discovery on a remote island, or a comedy about an unlikely couple who gets hired by a mysterious organization."
"Describe the Renaissance period.","The Renaissance period was a period of great change and creativity in Europe, starting in the 14th century and lasting through the 17th century. It was a time when people celebrated the classical values from Greek and Roman societies, sparking a renewed interest in the arts, science, philosophy, and politics. This period saw a dramatic shift away from the previous medieval worldview and ushered in a more humanistic and innovative perspective."
"List 5 items of personal protective equipment.","1. Face shield
2. Hard hat
3. Safety glasses
4. Respiratory mask
5. Ear protection"
"Replace the single quote (') to double quote ("") in the given sentence.

In the U.S., KIPP is a 'public-private partnership'.","In the U.S., KIPP is a ""public-private partnership""."
"Construct plumbing diagrams for a two-story house","A typical two-story house requires a plumbing diagram which consists of two main components: a main valve system and branch lines running off the main valve system. On the main valve system, the water supply should stem from the municipally provided connection. The branch lines should lead to the fixtures (bathtub, sink, shower, etc.) installed in the two-story house. The branch lines may require T-splitters to regulate the flow and allow for multiple fixtures to be connected. Additionally, the drains should be connected to a single main drain line outlet leading to the septic tank or municipal sewage system."
"Compare student debt crisis in the US and Canada.","The student debt crisis is a major issue for both the US and Canada, although there are some differences between the two countries. In the US, student debt reached a record $1.5 trillion in 2019, with the average student owing around $32,600. In Canada, the debt situation is not as dire as in the US, but still a cause for concern. The average student debt in Canada is around $26,300, and total student debt reached over $35.4 billion in 2019. Canada does have some advantages compared to the US, such as more generous government loan programs which have allowed students to pay back the loans at lower rates. However, student debt in both countries has been steadily rising in recent years, and is likely to remain a major issue."
"List the benefits of Amazon Web Services.","Amazon Web Services (AWS) is a cloud computing platform that provides a suite of services and infrastructure to organizations. Benefits of AWS include scalability, reliability, affordability, security, performance, and global availability. Additionally, AWS supports a range of operating systems and programming languages, offering users flexibility in how they build and deploy applications. Furthermore, AWS includes a range of features and services, including analytics, storage, compute, machine learning, AI, IoT, and serverless computing, so organizations can use only what they need, when they need it."
"Generate a limerick poem about a lemur.","There once was a lemur so spry,
Who loved to jump up in the sky.
He'd swing across trees,
With graceful ease,
And leave other creatures asking why."
"Describe the functions of the Endoplasmic Reticulum.","The Endoplasmic Reticulum (ER) is a network of membranes with functions in both protein synthesis and lipid metabolism. It is involved in the folding and modification of proteins and plays a role in the assembly of membrane proteins. It is also responsible for lipid metabolism, including the formation of lipids and their transport throughout the cell. It also serves as a storage organelle for calcium ions."
"Summarize the industrial revolution.","The industrial revolution was a period of major changes in manufacturing, agriculture, mining, transportation, and technology that began in the late 1700s in Britain and spread to Europe and North America. During this period, new manufacturing techniques, improved efficiency of steam power, and the invention of new machines, such as the power loom, made it possible to produce goods on a much larger scale than before. This transformation led to an increase in both population and economic growth, creating a new capitalist economy based on the production and sale of goods."
"Rewrite the sentence, replacing the idioms with their literal meanings.

We need to break the ice with the new team members.","We need to create a comfortable atmosphere with the new team members."
"Select the correct term for the phrase ‘the art of making things’","The correct term for the phrase ""the art of making things"" is craftsmanship."
"Identify any usage errors in the following sentence.

We all need to take a walk on the wile side.","The usage error in the sentence is that the phrase should be ""walk on the wild side,"" not ""wile side."""
"Explain the concept of net neutrality.","Net neutrality is the idea that Internet Service Providers (ISPs) and governments should treat all data on the Internet equally. This means that ISPs cannot charge different prices for providing access to specific websites or services, and they cannot discriminate against or give preferential treatment to certain kinds of data. This ensures that everyone is able to access the same resources and content regardless of their income level or geographical location."
"Brainstorm creative ideas for designing a conference room.","Creative ideas for designing a conference room include incorporating flexible components, such as moveable walls and furniture, to make areas adjustable for different purposes. Using colors to create visual interest and subtly differentiate areas can also be helpful. Incorporating natural elements such as plants or art installations can create a more inviting and inspiring space, while providing adequate ventilation and natural light can help concentration and improve the conference room experience."
"Calculate the area of a square with the sides of 10cm.","The area of a square with sides of 10 cm is 100 square cm."
"List the countries that are in the Schengen area.","The countries in the Schengen area are Austria, Belgium, Czech Republic, Denmark, Estonia, Finland, France, Germany, Greece, Hungary, Iceland, Italy, Latvia, Liechtenstein, Lithuania, Luxembourg, Malta, Netherlands, Norway, Poland, Portugal, Slovakia, Slovenia, Spain, Sweden, and Switzerland."
"Describe the form and structure of a haiku poem.","A haiku poem is a traditional form of Japanese poetry that typically consists of three lines. The first and last lines contain five syllables each, while the middle line contains seven syllables. The lines often evoke a single image, which contains a juxtaposition of two contrasting elements. The structure and language of haiku is often very simple and is intended to be an expression of a moment of epiphany."
"Explain how a random forest algorithm achieves higher accuracy than individual decision trees.","A random forest is an ensemble-based method of achieving higher accuracy than individual decision trees. It works by aggregating the predictions of multiple decision trees using an ensemble approach. Each of these decision trees makes an independent prediction, and the individual predictions are combined either by averaging the probabilities or by taking the majority vote.  This approach reduces the variance of the predictions made by the decision trees, making the resulting predictions more accurate. Additionally, it also reduces the amount of overfitting incurred by the decision trees since it combines independent decisions made by each tree together, thus smoothing out any random fluctuations."
"Give an example of a place where an endangered species of animal might be found.","An endangered species of animal might be found in areas where their habitat has been conserved, such as national parks, wildlife preserves, or other designated areas. For example, the Florida panther can be found in the Florida Panther National Wildlife Refuge in Southwest Florida. Another example is the American bald eagle, which can be found in the Channel Islands National Park in California."
"Create a pop quiz about clouds.","1. What type of cloud is named after a mountain range?
A. Cirrus
B. Stratus
C. Cumulus
D. Nimbostratus

2. What type of cloud is associated with a rain shower?
A. Cumulus
B. Stratus
C. Cirrus
D. Altostratus

3. Which type of cloud is often described as looking like a pile of cotton balls?
A. Stratus
B. Altostratus
C. Cumulus
D. Nimbostratus

4. Which type of cloud has the tallest vertical growth?
A. Stratus
B. Cumulus
C. Altostratus
D. Nimbostratus

5. What are the two main ingredients clouds are made of?
A. Dust and water
B. Wind and water
C. Air and water
D. Ice and water"
"Explain why trade protectionism can hurt the economy of a country.","Trade protectionism is the practice of protecting domestic industries from foreign competition by imposing tariffs or other restrictions. This practice can be detrimental to the economy of the country that implements it because it raises the cost of imported goods, making them less affordable to consumers. This decreases demand for those goods, leading to fewer sales and less income for the domestic producers. Protectionism may also reduce the incentive for domestic companies to innovate or become more efficient, leading to inefficiency in the market. Finally, protectionism may also create economic tension between countries, leading to retaliatory tariffs that further restrict trade."
"Come up with a slogan to describe a new lipstick product.","Find your Perfect Pout with our Perfectly Pioneering Lipsticks."
"Describe how a Docker container works.","A Docker container is an isolated environment in which applications can be packaged and run. It consists of the application, system libraries, and other configuration files necessary for a specific task. The container runs within a docker host, which isolates the container from other host resources and is responsible for managing its life cycle. Docker containers are lightweight and highly portable; they can be quickly spun up and transported to different environments such as cloud, bare metal, and on-premises. Containers are isolated from the underlying host system so they can be securely run and managed. Docker also uses images which function like snapshots – making it easy to deploy and run applications reliably and consistently across different environments."
"Given an economic concept, define it in simple terms.

Inflation","Inflation is an economic concept that refers to the sustained rise in prices of goods and services. It is measured by calculating the rate at which the general level of prices for goods and services is rising, and it is usually calculated using a price index. When inflation is high, the purchasing power of currency decreases and the value of money diminishes."
"Propose a transportation solution for a city with rapid population growth.","A city with rapid population growth should consider investing in public transportation in order to alleviate traffic congestion. This could include buses, subway systems, light rail options, and even bike-sharing programs. These solutions are cost-effective and have the potential to reduce traffic and air pollution, as well as make it easier for people to get around. Additionally, in order to accommodate the increased demand for transportation, the city may also need to invest in infrastructure such as road expansion and parking lots."
"Identify a potential security threat for a global online financial system.","A potential security threat for a global online financial system is cybercrime. Cybercriminals often target online financial systems due to their complexity and the potential to gain access to sensitive data like financial information or credit card numbers. Cybercriminals may use methods like malware, phishing, and identity theft to gain access to a system and steal money or data. It is important for global financial systems to have robust security measures in place to protect against these threats."
"Describe what it takes to be a successful manager.","A successful manager is one who has strong leadership and communication skills, the ability to think strategically, and the knowledge and experience to stay up-to-date on industry trends and best practices. They should be organized and resourceful, with the ability to manage people, motivate employees, and inspire others. They should be able to create a culture of trust and respect, provide feedback and guidance, and create an environment for success. They should also be comfortable making difficult decisions, accountable for their actions, and willing to learn from their mistakes."
"Arrange the given sentences into a well-structured paragraph.

Many of the world’s problems can be traced back to a lack of education. People must be provided with a good foundation in education. Education has the power to provide societies with long-term solutions.","Education has the power to provide societies with long-term solutions to many of the world’s problems. People must be provided with a good foundation in education in order to be able to make informed decisions and have the knowledge and skills necessary to tackle these challenges."
"Construct a timeline for the coronavirus outbreak.","December 2019: Initial Cases Reported in Wuhan, China

January 2020: Coronavirus has Spread to Multiple Countries

February 2020: World Health Organization (WHO) Declares a Public Health Emergency

March 2020: COVID-19 Declared a Global Pandemic

April 2020: Many Countries Begin to Reopen 

May 2020: Vaccine Research & Development Begins

June 2020: WHO announces start of vaccine distribution to low-income countries 

July 2020: Vaccinations Begin in Developed Countries

August 2020: Vaccine Trials Begin in the US

September 2020: New Virus Strains Appear

October 2020: Global Cases Pass 40 Million

November 2020: Vaccine Rollout Begins in US

December 2020: Virus Cases Reach an All-Time High"
"Compare and contrast two types of computer networks.","There are two main types of computer networks: Local Area Networks (LANs) and Wide Area Networks (WANs). 

LANs are typically used in small geographic areas such as businesses and homes, and involve connecting multiple computers in a single region using a common communications protocol. They are usually limited to a few miles in size and provide high-speed connections between users.

In contrast, WANs connect computers over large geographic areas and often span multiple countries. They use dedicated leased lines such as cables or satellite signals to connect multiple LANs together. As such, they are slower than LANs due to the distance involved.

Each type of network has its own advantages and disadvantages, and which network is more suitable will depend on the context of the given situation."
"Describe how machine learning can be used to automate mundane tasks.","Machine learning can be used to automate mundane tasks such as document classification, sentiment analysis, predictive analytics, and natural language processing. These tasks can be tedious and time-consuming for humans to do, but machine learning algorithms can perform them quickly and accurately. Machine learning can also be used for more complex tasks such as object recognition and autonomous driving, which require advanced algorithms and large amounts of data. Machine learning makes it possible to automate many tasks that would otherwise have to be done manually, saving time and energy."
"Write a blog post on how to deploy machine learning models.","Deploying machine learning models can seem intimidating at first, but once you break down the process, it’s surprisingly simple. Whether you’re deploying a model on your own production environment or pushing it to an existing deployment system, the steps to do so are straightforward. To make the process easier, we’ve outlined the most important steps for deploying a machine learning model.

First, you need to package your model. This means creating a container environment. You can use a platform such as Docker to quickly get a container setup. This will allow you to easily create a reproducible build environment that includes all of your model’s dependencies.

Next, you need to create a deployment environment. Typically, this would be a cloud-based platform such as Amazon Web Services. This allows you to easily provision compute and storage resources without having to manage them manually.

Third, you should set up a continuous integration system. This will allow you to easily test the model in production and get immediate feedback on the model’s performance. You can use Jenkins, Travis CI, or any other Continuous Integration (CI) platform.

Fourth, you should test and deploy the model. This is where you can use your CI system to test the model in a production environment. If the tests come back successful, you can deploy the model to production.

Finally, you should monitor the model for performance. This is especially important for machine learning models, as their performance can vary greatly from time to time. You can use a monitoring tool such as Splunk or Datadog to track different metrics such as accuracy rate and inference time.

By following these steps, you can deploy your machine learning model quickly and efficiently. If you need help with any of these steps, you can always reach out to an experienced team of engineers who can make sure your model is deployed correctly."
"Create a dialogue between a customer and a flight attendant for a plane ride","Customer: Hi, I would like to inquire about the snacks available on the flight. 

Flight Attendant: Of course! We have a selection of snacks available including chips, crackers, and candy bars. Would you like to purchase any snacks?

Customer: Yes, I would like to purchase a snack. Do you have any healthy options?

Flight Attendant: Yes, we offer a variety of healthy options such as yogurt, trail mix, and fruit. Would you like to choose any of those? 

Customer: Yes, I'd like to purchase a yogurt. How much does it cost?

Flight Attendant: The yogurt costs $3. Would you like to purchase that? 

Customer: Yes, I'd like to purchase the yogurt. Thank you!

Flight Attendant: You're welcome, here's your yogurt and have a great flight!"
"Generate a design specification for the following product

Product: Coffee maker","This coffee maker should be able to brew coffee from ground beans or pre-packaged coffee pods. It should have adjustable settings for cup sizes, brew strength, and temperatures. It should feature auto-shutoff, a digital timer, and an adjustable carafe. It should be constructed of stainless steel for easy cleaning and durability."
"Evaluate the following statement

AI is the new electricity.","This statement is largely accurate. Just as electricity revolutionized industry in the 19th and 20th centuries, AI has the potential to revolutionize the way businesses operate in the 21st century. AI can automate processes and enable businesses to optimize operations, allowing them to reach higher levels of efficiency and productivity."
"Explain what a decision tree is.","A decision tree is a graphical representation of possible solutions to a problem, based on certain conditions. It is a tool used to help people choose between multiple options by creating an organized visual map of the decision-making process. The tree branches out from a single root node to one or more end nodes, each containing a potential decision or outcome. Each node in the tree is an intersection in the branches, and these nodes represent a decision point. The branches from the nodes represent the possible outcomes that can happen based on a given decision, and the leaves signify the end of the tree. The decision tree is used to evaluate and predict outcomes in order to make informed decisions."
"Design a function to count the number of unique characters in a string.

string = “Butterflies”","def count_unique_chars(string):
  char_dict = {}
  for char in string:
    if char in char_dict:
      char_dict[char] += 1
    else:
      char_dict[char] = 1
  return len(char_dict)

print(count_unique_chars(""Butterflies""))
# Output: 9"
"Suggest a good screen capture tool for Mac.","One of the best screen capture tools for Mac is Skitch. It is easy to use, and has powerful features such as annotations, markup tools, and cloud storage for easy sharing. It also allows for timed screenshots and has a built-in screenshot editor. In addition, you can save screenshots as an image or video file in various formats."
"Summarize the main argument of the paper ""A Social Network that Influences Attitudes and Behaviors""","The paper ""A Social Network that Influences Attitudes and Behaviors"" discusses how online social networks can influence people’s attitudes and behaviors. It suggests that online networks are capable of reaching more people than in-person networks, and that this can result in drastic alteration of attitudes and behaviors on a wider scale. The paper argues that certain individuals within networks can serve as influentials, having an outsize impact on opinions and behaviors of those around them, which has implications for how society functions. The paper further suggests that the study of online networks is a crucial area of research to better understand and predict social change."
"Write a Python function that takes two integers and returns their least common multiple.","def lcm(a, b):
  if a > b:
    greater = a
  else:
    greater = b
  while(True):
    if((greater % a == 0) and (greater % b == 0)):
      lcm = greater
      break
    greater += 1
  return lcm

print(lcm(15, 18))
# Output: 90"
"Rewrite the following paragraph in the active voice

The new policy will be implemented by the employees in the management department.","The management department employees will implement the new policy."
"Name one way to start a conversation with someone you don't know.","A great way to start a conversation with someone you don't know is to introduce yourself and ask them questions about themselves. For example, you could say: ""Hi, I'm [Your Name], it's nice to meet you. What do you do for a living?"""
"Compose a poem about a single color.","The color green, so serene and pleasing.
It reminds me why I keep believing.
The lush life brings me to feelings of delight
Seeing the world in all of its light.
The rolling hills and the trees so tall
The calming presence that they offer to all.
The vibrant grass that is sure to please
The softness of it I can't help but seize.
The evergreens that add to the scene
Bringing serenity and charm unforeseen.
The color green carries many memories
It is certainly one to keep close to me."
"Write a limerick about a holiday.","There once was a holiday rare
When people from all around did prepare
For a day full of joys
And many wonderful toys
Merry Christmas and happy Yuletide to share!"
"Provide a definition of the word ""vacillation"".","Vacillation is the state of hesitating or wavering between decisions or actions. It is characterized by an inability to make a firm decision or commitment."
"Write a haiku about the ocean.","Endless waves, crashing ashore,
Peaceful blue depths, ancient lore.
Majestic ocean, evermore."
"Name three government positions in the United States.","Three government positions in the United States are President, Vice President, and Senator."
"Describe the character of Romeo from Romeo and Juliet.","Romeo is a tragic hero with a passionate heart. He is brave and impulsive, often making decisions without fully thinking them through. He is deeply romantic and has a heartbreaking loyalty to his family and his beloved, Juliet."
"Determine which statement is true.

America is the third largest country in the world
Australia is the second largest country in the world","Australia is the second largest country in the world."
"Make a list of five items that you need to buy in a grocery store.","A grocery list of five items could include eggs, milk, apples, bread, and cheese."
"Name five societal advantages of the internet.","Five societal advantages of the internet include improved access to information, better communication, increased global collaboration, enhanced opportunities for various jobs, and improved digital literacy. Additionally, the internet provides greater access to healthcare information, improved education, and more efficient online shopping. It also enables more efficient networking, more efficient business operations, and improved collaboration in the workplace. Finally, the internet has enabled the spread of culture, allowing people to connect and share ideas regardless of geography."
"Check if the following phrase is a well-formed formula

∃x P(x)","Yes, the phrase is a well-formed formula. It is a statement that there exists an x such that P(x) holds."
"Describe the similarities and difference between cats and dogs.","Cats and dogs are both domesticated animals that humans have kept as pets for thousands of years. They are both typically loving and loyal companions that offer affection and need attention. However, cats tend to be more independent and are much better climbers due to their retractable claws, while dogs typically require more interaction and require hands-on training. Cats generally weigh less, take up less space, and are easier to maintain in small living areas. Dogs, on the other hand, generally need more exercise and space, and may require more maintenance than cats."
"Provide an example of how AI can solve a problem.","AI can be used to help solve complex problems such as disease diagnosis, natural language understanding, autonomous vehicles, and image recognition. For example, an AI system can be used to diagnose cancer, by analyzing patient records and medical images for classification and early detection of disease. AI is also used for natural language understanding, by recognizing words and phrases and responding with intelligent advice and providing context for conversations between humans and computers. Autonomous vehicles use AI to navigate the roads, sense and avoid obstacles, and provide a safe, comfortable ride. Finally, AI can be used to recognize images and objects, by analyzing digital images and identifying patterns, colors, and objects."
"List five ways to reduce energy consumption.","Five ways to reduce energy consumption include: unplugging electronic devices when not in use; turning off the lights when leaving a room; switching to LED or CFL lightbulbs; installing motion-detecting light switches; and using natural light through larger windows and skylights. Additionally, replacing old appliances with energy-efficient models and installing weatherstripping to reduce air leaks can also help to reduce energy consumption. Installing insulation and solar panels, upgrading to a smart thermostat, and reducing water waste can all contribute to a more efficient home and reduce energy usage. Finally, educating oneself on energy conservation and changing habits, such as turning off the tap while brushing one's teeth and washing clothes in cold water, can also help reduce energy consumption."
"Name 6 components of an artificial neural network","The components of an artificial neural network include input units, hidden units, output units, weights, biases, and activation functions. The input units are responsible for receiving the inputs from the data. The hidden units process the inputs and generate the outputs, while the output unit generates the output of the neural network. The weights and biases determine the strength of the connections between the units. Finally, the activation functions determine the output of the neural network based on the sum of the weighted inputs from the previous layer."
"Create a listicle using the given data.

Topic: Tips for Financial Planning
List:
1. Set a budget
2. Track your spending
3. Invest in stocks
4. Pay off debts","10 Tips For Financial Planning

1. Set a budget and stick to it. Knowing how much money you have coming in and out each month is the key to creating a sound financial plan.

2. Track your spending. Write down all of your spending so that you can get an accurate idea of where your money is going.

3. Invest in stocks. Investing in stocks is a great way to grow your money over the long term.

4. Pay off debts. Get rid of high-interest rate debt as soon as possible.

5. Make a savings plan. Setting aside a portion of your income every month is key to creating financial stability.

6. Stay on top of credit scores. Monitor your credit score to make sure you're getting the best deals on financial products.

7. Research tax credits and deductions. Knowing about the various tax incentives that are available can help you save money on income taxes.

8. Protect your assets. Invest in insurance for items such as your home, cars, and health.

9. Invest in retirement accounts. Retirement accounts are important for creating long-term financial security.

10. Seek expert advice. Financial advisors can help you make the most of your money and prepare for the future."
"Generate a list of 5 creative ways to use technology in the classroom.","Five creative ways to use technology in the classroom include:
1. Using online collaboration tools such as Google Docs and Slack to facilitate group work and peer-to-peer learning.
2. Creating interactive multimedia lessons using video and audio tools like Prezi and YouTube.
3. Using virtual reality to explore concepts, bringing math, science and history to life.
4. Employing computer-aided design tools to create 3D models and animations.
5. Using augmented reality apps and games to spark students’ interest in various topics."
"Describe the process of creating a website from scratch.","Creating a website from scratch involves a number of steps. First, the website should be designed and planned out. This involves deciding on the purpose of the website, the target audience, the design style, and the structure. Next, the website needs to be built. This includes writing the code, choosing the right hosting platform, and creating the graphics and design elements. Finally, the website should be tested and launched. This includes verifying all of the links, testing the website on different platforms, and marketing the website to the target audience."
"Name 3 countries that border France.","The three countries that border France are Belgium, Luxemborg, and Germany."
"Summarize the given article in 1-2 sentences.

The recent Arctic temperature increase highlights the effects of climate change on the sensitive Arctic environment.","The Arctic region is experiencing unprecedented higher temperatures, which is an indication of the effects of climate change on the sensitive polar environment."
"Provide a summary for the passage given below.

Artificial intelligence (AI) is a broad field that seeks to mimic or augment human capabilities through information processing technology and algorithms. AI has been an area of study since the 1950s, but has gained popular attention in recent years due to vast improvements in processing power. While some fear existential threats such as a Terminator-like hypothetical AI takeover, most of the practical applications of AI are in mundane areas such as image recognition, natural language processing, and task automation. AI is used to improve or automate mundane tasks, quickly identify patterns, and predict future events.","AI is a field of study that aims to replicate or enhance human abilities through technology. Its applications are mostly mundane and revolve around task automation, pattern recognition and prediction of future events. However, there is a fear of possible existential threats due to its increasing capabilities."
"Provide 3 practice questions for multiplication","1. What is 9 x 8? 
2. What is 5 x 10?
3. What is 6 x 7?"
"Create an analogy using the following word

cheetah","He was as fast as a cheetah, darting around the track with graceful yet powerful movements."
"Generate a story about a girl who visits an alien planet.","Once upon a time, there was a young girl named Holly who wanted to explore the universe. She was on a mission to find a new planet to inhabit when she came across an alien planet called Situs. As she got closer, the alien planet seemed to come alive. Holly was filled with excitement and awe as she moved closer to the planet's surface. As she explored the foreign terrain, Holly encountered curious creatures and strange plants that were unlike anything she had ever seen before. She soon found herself in awe of the unknown and came to appreciate the beauty found on the alien planet."
"List five steps for comparing two products.","1. Identify the product features to be compared.
2. Analyze each product's features individually.
3. Compare features side-by-side.
4. Calculate the cost-benefit ratio.
5. Make the final decision."
"Outline the events of the following movie: The Great Gatsby.","1. Jay Gatsby throws lavish parties in hopes of winning the heart of Daisy Buchanan. 
2. Nick Carraway, Daisy’s cousin, looks on as Gatsby and Daisy reunite. 
3. Gatsby and Daisy plan to run away together. 
4. Tom Buchanan discovers their plans and confronts Gatsby. 
5. Daisy decides to stay with Tom, leaving Gatsby heartbroken. 
6. Gatsby is killed by George Wilson. 
7. Daisy realizes the depth of Gatsby’s love for her too late and is consumed with guilt. 
8. Nick reconsiders his opinions of Gatsby and realizes what a great man he was."
"Outline a strategy for increasing website traffic.","1. Increase content creation.
2. Optimize content for search engines.
3. Build a network of back links.
4. Leverage social media platforms.
5. Run email campaigns.
6. Create a promotion plan.
7. Monitor analytics to track performance."
"Make a list of four styles of furniture.","- Contemporary 
- Rustic 
- Modern 
- Scandinavian"
"List four strategies for teaching children to read.","1. Provide age appropriate reading materials.
2. Encourage children to read aloud.
3. Use multimedia resources such as audio or video to stimulate interest.
4. Introduce new words and discuss the meaning."
"Describe the process of osmosis.","Osmosis is the process by which molecules of a solvent, such as water, move through a semi-permeable membrane from an area of high concentration to an area of low concentration. The movement of water molecules is driven by differences in the solute concentration levels on either side of the membrane. As the solute concentration of one side of the membrane becomes greater than the other, the solvent molecules will move from the less concentrated side toward the more concentrated side until equilibrium is reached."
"Describe a tool used for debugging a program.","A debugger is a tool used to help identify errors in a program's code. It allows programmers to step through the code line by line and analyze data structures, variables and memory in order to identify bugs and fix them. Debuggers may also be used to search for coding errors, detect infinite loops and monitor program run times."
"Compare and contrast the two pieces of software, Microsoft Word and Google Docs.","Microsoft Word and Google Docs are both word processing programs used to create documents. Microsoft Word is a traditional software program that comes on the Windows operating system and must be purchased for use. Google Docs is a cloud-based application that is offered as part of the Google Docs suite. Microsoft Word offers more direct control over page formatting and design, while Google Docs offers real-time collaboration and cloud storage. Both programs offer robust features including tables, images, formatting, and more."
"Write a humorous joke.","Q: What did the fish say when he swam into a wall? 

A: Dam!"
"Put together a business plan for a new restaurant.","The new restaurant will be located in a vibrant and high-traffic part of town. It will offer a broad menu of delicious and reasonably priced meals along with an excellent selection of drinks. In addition to the restaurant, there will be a takeout and catering service available. The atmosphere will be warm and inviting and will feature art from local artists. The business plan aims to build a sustainable and profitable business. The budget includes start-up costs and ongoing expenses such as rent, insurance, salaries, marketing, and utilities."
"Devise a strategic plan for a fashion brand to increase its online presence.","The strategic plan for the fashion brand should include setting up an online presence on major social media platforms (e.g., Facebook, Instagram, Twitter) and creating engaging content which could include news on fashion trends and tips, interviews of fashion designers, and visuals of the fashion products in action. By leveraging the advantages of social media, the fashion brand can increase its visibility and reach a larger customer base. Additionally, the fashion brand should consider utilizing search engine optimization tools and tools to monitor the website’s performance to ensure better search engine rankings."
"Write a definition for the word ""meander"".","To meander means to move in a winding or curving manner, usually through a certain area. This word can be used to describe a physical movement but can also be used to describe a figurative or philosophical journey."
"Determine a price point for the item.

Widget","The price point for the widget should be $19.99. This is an affordable and competitive price point, while also giving the company a good margin."
"List five of the main characters in the movie.

Titanic","The main characters in the movie Titanic include Jack Dawson, Rose DeWitt Bukater, Caledon 'Cal' Hockley, Ruth DeWitt Bukater, and Fabrizio De Rossi."
"Compare and contrast the 3 most popular sports in the U.S.","American football, basketball, and baseball are the three most popular sports in the United States. American football emphasizes physicality and strategy, with a large emphasis on blocking, tackling and advancing the ball down the field. Basketball, on the other hand, is more reliant on athleticism and agility, with quick reflexes and accuracy necessary for successful shooting and ball handling. Finally, baseball relies heavily on skill, with the ability to hit, throw and catch a ball being the primary focus of the game. Overall, all three sports require teamwork, dedication and skill."
"Write 3 facts about the Tour de France","- The Tour de France is an annual three-week long road cycling race held in France.
- It is one of the most prestigious and challenging cycling events in the world.
- It usually covers 2,180 to 2,200 miles (3,500 to 3,700 km) over a mix of flat, hilly, and mountainous terrain."
"Describe the 1981 NBA MVP award ceremony","The 1981 NBA MVP award ceremony took place in June of that year. The award was presented to Julius Erving at the banquet, held at the Spectrum in Philadelphia. Erving made a speech, thanking his coaches and teammates for helping him reach his goal. The audience cheered and applauded for Julius, bringing a joyful atmosphere to the event. This memorable ceremony was certainly a great honor for Erving."
"List 5 different fruit","- Apples
- Bananas
- Oranges
- Grapes
- Strawberries"
"Rewrite the following sentence:

""The candidate is a highly motivated individual""","The candidate has an intense desire to succeed and to reach their goals."
"Name 4 different types of art","- Painting
 - Sculpture
 - Photography 
 - Film/Video"
"What is the history of the Tour de France?","The Tour de France is the most prestigious cycling event in the world. Its history began in 1903, when the first event was held over a distance of roughly 2,000 kilometers (1,200 miles) with just 60 competitors. The race has evolved over the years, becoming a staple of the summertime sports calendar. Today, the Tour de France covers over 2,000 miles and includes over 189 of the world's top cyclists competing for the title of winner."
"In 50 words or less, describe the type of atmosphere a modern basketball game","A modern basketball game is filled with excitement and entertainment. The atmosphere of the arena is buzzing with adrenaline as the players electrify the crowd. Cheers and chants fill the stands as the game progresses, with die-hard fans hoping for their team to prevail. All in all, a single basketball game has the potential to ignite the passionate soul of sports fandom."
"What is black box testing and why is it important?","Black box testing is a type of software testing in which the functionality of an application or program is tested without looking into its internal construct or design. This type of testing is important to gauge the accurate performance of a system. It also tests the usability and reliability of the application and is used to identify and rectify any bugs or errors in the code."
"How can we use machine learning to improve sports coaching?","Machine learning can be used to improve sports coaching by analyzing and recognizing patterns in player performance, game strategy, and team dynamics. This technology can be used to develop tailored coaching recommendations for each athlete, as well as create predictive models for the most successful game strategies. Machine learning can also be used to provide the coach with real-time feedback on team and individual performance."
"List 5 benefits of playing sports","- Improved physical health.
 - Increased mental acuity and knowledge.
 - Stress relief and better emotional well-being.
 - Building teamwork, cooperation, and leadership skills.
 - Fostering social skills, such as communication and sportsmanship."
"Describe the impact of the Tour de France on the history of cycling","The Tour de France has had an enormous influence on the history of cycling. By bringing together some of the world's cycling luminaries to compete in an epic race across France, the Tour de France has set the stage for countless more races both big and small to follow in its footsteps. In addition, it has helped to elevate cycling to a mainstream sport and has helped to launch the careers of many of today's cycling stars."
"Shape the following sentence into a question:

The Houston Rockets are an American professional basketball team","Which American professional basketball team is the Houston Rockets?"
"How can analytics be used in sports?","Analytics can be used in sports to better understand team and player performance. Data can be used to identify trends in play, such as which players are most successful in different situations, which strategies work best, and how teams can optimize their performance. Analytics can also be used to monitor player health and well-being, enabling coaches to better manage player fatigue and injury prevention."
"Write a paragraph describing a sporting event","The energy of the crowd was palpable as they filled the stadium. Everyone was on their feet and cheering as the athletes entered the arena. The anticipation in the air was palpable. The game was an intense match between two rivals and it went into overtime. In the end, the athletes from one team emerged victorious, and the stadium erupted with joyous cheers. After the ceremony, fans gathered and celebrated the triumph of their favorite team. It was truly a remarkable sporting event."
"Generate 2 sentence of a conversation that takes place between the manager and the customer.

Noinput","Manager: ""Good morning, how can I help you?""
Customer: ""I'm looking for a new laptop. Do you have any recommendations?"""
"Mention two ways in which a business can use Artificial Intelligence.

Noinput","Businesses can use artificial intelligence to automate data-driven activities such as customer service tasks and core operational activities like supply chain management. AI can also help businesses better leverage customer data and make personalized recommendations, allowing companies to increase revenue and improve customer loyalty."
"Tell a story about a girl who travels to the moon.

Noinput","Once upon a time, there was a girl named Sarah who dreamed of going to the moon. She studied astronomy and spent her evenings looking up into the night sky, wondering how she could make her dream a reality. One day, an opportunity arose, and Sarah was able to embark on a spaceship journey to the moon. When she got there, she was amazed by the bright stars and craters she saw—a sight she was sure she would never forget. She decided to take a piece of the moon back with her as a reminder of her incredible journey."
"Summarize a given poem in max 5 sentences.

The poem ""The Sun Rising"" by John Donne

Noinput","John Donne's poem ""The Sun Rising"" presents an argument to the sun that its light is not needed because the poet and his beloved are content in their love even when the sunrise is not visible. He claims that he and his beloved form the ""world"" and that their love will continue despite the sun's release of its light. The poem ends with words of assurance to the sun that their love will last forever and that their world will remain unchanged even if the sun withdraws its light."
"Give a brief answer to the following question.

What is the difference between a Ponzi scheme and a pyramid scheme?","The main difference between a Ponzi scheme and a pyramid scheme is in the way they operate. Ponzi schemes rely on a single entity or person to fool people out of their money, while pyramid schemes rely on participants recruiting new members to increase their earnings. In a Ponzi scheme, the fraudster will solicit funds from new investors and use the money to pay back earlier investors; in a pyramid scheme, members receive money from new participants recruited below them, resulting in a chain of recruitment."
"Describe how technology has changed the way we work.

Noinput","Technology has drastically changed the way we work, allowing us to be more productive and efficient. The internet, for example, has made research, communication and collaboration easier than ever before. Automation technologies have made it possible to streamline and optimize workflows, resulting in higher quality work and improved customer service. Cloud computing has revolutionized data storage and access, allowing businesses to access their data from anywhere. Finally, AI and machine learning have allowed businesses to make data-driven decisions and predictions much more quickly than ever before."
"Generate a valid opening statement for a speech about the importance of voting.

Noinput","Good morning everyone! Today I'm here to talk to you about the importance of voting. I'm sure you have all heard the phrase ""your vote counts"" - and this is true. Even if it doesn't seem like it, your vote can have a drastic effect on how our election turns out. So, I urge all of you to use your voice and make your vote count!"
"Create a to-do list for a given holiday.

Thanksgiving","- Set a date for Thanksgiving dinner 
- Start shopping for ingredients
- Send out invites
- Plan activities
- Start decorating for the occasion 
- Research recipes 
- Plan menu 
- Buy wine 
- Set up tables and chairs
- Purchase paper plates and cups 
- Make a grocery list 
- Ask family to bring a dish
- Set up bar area
- Create a seating chart 
- Make a timeline of events 
- Make a post-dinner cleanup plan 
- Clean the house
- Prepare food 
- Have fun!"
"Find a sentence that can be used to explain why someone should not use a particular product.

Laser Hair Removal","Although laser hair removal might seem like a quick and easy way to get rid of unwanted body hair, it can cause skin damage and should always be used with caution."
"Generate an opening statement for a speech about the effects of climate change.

Noinput","Good morning everyone! Today I'm here to talk to you about the effects of climate change and how it will impact not only our environment and health, but also our society, our economy and our future. Climate change is an ever-present and growing threat to our planet, and as citizens of the world, it is essential that we take action to reduce our environmental impact."
"Find a sentence that could be used to close a speech about the causes of global warming.

Noinput","We all have a part to play in addressing the causes of global warming, so I urge each and every one of us to take part in the fight against climate change."
"Give an example of how technology is used in education.

Noinput","Technology has transformed education in many ways, such as providing students with better access to learning materials, allowing educators to tailor lessons to the individual needs of each student, and enabling students to collaborate with other students more easily. For example, online course management software can be used to organize course content, provide assignments and grading opportunities, and facilitate communication with students."
"Generate two sentences of a conversation that takes place between two shop owners.

Noinput","Shop Owner 1: ""How has business been going since we reopened?""
Shop Owner 2: ""It's been going better than expected. We've seen a lot of customers coming back and have had a steady stream of new customers as well."""
"Generate a question based on the following input.

Humans are the dominant species on Earth.","What are the reasons behind humans being the dominant species on Earth?"
"Given a person's name, provide their job title

Emmeline Pankhurst","Emmeline Pankhurst is remembered as a leader of the British suffragette movement and an advocate for women's rights."
"Given a set of lyrics, explain the meanings implied by them.

The night is young and we could go wild","The lyrics imply that there is potential for freedom, excitement and adventure in the night ahead. This suggests that the speaker and their companion are young and open to experiencing new possibilities."
"Improve the following sentence by making necessary changes.

John and his wife are best friends.","John and his wife are best friends and enjoy spending time together."
"Compare and contrast the following two items.

Table and Chair","A table and a chair are both pieces of furniture, but they have different functions. A table is typically used for dining or work purposes, while a chair is something people sit in. Tables tend to be much larger than chairs and have flat surfaces, whereas chairs generally have an upright design and are made for one person to sit."
"Provide a cause-and-effect explanation for the following statement.

The pandemic has led to a significant increase in online shopping.","The pandemic caused people to stay at home in order to avoid potential exposure to the virus, thus leading to an increase in online shopping. With more people shopping online, the demand for online purchases went up and businesses responded by offering more online options. As a result, online activity has increased significantly."
"Rewrite the following sentence by replacing all the words with synonyms to make the sentence clearer.

Quite a few people alleged that the criminal had committed a serious offence","Several individuals asserted that the perpetrator had perpetrated a grave transgression."
"Rewrite the following sentence by adding one adjective.

The student was able to understand the difficult concepts.","The student was able to grasp the arduous concepts."
"Analyze the following political statement and determine its accuracy.

Many people agree that the current president has been a successful leader.","The accuracy of the statement depends on one's political views. Some people may agree with it while others may not."
"Take two words and create a completely new word by combining them.","Brainbow - the ability to use knowledge and imagination to create something of great value."
"Write a one-sentence summary of the following news article.

The extraordinary measures taken by the government to control the spread of Covid-19 have significantly decreased the number of daily infections in the past month.","The implementation of strict public health policies has effectively curtailed the prevalence of Covid-19 cases."
"Create a short poem using the word ""moon"".","Softly glows the moon in the night sky,
Its light is twinkling, it never dies;
It is a beacon in the darkness,
Providing us with an endless light."
"Suggest a title for the following blog post.

This blog post discusses how technology has changed the way people communicate over the last decade.","""The Impact of Technology on Communication in the Last Decade"""
"Rewrite this sentence by removing the cliche.

She was full of energy, as if she had drunk a liter of coffee.","She was brimming with enthusiasm, as if she had received a boost of energy."
"Price the following item.

A limited edition, handmade wooden toy truck","The limited edition, handmade wooden toy truck is priced at $150."
"List five advantages of using solar energy.","1. Solar energy is renewable and sustainable. 
2. Low ongoing costs and no fuel expenses. 
3. Generates no pollution or noise. 
4. Easily scalable for different types of applications. 
5. Solar energy is widely available in most regions."
"Generate an example of a travel destination in your favorite country.","My favorite travel destination in Australia is Fraser Island, located on the eastern coast."
"State the conclusion based on the passage.

The Institute for Economic Footings has predicted that the global economy will start to recover in the second half of 2021.","The conclusion based on the passage is that the global economy is expected to begin to improve during the second half of 2021."
"Create an example of a web page.","My web page contains a header at the top of the page displaying my name, links to my social media profiles, and a welcome message. Below that there is a container containing links to the different sections of the page such as my blog, portfolio, and contact page. There is also a footer section where I display my copyright information."
"Suppose that an employer asks for three years of working experience for an advertised job. Explain why the requirement is reasonable.","The requirement for three years of working experience is reasonable because it allows employers to assess the applicant's problem-solving skills, communication skills, and ability to work independently. This can help them to determine if the applicant has the experience and knowledge necessary to excel in their job."
"Explain the meaning of the phrase ""actions speak louder than words"".","The phrase ""actions speak louder than words"" means that words without corresponding action are not as meaningful or effective. It suggests that it is better to demonstrate what you believe with your behavior, rather than just talking about it."
"Brainstorm some ideas for a fictional novel.","Ideas for a fictional novel include: a high school student discovers they have special abilities, a government conspiracy threatens the life of an unsuspecting village, a family is forced to confront their traumas of the past, a group of strangers find themselves stuck in a mysterious town, a tech genius is tasked with stopping a dangerous AI weapon, a young woman embarks on a quest to save her kingdom, a group of misfits use advanced technology to save the world."
"Describe the benefits of exercise.","Exercise can offer a variety of benefits. It can help improve mental health, such as reducing stress and anxiety, as well as improving mood and sleep quality. It can also help with physical health, such as aiding with weight loss, building muscle, and increasing energy levels. Exercise has also been found to improve heart health, prevent certain types of illnesses, and can even reduce the risk of certain cancers."
"Submit a description of a important event in your life.","An important event in my life was when I graduated from university. After four years of hard work, I was filled with pride and a sense of accomplishment as I stepped onto the stage to receive my degree. It was the result of dedication and perseverance, and it showed me that nothing is impossible if you put your mind to it."
"Create a list of three tips for public speaking.","Three tips for public speaking include: 1) Prepare ahead of time by rehearsing your speech and familiarizing yourself with the topic; 2) Speak clearly, using pauses to emphasize important points; and 3) Practice making eye contact with the audience to better engage them."
"Design a suitable query for the following question

What are the five most important elements in a website homepage?","SELECT TOP 5 Elements FROM Homepages ORDER BY importance DESC;"
"Generate a correct formula to calculate surface area of a triangle","Surface Area = (b·h)/2 
where b = base and h = height of the triangle"
"Compose a story based on the following facts

Facts: 
- There is a family who have lived in the countryside for generations.
- They are so far isolated that they had no clue about the world outside of their small village.
- One day a traveler visited them and introduced them to technologies, books and new ideas.","In the small and isolated village, there lived a family. This family had lived in the countryside for generations and they had no knowledge of the world outside their boundaries. But one day, a traveler arrived with a few books and gadgets. He introduced them to technologies far superior than anything they had ever witnessed before. He opened their eyes to layers of knowledge from books and ideas that made them question their world. It was this visitor who introduced them to the world outside and showed them the power of progress."
"Compose a tweet about successful teamwork","Teamwork is key! Working together in harmony can lead to miraculous accomplishments. #success #teamwork #harmony"
"Generate a metaphor that describes the situation.

A hardworking student trying to finish an assignment on time.","The student is like a marathon runner pushing towards the finish line."
"Construct a concise summary of the following article.

The article is about the recent findings on the impacts of climate change, including rising temperatures and elevated sea levels, and risk associated with it.","Recent studies have revealed that climate change is advancing, with increased global temperatures and sea levels, resulting in more extreme weather and increased risks associated with natural disasters."
"Provide an example of the use of the word ""tentative"".","He made a tentative plan to move to a new city next month."
"Create a table that illustrates the results of a survey.

The survey asked people to rate a new website on a scale of 1-5, with 1 being poor and 5 being excellent.","| Rating | Percentage |
| ------ | ---------- |
| 1      | 10%        |
| 2      | 20%        |
| 3      | 30%        |
| 4      | 25%        |
| 5      | 15%        |"
"Write a soliloquy for a character in the following scene

The scene is set in a medieval castle, where a knight is preparing for battle.","Oh mighty sword, thou of renowned strength, grant me the courage and will to battle with valor. Let me face tomorrow's fight fearlessly, and with grace may I accept whatever outcome comes."
"Construct a list containing at least ten items.

Items you need to pack for a camping trip.","1. Tent
2. Sleeping bag
3. Flashlight
4. Camping stove
5. Cutlery and utensils
6. Water container
7. Matches or lighter
8. Compass
9. First aid kit
10. Food and snacks
11. Extra clothes
12. Personal care items."
"Generate a new ending to the story.

Once upon a time, there was a young prince who wanted to explore the world. He embarked on a journey full of adventure and discovery.","After many months of exploring strange lands, seeing wondrous sights, and meeting unusual people, the prince finally returned home. He was enriched by the experiences he had, and while he did not find what he was looking for, he found something much more valuable: a deeper appreciation for the beauty of the world and the value of companionship."
"Write a story about a doctor and his patient","Dr. Wilkins had been a doctor for many years. He had seen many patients come and go, but he had a special fondness for one particular patient. This patient had come to him seeking help with a troubling medical problem. The doctor had been able to provide relief and, over the years, the two had developed a close bond. As the patient recovered, their relationship evolved from doctor-patient to something more. They started to meet up after the patient's appointments and went out for coffee or a stroll in the park. The patient was grateful for the doctor’s help, both physical and emotional, and the doctor was moved by his patient’s hard work and determination. In the end, their friendship had grown into something greater and at last, the doctor and his patient were in love."
"Describe a type of bird","Kookaburra is a medium-sized bird found in Australia. It is often called the ""laughing bird"" because of its distinctive call which sounds like loud, echoing laughter. Its colorful feathers include bright blue and chestnut on the wings and back, white on the breast and neck, and a decorated tail. It feeds on a variety of insects and small reptiles, as well as fruits and nuts."
"Write a math equation to find the geometric mean between two numbers

10 and 15","The geometric mean of 10 and 15 is \(\sqrt{10\times 15}=12.25\)."
"Make a list of the eight planets in our solar system","The eight planets in our solar system are Mercury, Venus, Earth, Mars, Jupiter, Saturn, Uranus, and Neptune."
"Generate an analysis of the book To Kill a Mockingbird","To Kill a Mockingbird is a beloved classic which shines a spotlight on the injustices present in the Jim Crow South. Through narration by its young protagonist Scout, the reader is exposed to the racism and prejudice deeply rooted in the community. Scout's father Atticus Finch serves as the moral center of the novel, embodying the values of courage and justice. The themes of loss of innocence and standing up against racism are reflective of the tumultuous timeframe during which the novel is set. To Kill a Mockingbird is a timeless classic that continues to impact readers to this day."
"Explain the term ""impeachment""","Impeachment is the process of bringing formal charges against a public official in order to remove that person from office. It is performed by an organization, such as a legislature, in order to investigate allegations of misconduct, and can result in removal of the official from office if sufficient evidence is found."
"Compose a poem about loneliness.","I am alone in the night,
The silence a heavy burden to bear.
The stars so bright,
But none to share.

The memories still linger,
Of those who've gone away.
The heart feels a certain sting,
To face the darkness of the day.

But in the silence there's something sweet,
An opportunity to reconnect with me.
It's in this moment I find my peace,
Where I find strength and see what must be.

I may not have others by my side,
But I will never be left wanting.
For being alone is a beautiful thing,
And precious moments that life is granting.

So embrace the loneliness,
Allow it to be your guide.
And slowly you will find solace,
In the depths that it can provide."
"Create a new Twitter profile for a medical doctor.","This is the Twitter profile for Dr. Susan Jones, M.D., a medical doctor dedicated to providing premium healthcare services to her patients. At her state-of-the-art facility, Dr. Jones offers personalized treatment, preventative care, and assessments to ensure the highest level of care. She also provides educational content to help her patients stay informed and safe. Follow her page to stay up to date with the latest medical news and to learn more about healthcare and wellness. #DoctorJones #MedicalDoctor #Healthcare #Wellness #HealthyLiving #HealthyLifestyle #MedicalAdvice #HealthTips  #HealthEducation #HealthyHabits #MedicalUpdates #Medicine #WellnessTips #PatientSafety #PreventativeCare #Diagnosis #HealthAwareness #Prevention #MedicalTreatment #PrimaryCare #PrimaryCarePhysician #Medicine #MedicineUpdates #WellnessJourney #PersonalizedTreatment #PremiumHealthcare  #HealthSeniorCare #HealthSeniorAdvice #AdvanceCarePlanning #DoctorAdvice #DoctorResources #PatientPrivacy #MedicalEthics"
"Suggest an effective marketing strategy for a TV show.","One effective marketing strategy for a TV show is to create a teaser trailer to be released ahead of the show's premiere on television and other digital platforms. The teaser trailer should be short, dynamic, and compelling in order to trigger curiosity and interest in viewers. It should also contain a compelling tag line or ""hook"" that summarizes the show's premise. Additionally, creating a hashtag associated to the TV show and asking viewers to join the conversation on social media will help increase engagement and exposure of the show. Additionally, creating influencer campaigns, running sponsored promotions and contests on social media, and creating original digital content associated to the show will also help increase engagement and create a larger fan base."
"Categorize the following items into vegetables and fruits.

Orange, Carrots, Onion, Bananas","Vegetables: Carrots, Onion
Fruits: Orange, Bananas"
"Explain the purpose of a satellite in two sentences.","A satellite is a man-made object that orbits the Earth and is used to receive and transmit signals, images, and data. It is also used for communication, navigation, and surveillance purposes."
"Invent a new game involving strategy.","The game involves two players taking turns playing on a 6x6 board. Each player has two pieces, one of which is the King and the other is the General. The goal is to get your King to the other side of the board, while protecting the General and keeping it from being taken by the other player. The pieces have different abilities, the King can move in any direction, while the General can only move one space in any direction. The game is won when a player's King reaches their opponent's side of the board. The strategy of the game involves planning ahead and making smart moves to ensure your pieces don't get captured by your opponent. The player who captures the opponent's King first, wins."
"Calculate the total cost of the following items.

3 laptop - $1100 each, 2 monitors - $200 each","The total cost of the laptops and monitors is $3900."
"Discuss the most important effects social media has on society.","Social media has had a major impact on society, both positively and negatively. On the positive side, it has enabled people to easily connect and share information with others. It has also been an invaluable tool in sharing news and perspectives across the globe. On the negative side, it has been linked to a decrease in attention spans, as well as an increase in mental health issues as it leads to higher levels of comparison, loneliness, and cyberbullying. Additionally, it has been used to spread misinformation and alternative facts, leading to a greater level of mistrust and discord."
"Create a chart displaying the following data.

Duration of sleep in hours:
Person A: 6
Person B: 7
Person C: 8","Person | Duration of Sleep (in hours)
------|--------------------------
A     | 6 
B     | 7 
C     | 8"
"Describe the difference between plagiarism and copyright infringement.","Plagiarism is the passing off of someone else's work as one's own without crediting the original author or creator, while copyright infringement is using or reproducing someone else's work without approval or permission from the copyright owner. Plagiarism is considered an ethical and academic violation and can lead to serious consequences, while copyright infringement is a violation of law and can lead to fines and other legal action."
"Tell me an alternative joke that is similar in spirit to the following.

Q: What do you call an alligator in a vest?
A: An investigator.","Q: What do you call a bear with no teeth?
A: A gummy bear."
"Hypothesize why Australia has over 140 snake species.","One of the main reasons why Australia has over 140 snake species is its large geographic area and wide range of climates. Australia is a large island continent with a huge variety of habitats. This climate diversity provides a rich and diverse ecosystem, allowing snakes to live in many different climates and make the most of the diverse food sources available. Additionally, many of Australia’s species of snakes have evolved over time to adapt to different climates and occupy new habitats. This has allowed them to become well adapted to living in Australia and to survive in ever-changing environments."
"Cut the following sentence into two, keeping the meaning intact.

He came out of the house and suddenly remembered he had forgotten to bring his wallet.","He came out of the house and suddenly remembered. He had forgotten to bring his wallet."
"Generate a list of items related to the topic given.

Scuba diving","Items related to scuba diving:
- Wet Suit 
- Fins 
- Snorkel 
- BCD (Buoyancy Control Device) 
- Mask 
- Regulator 
- Dive Computer 
- Dive Knife or Cutting Tool 
- Weight Belt or Jacket 
- Under Water Flashlight 
- Cylinder and Air Tank 
- Torch 
- Dive Log Book 
- Compass"
"Structures the following instructions into a step by step guide.

Initiate a conversation with someone on LinkedIn for job related advice.","Step by Step Guide for initiating a conversation with someone on LinkedIn for job related advice:

Step 1: Identify who you want to reach out to - Think about the career advice you need, and search for LinkedIn profiles of people who could provide that advice.

Step 2: Take a look at their profile - Read through the person’s profile to get to know them better – their background, credentials, the topics they’re interested in, and the types of conversations they’ve had in the past.

Step 3: Create an engaging message - Craft an engaging message that conveys your interest, explains why you’re reaching out and makes a request or asks a question.

Step 4: Send the message – Send the message and wait for a response.

Step 5: Follow up as needed – If you don’t get a response right away, follow up with a polite reminder and most times, you’ll get a response."
"Explain why the following statement is true.

A successful sales pitch should engage the potential buyer.","A successful sales pitch should engage the potential buyer because engaging them helps build trust and rapport. When potential buyers are engaged, they are more likely to listen to the salesperson and understand the value and benefits offered by the product or service. An engaging sales pitch is also more likely to help the potential buyer come to a conclusion, as they are more likely to be actively participating in the conversation. Engaging potential buyers also helps salespeople gain insights on their potential customers and how to best tailor their pitch to their needs."
"Create a story about a parrot.","Once upon a time, there was a magical parrot living in the jungles of South America. His feathers were an array of colors, including bright yellow, fiery red, and deep blue. He was said to have been sent down from the heavens to serve as a guide to the people of the jungle. 

The parrot had a knack for languages and could speak human words with perfect clarity, becoming the go-to translator for the people of the jungle. He was also very intelligent, able to solve puzzles and understand complex concepts. 

One day, the parrot was sent on a mission to deliver a message from the gods to a particular tribe in the jungle. As he flew through the air, he noticed something curious. Below him, the tribal people were gathering around a mysterious object. As he flew closer, he saw that the object was a magical crystal ball.

He descended and entered the circle of tribal people, hoping to catch a glimpse of the magical crystal ball. As he gazed upon it, a bright light shone from the crystal and he suddenly heard the voice of the gods. The gods had chosen him as their messenger. From then on, the parrot spread their wise words and blessed the people of the jungle.

And that is the story of the magical parrot of the South American jungle."
"Generate a narrative for describing the following event.

A balloon ceremony","It was an emotional event as hundreds of people gathered to take part in a special balloon ceremony. It was a time to honor and recognize those who have gone before us and a time to celebrate the lives of those who are still here.

The sky was filled with brilliant colors as the air was filled with the sounds of laughter, tears, and joy. One-by-one, the crowd released balloons into the air bearing special messages to their loved ones.

The balloons carried the message of love and hope to the heavens above. People of all ages, from all walks of life, looked up to the sky with wonder and amazement. As the balloons disappeared in the distance, everyone there knew that a part of them were being carried away and will remain in the hearts and minds of their loved ones forever.

It was a beautiful reminder of the power of love and the ways in which it can help us connect with those are no longer with us. As the ceremony ended, everyone felt a renewed sense of hope and peace."
"Write a tweet about the following topic.

Motivation","Let's all tap into our inner motivation & power this week! #MotivationMonday  #MondayMotivation #BeMotivated"
"Describe the benefits of having a mentor.","Having a mentor can provide tremendous benefits, including guidance, advice, support and connection to a network of contacts. Mentors can offer valuable feedback, help to create goals and strategies, and provide the accountability necessary to carry out the desired goals. They can also provide a fresh perspective which can help to create new ideas and solutions."
"List the steps to write a 10-page essay.","The steps to writing a 10-page essay involve:
1. Gathering and researching information
2. Planning a logical structure for the essay
3. Writing an outline of the essay
4. Writing the introduction and body paragraphs
5. Crafting a compelling conclusion
6. Rewriting and refining the essay
7. Editing and proofreading the essay."
"Identify a tool that can be used to calculate risk.","One tool that can be used to calculate risk is a decision tree diagram. A decision tree diagram is a graphical representation of the potential risks associated with a decision. It helps visualize the different paths available and their potential outcomes, making it easier to identify and manage the risks associated with a decision."
"Suggest a method to optimize a website’s performance.","One method to optimize a website's performance is to minimize the number of HTTP requests by reducing the size of files and combining multiple files into one. Other methods include caching, minifying HTML, CSS, and JavaScript code, optimizing images, compressing files, and using a content delivery network."
"Present an argument for why writing a cover letter is important.","Writing a cover letter is an important step in the job application process as it gives employers a chance to learn more about the applicant. It can be used to demonstrate knowledge of the role, the company, and the industry, while also showcasing relevant skills and experiences. A good cover letter also provides a professional first impression, which can give an applicant a competitive edge over other job seekers."
"Propose a strategy to build an effective landing page.","A strategy to build an effective landing page is to design a page that is easy to scan, visually appealing, and speaks directly to the target audience. The page should have a clear headline that informs users of the page’s purpose. It should also contain helpful, relevant information and a compelling call to action. Additionally, it should leverage A/B testing to test different versions of the page to assess its effectiveness."
"Explain the differences between a variable and a constant.","A variable is a data value that can be changed, while a constant is an unchanging value. Variables can be numbers, strings, booleans, arrays, or objects, while constants must always remain the same. Variables are typically used in programming to hold values that can change, while constants are used to define values that will always remain the same, such as mathematical equations or limits in a program."
"Describe the role of a project manager","The role of a project manager is to lead a team of people in order to meet a project’s objectives. They are responsible for planning, organizing, directing and controlling the activities of the project. This includes setting goals, developing a detailed plan of action, coordinating resources and overseeing progress towards completion. The goal of a project manager is to ensure the project is completed on time, on budget, and according to the standards set."
"Come up with a use case for an AI-driven chatbot","An AI-driven chatbot can be used to provide 24/7 customer service for a business. It can answer basic customer inquiries quickly and accurately, freeing up customer service representatives to handle more complex issues. It can also be used to gather data and provide personalized recommendations, improving the customer's experience."
"Outline the key differences between the Linux and Windows operating systems.","The key differences between the Linux and Windows operating systems are as follows:
1. Linux is open-source, while Windows is proprietary.
2. Windows is easier to use and has a graphical user interface, while Linux requires more technical knowledge and has a command-line interface.
3. Linux is more secure due to its design and open-source nature, while Windows is susceptible to malware and viruses.
4. Linux is more customizable than Windows, allowing users to modify and tweak the operating system to their specific needs.
5. Windows is more compatible with certain hardware and software, while Linux may require more manual configuration and tweaking."
"Construct a persuasive argument for why a business should invest in SEO.","A business should invest in SEO because it is essential for driving organic traffic to the website and improving visibility in search engine results. SEO helps to ensure the website appears in relevant search queries, and therefore, can help businesses reach a larger audience. Investing in SEO also increases website engagement and can help to build trust with potential customers as it shows a commitment to quality. Finally, SEO can result in a significant return on investment in terms of increased traffic and leads, as well as increased sales."
"Give an example of a miscommunication between two people.","An example of a miscommunication between two people is when one person suggests doing something and the other person misunderstands and thinks they are being asked to do something else. For example, if someone suggests going out to eat and the other person believes they are being asked to cook dinner."
"Summarize the ethical implications of using facial recognition technology.","The ethical implications of using facial recognition technology include issues of privacy, accuracy, and potential misuse. Facial recognition technology can infringe on privacy rights by collecting personal biometric data and potentially being used to surveil citizens. It can also be inaccurate, leading to false positives and misunderstandings in its identification of individuals. Additionally, there are concerns that it could be used for purposes other than for security, such as for tracking or profiling people, leading to potential misuse and discrimination."
"Based on the following passage, determine the author’s attitude towards the idea that speed is the most important factor in production

The focus on speed in production today is often misguided. Technical proficiency and craftsmanship can take a backseat to the urgency to finish a project quickly. This can be detrimental to the quality of the product, as the diligent worker is not going to be given the time to fix any mistakes that might arise from haste.","The author holds a negative attitude towards the idea that speed is the most important factor in production. They argue that the focus on speed often comes at the expense of technical proficiency and craftsmanship, resulting in lower-quality products. Additionally, the author implies that speeding up production can be detrimental, as the worker does not have sufficient time to fix any mistakes. This indicates that the author believes speed should not be prioritized over quality and craftsmanship."
"Construct a vocab list for an AI-powered chatbot.","A vocab list for an AI-powered chatbot might include the following words: greetings (hello, hi, hey, etc.), questions (what, when, why, how, etc.), affirmations (yes, no, absolutely, sure, etc.), commands (open, close, stop, start, etc.), requests (can you please, can I, help me, etc.), and emojis. Vocab lists help the chatbot understand the user's intent and provide more accurate and natural responses."
"Given a list of six grocery items, select the two most expensive items

eggs, flour, milk, bananas, cherries, coffee","Coffee and cherries are the two most expensive items in the list."
"Describe the differences between machine and deep learning","While both machine learning and deep learning are subfields of artificial intelligence, there are differences between the two. Machine learning algorithms rely on a series of manually crafted features and labeled data to train models. Deep learning models, on the other hand, are able to learn complex relationships between data points without the need for manual feature engineering. Deep learning is also capable of multi-layered learning, meaning it can learn multiple abstractions and relationships in the data, while machine learning is often limited to a single layer. Additionally, deep learning models have recently achieved impressive results on many tasks such as object recognition and natural language processing."
"Generate a sentence that uses the word ‘zephyr’","The zephyr wound its way through the fields, bringing a cool breeze with it."
"Based on the following philosophy passage, determine the author’s primary argument

If we are to believe in our most fundamental capacities for understanding the world, we must first pause to look inward and discover our own subjective values and beliefs. Only by recognizing our own subjective universe can we hope to progress forward to a more objective understanding.","The author's primary argument is that in order to gain a more objective understanding of the world, we must first look inward to recognize our own subjective values and beliefs. They argue that only by understanding our own cognitive biases and tendencies can we hope to gain a true and unbiased understanding of the world."
"Given a list of four CEOs, choose the one who had the most successful tenure

Mark Zuckerberg, Bill Gates, Elon Musk, Jeff Bezos","Jeff Bezos had the most successful tenure as a CEO, as he has increased Amazon's market value from $2.5 billion in 1997 to $1.6 trillion in 20"
"Explain the physics concept of projectile motion.","Projectile motion is a type of motion in which an object is thrown at an angle and moves in a curved path under the influence of gravity. It is a special type of two-dimensional motion in which the object experiences constant acceleration due to the force of gravity. The path of the projectile is parabolic in nature, with the object forming the highest point of its trajectory called the apex. The parabolic path is known as a trajectory, and the maximum height reached by the projectile is called the maximum height. As the object falls, its speed decreases and it eventually lands on the ground."
"Prepare a statement of cash flows for the given business.

Net income: $ 7,500
Cash flow from operations: $1,200
Cash flow from investing: $2,100
Cash flow from financing: $3,200","Cash flow statement:
Net increase in cash: $7,500
Cash flow from operations: $1,200
Cash flow from investing: $2,100
Cash flow from financing: $3,200
Net cash flow: $6,500"
"Summarize the given paragraph in two sentences.

David was born in 1980. He grew up in a small town in Canada and was an enthusiastic student. He pursued a degree in engineering in a local college and was a star student.","David was born in a small Canadian town in 1980 and was an outstanding student in college, where he pursued a degree in engineering. He was an enthusiastic learner and a shining star in his college."
"List the most recent five books that Mark Twain wrote.","The most recent five books written by Mark Twain are: 
1. Letters From the Earth (1909) 
2. What Is Man? And Other Philosophical Writings (1917)
3. The Mysterious Stranger and Other Stories (1916) 
4. Mark Twain's Autobiography (1924) 
5. Mark Twain's Notebooks & Journals (Vol. 1, 1935)"
"Write an algorithm to find the minimum element in an array.","Step 1: Declare an array A.
Step 2: Initialize min to A[0].
Step 3: Loop through the array A starting from index 1.
Step 4: Compare the element A[i] with min.
Step 5: If A[i] is less than min, set min equal to A[i].
Step 6: Return min."
"Identify the taxonomic classification for humans.","Humans belong to the kingdom Animalia, phylum Chordata, class Mammalia, order Primates, family Hominidae, and genus Homo."
"Translate the phrase ""I love you"" into Spanish.","The phrase ""I love you"" translated into Spanish is ""Te quiero""."
"Write a summary of the book ""The Catcher in the Rye"".","The Catcher in the Rye is a novel by J. D. Salinger, published in 1951. It tells the story of Holden Caulfield, a teenage boy who is struggling to find his place in an adult world. The novel follows Holden as he tries to make sense of the world around him, including his relationships with family and friends, and his interactions with society. Ultimately, Holden realizes the importance of growing up and accepting responsibility. He learns the hard way that rejection and defeat form a part of life, but by the novel's end, he is able to face life with a renewed attitude."
"Create a 5-item shopping list for a healthy breakfast.","Shopping list for a healthy breakfast: 
1. Whole wheat bread
2. Eggs
3. Fruit of your choice
4. Natural peanut butter
5. Greek yogurt"
"What is the formula for calculating the area of a triangle?","The formula for calculating the area of a triangle is A = 1/2 * base * height."
"Read the article and identify the central idea.

Here is the article. 

India is a country of varied cultures, languages, and religions. Each of these elements co-exist peacefully here, giving India its unique and rich identity. People from different backgrounds live in harmony and form strong bonds of friendship which are the foundation of our great nation.","The central idea of the article is that India is a country of diverse components, including cultures, languages and religions, which peacefully exist together and form strong bonds of friendship."
"Suggest 4 entertaining activities one can do with friends on a weekend.","Here are 4 entertaining activities one can do with friends on a weekend: 
1. Have a game night 
2. Go to a movie
3. Go bowling
4. Have a picnic"
"Generate a list of 10 adjectives that describe the color blue.","The list of adjectives for the color blue is:
1. Azure
2. Oceanic
3. Turquoise
4. Steely
5. Electric
6. Royal
7. Cobalt
8. Cerulean
9. Sapphire
10. Lapis"
"Explain the significance of the Battle of Gettysburg.","The Battle of Gettysburg was an important battle during the American Civil War, fought between the Union and the Confederate armies in Gettysburg, Pennsylvania on July 1–3, 1863. It was a pivotal battle which resulted in heavy losses; the Union lost an estimated 23,000 men, while the Confederate was estimated to be 28,000 men. The victory ensured that the Union forces maintained control of the North, while the Confederate forces were forced to retreat. In addition, it marked the end of General Robert E. Lee’s invasion of the North, thus ending the Confederates' hopes of winning the war. 
The Battle of Gettysburg was considered to be a major turning point in the Civil War, and is often referred to as one of the bloodiest battles in American history."
"Delete the 2nd, 4th, and 5th element of the following array: [1, 2, 3, 4, 5, 6, 7].","The array after deleting the specified elements is: [1, 3, 6, 7]."
"Name two advantages of using a distributed database.","Using a distributed database has many advantages, such as increased speed and flexibility, improved scalability and availability, and improved fault tolerance. 

Firstly, distributed databases allow users to access data faster. This is because data is broken up into smaller chunks and stored across multiple servers, allowing faster access and retrieval. This increases overall performance and user satisfaction.

Secondly, distributed databases provide improved scalability and availability. As data is divided across several servers, it can easily be scaled up as the amount of data increases without having to start from scratch. Additionally, if one server goes down, other servers will continue to operate so that data is still available. This improves system reliability and data safety. 

Finally, distributed databases have improved fault tolerance. This is because the data is mirrored across multiple servers which reduces the risk of data getting lost or corrupted due to the failure of a single server. With this system in place, even if one server fails, the data will still be safe and accessible."
"Describe a situation where a chatbot would be more useful than a human assistant.","A chatbot would be more useful than a human assistant in situations that require quick responses or large-scale customer support, such as customer queries, sales inquiries, or financial transactions. Chatbots can provide immediate, accurate, and personalized responses, helping to automate customer service tasks, allowing users to get the information they need quickly and conveniently. 

For example, a chatbot could be used in a customer service setting to ask the customer their query, collect all the necessary data from the customer, and then provide the customer with a solution or direct them to the proper channels for further support. This saves time for both the customer and the human customer service representative, as the chatbot can provide a quicker, more effective response to the customer query. 
 
In addition, chatbots can also be used for large-scale customer support and marketing. For example, a chatbot can be used to send targeted promotions or personalized messages to customers, helping businesses to reach their customers quickly and easily, without having to use a large customer service staff. This can help businesses to perfect their customer outreach strategies and enhance customer service."
"Create a dialogue between two colleagues discussing a project they are working on.","Colleague 1: Hey, how's the project going?

Colleague 2: Hey there! It's going well. I've finished the first two drafts and I'm now doing some small tweaks. What about you?

Colleague 1: I'm almost done too. Just have to make sure all the contents are organized. Should be done in a few days.

Colleague 2: Alright, that sounds great! I'll check my work with you when you're done and make any final changes.

Colleague 1: Sounds like a plan. We should get this project finished in no time."
"Name five countries with the most number of UNESCO World Heritage sites.","1. Italy (54 sites) 2. China (52 sites) 3. Spain (48 sites) 4. France (45 sites) 5. Germany (43 sites)"
"Create a recipe for a Creamy Tomato Soup.","Ingredients: 1 onion, diced; 2 cloves garlic, minced; 2 tablespoons olive oil; 28 ounces canned crushed tomatoes; 2 cups vegetable or chicken stock; 1 teaspoon dried oregano; 1 teaspoon dried basil; 1/2 teaspoon sugar; 1/2 teaspoon salt; 1/4 teaspoon ground black pepper; 1/2 cup heavy cream. 

Instructions: 
1. Heat the olive oil in a large pot over medium heat. Add the onion and garlic and cook until soft, about 3 minutes. 
2. Add the crushed tomatoes, stock, oregano, basil, sugar, salt, and pepper. Bring to a simmer and cook for 15 minutes. 
3. Remove from heat and stir in the cream. 
4. Puree with an immersion blender or in two batches in a blender until smooth. 
5. Return to pot and bring to a simmer if necessary. Serve hot."
"Describe the economic system of the United States.","The United States operates under a mixed economy, which is a system that combines free-market capitalism with governmental, economic regulations. This system allows businesses to compete in a free, competitive market while protecting consumers and providing employment and safety regulations. Additionally, the government provides social services, including education, health care and infrastructure. In this way, it seeks to balance the needs of both the market and society."
"Build a bridge between two islands.","The bridge should be designed with the correct engineering and materials. Considerations should include the size and weight of the bridge, the location of the two islands, environmental factors, and the types of materials best suited for construction in the given location. For example, a floating bridge is best suited for watery areas, while a steel bridge is recommended for areas with higher traffic. Careful planning, engineering, and construction will help ensure the bridge is secure, safe, and durable."
"Create a table of ten of the world's wealthiest people.","Name                          | Net Worth (USD)
------------------------------|-----------------
Jeff Bezos                    | 179.3 billion
Bill Gates                   | 128.3 billion
Bernard Arnault              | 113.7 billion 
Warren Buffett                | 107.5 billion
Mark Zuckerberg               | 84.8 billion
Amancio Ortega               | 83.7 billion
Larry Ellison                | 72.7 billion
Larry Page                   | 57 billion
Steve Ballmer                | 50.5 billion
Mukesh Ambani                | 50.5 billion"
"Tell me about the seasons in the temperate forest biome.","The temperate forest biome experiences four distinct seasons--spring, summer, autumn, and winter. During the spring, the weather is typically warm, rainy, and mild. The summer brings hot temperatures and plenty of sunshine. The fall brings cooler temperatures and increased precipitation. Lastly, the winter is typically cold and rainy. 

The vegetation in these forests is also largely influenced by the change in seasons. Many plants and animals will flourish in the spring, while some may go dormant in the summer or winter."
"Predict the weather in Los Angeles tomorrow.","Tomorrow in Los Angeles is expected to be mostly sunny with a high of 80 degrees and a low of 65 degrees."
"Create a plan for a budget-friendly Thanksgiving meal.","For a budget-friendly Thanksgiving meal, plan to serve the traditional holiday favorites in an economical way. Begin with stuffing, mashed potatoes, and gravy, then include simple dishes like green beans, corn, cranberry sauce, and rolls. For a tasty dessert, consider a homemade pumpkin or pecan pie. When possible, try to buy seasonal ingredients, and be sure to plan ahead to minimize food waste."
"Create a list of five influential people in the given field, along with a brief description of each person.

Art","1. Leonardo da Vinci – An Italian Renaissance polymath, known for his masterful artworks.
2. Michelangelo – A sculptor and painter known for creating magnificent frescoes and statues.
3. Rembrandt – A Dutch painter, draughtsman and printmaker and one of the most important figures in art history.
4. Pablo Picasso – A renowned Spanish painter, sculptor and ceramicist, who revolutionized art in the 20th century.
5. Vincent van Gogh – A Post-Impressionist painter, whose fame reached its peak after his death."
"Identify what type of machine learning technique would be applicable for the given task description.

Given a large dataset of images, create a model that can accurately classify the images.","The applicable machine learning technique for this task would be a Convolutional Neural Network (CNN). CNNs are typically used for image classification tasks and are able to detect patterns in visual data."
"Suggest how to improve the execution of a program given the demo results.

The program is supposed to generate images from sketch inputs, but the published results are low-resolution and have some blurred lines when compared to the original sketch.","The program can be improved by increasing the resolution of the generated images. This can be achieved by adding more layers in the deep learning model and increasing the size of the input image. Additionally, the parameters of the deep learning model, such as learning rate and optimizer – can be fine-tuned to get better results."
"Generate a paragraph based on the given information.

In the year 2025, the United Nations is working hard to reduce its carbon emissions by 50%.","The United Nations is taking its climate initiatives seriously in the year 2025 and is working hard to reduce its carbon emissions. To achieve this goal, the organization is taking various steps such as encouraging the adoption of renewable sources of energy, introducing energy-saving measures in buildings and factories, and promoting sustainable agricultural practices across the globe. Furthermore, the UN is making use of the latest technological innovations such as electric vehicles, efficient air conditioning systems, and effective waste management systems to reduce its greenhouse gas emissions by 50%."
"Analyze the given sentence and identify its grammatical errors, if any.

These type of problems are difficult to solve.","The sentence has a grammatical error, as ‘these’ should be followed by a singular noun or pronoun. The correct sentence would be: This type of problem is difficult to solve."
"Identify the concept behind the given statement.

It's better to give than receive.","The concept behind the statement is generosity and altruism."
"Suggest an example that best represents the given concept.

Generosity","An example of generosity would be someone who volunteers their time to help out at a charity."
"Edit the sentence to make formal.

It looks altogether like the situation will be getting worse.","It appears that the situation will likely be deteriorating further."
"Generate a pseudocode for sorting an array.","a. Set a pointer low to the first element in the array
b. Set a pointer high to the last element in the array
c. While the low pointer is less than the high pointer 
d. If the element at the low pointer is higher than the element at the high pointer 
  i. Swap the elements
  ii. Increment the low pointer by 1
  iii. Decrement the high pointer by 1
e. Repeat step c until the low pointer is equal or higher than the high pointer
f. Sort the elements in the subarray between the two pointers using the same procedure 
g. Repeat until the subarray is fully sorted"
"Ask the assistant to book a flight from Boston to Miami for June 9th.","I'd like to book a flight from Boston to Miami for June 9th."
"Find the name of the author of this book.

Book: The Cat in the Hat","The author of the book ""The Cat in the Hat"" is Dr. Seuss."
"Add the following text to the document.

Text:
It is clear that the current economic crisis has impacted a large number of people.","The document now includes the text: ""It is clear that the current economic crisis has impacted a large number of people."""
"Create a topic outline for the essay.

Essay topic: Technology and its Impact on Society.","I. Introduction 
A. Definition of Technology 
B. Impact of Technology on Society 

II. Effects of Technology 
A. Positive Effects 
B. Negative Effects 

III. Conclusion 
A. Summary of the Impact 
B. Recommendations"
"Delete the paragraph from this 1000-word article that does not belong.

The entire article","The entire article excluding the paragraph that does not belong."
"Define what a neural network is.","A neural network is a computer system modeled on the human brain and nervous system. It consists of a network of neurons connected via synapses, which are constantly exchanging information in the form of electrical signals. These networks have the ability to learn by adjusting connections and assigning weights to inputs in order to predict output based on prior experience. Neural networks are used in a variety of applications such as speech recognition, image recognition, natural language processing, machine learning, and forecasting."
"Create a grammar for the phrase ""a milkshake"".","The grammar for ""a milkshake"" is: 
Article (a) + Noun (milkshake) 
-> A milkshake."
"Write a tweet summarizing this article about an animal rescue in Thailand.

The article","Amazing news! An animal rescue in Thailand has successfully freed 63 bears from animal trafficking. The rescued bears will now receive the proper care and attention they need. #animalrescue #animalrights #Thailand"
"Generate a short story about a scientist in a lab.","Dr. John was a scientist working in his lab, surrounded by beakers and test tubes bubbling with mysterious liquids. He had been working on a new project, hoping to create a revolutionary new drug that would cure various diseases. He had spent months testing different combinations of ingredients, and finally he had hit upon the perfect formula. As the potion bubbled in the test tube, his excitement was palpable. He barely slept that night, eagerly anticipating the results of his experiment. The next day, sure enough, his concoction had succeeded in creating the drug he had been trying for! He had finally achieved a truly remarkable accomplishment."
"Rewrite the following sentence in a more formal way:

""I want to learn about this new app.""","I would like to gain knowledge regarding this newly released application."
"Generate a funny joke.","Why did the chicken cross the playground? To get to the other Slide!"
"Come up with an interesting title for this article about artificial intelligence.

The article","""Decoding the Future: Understanding the Power of Artificial Intelligence"""
"Provide 3 potential solutions to reduce the amount of plastic waste.","1. Implement effective recycling and composting programs. 
2. Increase public awareness and education about plastic waste. 
3. Promote reuseable and biodegradable alternatives to plastic."
"Suggest a snack that you can make in under 5 minutes.","Peanut Butter and Banana Toast. Simply toast two slices of your favorite bread and spread each slice with peanut butter and a layer of sliced banana."
"Create a mnemonic to remember the eight planets of our solar system.","M My Mars V Venus E Earth M Mercury J Jupiter S Saturn U Uranus N Neptune"
"Write an algorithm to calculate the perimeter of a rectangle.","Algorithm: 
1. Start 
2. Declare variables length, width, perimeter 
3. Read length, width 
4. Calculate perimeter as length + width + length + width 
5. Print perimeter 
6. End"
"Design an app interface for a book recommendation system.","The app interface should include a section with book recommendations, a search bar and filter options to refine results, a page for each book with ratings, reviews, and tags, a page for each author with profile information, a page for each genre with top books and related genres, and a page for user preferences."
"Compose a tagline for a mobile game about cooking.","Make Delicious Dishes - Cook up Fun with Our Mobile Game!"
"Create a question about the consequences of global warming.","What are the potential consequences of global warming?"
"Describe a process of cleaning silverware.","To clean silverware, start by filling a sink or basin with hot water and adding a tablespoon of baking soda. Submerge the silverware and let it sit for a few minutes before scrubbing it with a dish cloth. Rinse the silverware thoroughly and dry it with a clean towel."
"Give a possible explanation for recent declines in pollinator populations.","Recent declines in pollinator populations are likely caused by susceptibilities to disease, destruction of natural habitats, and the use of pesticides."
"Create a rule for proper hand-washing technique.","Always wash hands for at least 20 seconds with soap and warm water. Scrub all areas of the hands and between the fingers. Rinse and dry hands completely with a clean paper towel."
"Identify and define the parts of a cell.","The parts of a cell include the nucleus, cytoplasm, cell membrane, mitochondria, and other organelles. The nucleus is the control center of the cell and contains the genetic material, while the cytoplasm is the gel-like material that fills the cell and contains the organelles. The cell membrane is a semi-permeable barrier that regulates what enters and leaves the cell. Mitochondria are the ""powerhouses"" of the cell, providing energy to the cell."
"Generate a list of five positive attitudes.","1. Optimism
2. Self-confidence
3. Gratitude
4. Creativity
5. Compassion"
"Rewrite the following sentence using a synonym for the word ""impact"": The impact of the pandemic has been devastating.","The repercussions of the pandemic have been devastating."
"Describe the process of thawing frozen food.","To thaw frozen food, place the food item in the refrigerator overnight or in a bowl of warm water for several hours. Once thawed, do not refreeze uncooked food."
"Generate an interesting sentence from the given title.

""The Death of John F. Kennedy""","The death of John F. Kennedy forever changed the course of history, leaving a lasting legacy of hope and sorrow in its wake."
"Do data normalization on given data set.

[1, -1, 0.5, -0.5, 0.8, -0.9, 0.4]","Normalized data set: [0.2, -0.2, 0.1, -0.1, 0.16, -0.18, 0.08]."
"Name three famous figures who were contemporaries of Galileo Galilei.","Three famous figures who were contemporaries of Galileo Galilei were Johannes Kepler, Christiaan Huygens, and Tycho Brahe."
"Propose two appropriate and different methods to solve the given problem.

Predicting whether an email is a spam or not.","Two possible methods for predicting whether an email is a spam or not are supervised machine learning models such as artificial neural networks and Naive Bayes classifiers, or an unsupervised machine learning method such as clustering and anomaly detection."
"Design an algorithm to sort a given list.

[4, 1, 6, 5, 2]","A sorting algorithm for the given list can use the following steps:
1. Compare the first two elements and swap them if the first element is greater than the second element.
2. Continue doing the same with the next two elements until the end of the list is reached.
3. Repeat steps 1 and 2 until the list is in sorted order.
The sorted list would be: [1, 2, 4, 5, 6]."
"Combine the given sentences into one sentence.

I was late for work. I had to take my kids to school.","I was late for work because I had to take my kids to school."
"Name two component of a computer system.","Two components of a computer system are the hardware and the software."
"Calculate the circumference of the given circle.

Radius = 10 cm","The circumference of the given circle is 62.83 cm."
"For the given artist, name three of their famous works.

Salvador Dali","Three famous works of Salvador Dali are ""The Persistence of Memory,"" ""The Slave Market with the Disappearing Bust of Voltaire,"" and ""The Disintegration of the Persistence of Memory."""
"Explain the given concept in one sentence.

Algorithmic complexity","Algorithmic complexity is a measure of the efficiency of an algorithm in relation to the amount of resources required to execute it."
"Develop a web page for a business to increase customer engagement.

Coffee Co.","Coffee Co.’s website should be designed with user experience in mind. It should have clear navigation and consistent design. Content should be easily accessible and should provide a personalized experience. The website should have engaging features such as quizzes, polls, and forums to help generate conversation and increase customer engagement. Additionally, the website should have an easy way for customers to contact the company and give feedback."
"Generate a 1-sentence summary on the following news article.

The Tokyo Olympic Games will be postponed to 2021 due to the worldwide outbreak of Covid-19.","The Tokyo Olympic Games have been postponed to 2021 due to the impact of the Covid-19 pandemic."
"Explain how to achieve the American dream in one sentence.","Work hard and stay ambitious with your goals to achieve the American dream."
"Make a resume for the following job.

Software Engineer","Software Engineer specialized in developing functional, effective web and mobile applications with expertise in Java, JavaScript, React.js, and HTML/CSS. Responsible for ensuring high performance, scalability, and maintainability of applications."
"Generate an algorithm for a sorting machine.","The algorithm for a sorting machine involves first taking input, followed by organizing the objects into two or more groups depending on a certain criteria such as size or type. Then, each group can be further sorted using a variety of methods such as insertion sort, selection sort, or bubble sort. Ultimately, the sorted objects can be output to make sure the sorting process is complete."
"Develop a pitch for a new technology product that can measure access to healthcare.","Our new technology product is a platform that can measure access to healthcare. It can quickly identify gaps in access to healthcare services, such as geography, time, socio-economic status, and ethnicity, and make invaluable data available to both researchers and policymakers to help address these gaps."
"Create a list of tips to help someone who is new to blogging.","1. Develop a content plan: Decide on the topics that you want to cover in your blog and the frequency of your blog posts. 
2. Come up with a catchy title: Make sure that your blog title is interesting, captivating and eye-catching.
3. Write engaging content: Provide interesting and thorough content that your readers will find useful and interesting. 
4. Promote your blog: Use social media, email campaigns, and other marketing methods to promote your blog and get it noticed.
5. Interact with your readers: Ask questions and respond to comments to build rapport and create an engaging dialogue.
6. Update your blog frequently: Frequently update your blog to keep your readers engaged and interested.
7. Analyse the performance of your blog: Keep track of your blog’s metrics such as visitors, engagement rate, etc. to see how your blog is performing."
"Generate a recipe for a healthy breakfast.","Chocolate Protein Pancakes:
Ingredients:
- 1 cup oat flour
- 2 scoops chocolate protein powder
- 1 teaspoon baking powder
- 2 ripe bananas
- 2 eggs
- 1/2 cup almond milk
- 1 teaspoon cinnamon
- 2 tablespoons of honey
- 2 tablespoons of coconut oil
Instructions:
1. In a mixer, blend together oat flour, protein powder and baking powder.
2. In a separate bowl, mash the bananas and whisk in the eggs.
3. Mix the wet ingredients into the dry ingredients until well combined.
4. Then add the almond milk, cinnamon, honey and coconut oil.
5. Heat a pan over medium heat and grease with cooking spray.
6. Pour 1/4 cup of the batter into the pan and cook for about 2 minutes per side.
7. Serve with fresh fruit and honey. Enjoy!"
"Explain the effect that virtual learning has on student performance.","Virtual learning can impact student performance both positively and negatively. On one hand, it can provide students with more flexibility, allowing them to learn at their own pace and allowing them to access materials from anywhere. On the other hand, virtual learning can be challenging as it requires an increased degree of self-motivation and dedication, as well as an understanding of the different technologies being used."
"Arrange the given words in a sentence.

genetic, beings, teleportation, Human","Human beings could potentially teleport themselves through genetic manipulation."
"Categorize the following words according to their definition.

Ambiguous, capricious, arbitrate","Ambiguous: Unclear or having multiple meanings
Capricious: Unpredictable or inclined to change decisions suddenly
Arbitrate: Settle a dispute by judging the facts impartially and issuing a decision."
"Summarize the following text in one paragraph.

Theories of personal identity have changed over time. Philosophers in the past have focused mainly on the self, whereas modern theorists focus more on personal narratives and narrative identities. One example is Locke's definition of personal identity which states that you are the same person over time if you have personal memories of your past or if you can remember past experiences. Another example is Parfit's rejection of this notion and focus on the importance of psychological continuity, which is when you remain the same even if you are presented with a different physical world or body.","Throughout history, philosophers have debated the concept of personal identity. Initially, the focus was primarily on the self, but modern theorists are more inclined to study personal narratives and one's narrative identity. According to Locke, a person's memories and their ability to remember past experiences were key to maintaining one's personal identity over time. In contrast, Parfit rejected this view and instead proposed that psychological continuity was the key to remaining the same person. This involves remaining the same individual despite potential changes in the physical world or body."
"Explain the concept of information retrieval.","Information Retrieval (IR) is the process of locating and extracting relevant information from a large collection of documents or datasets. It involves identifying, locating, describing, and retrieving relevant material related to an individual’s needs. In order to do this, IR utilizes a range of algorithms, query systems, and other techniques for finding information in large structured and unstructured datasets."
"Describe the concept of natural language processing.","Natural Language Processing (NLP) is the ability for computers to understand and process human language. It uses linguistics, computer science, and artificial intelligence to analyze and interpret written or spoken human language in order to extract meaning and perform tasks. It can be used to detect intent, classify texts, generate summaries and insights, as well as helping machines understand, interpret and converse with humans."
"Create a timeline of the key events surrounding the 2004 Indian Ocean earthquake and tsunami.","-December 26, 2004: A 9.1-magnitude earthquake off the coast of Indonesia triggers a massive tsunami affecting Indonesia, Thailand, India, Sri Lanka, and other countries in the region. 
-December 29, 2004: The death toll from the disaster passes 10,000. 
-December 31, 2004: More than 90,000 people are reported dead and millions are displaced. 
-January 5, 2005: International relief effort is launched to help those affected. 
-April 2005: An intensive international relief and reconstruction effort is underway, with pledges of $5.5 billion in aid from countries and organizations around the world. 
-December 2005: The entire cost of the disaster is estimated at $14.5 billion. 
-March–April 2006: The final death toll reaches 220,000."
"How do you create a pivot table in Excel?","To create a pivot table in Microsoft Excel, select the ""Insert"" tab, click the ""PivotTable"" button, select the data range, and choose where the pivot table will be placed. Then, select which data you'd like to analyze by adding fields to the Rows, Columns, and Values area of the pivot table. Finally, use the ""Filter"" in the PivotTable to refine your results."
"Identify the time complexity of the Insertion Sort algorithm.","The time complexity of the Insertion Sort algorithm is O(n^2)."
"Synthesize an argument in support of renewable energy sources.","Renewable energy sources, such as solar, wind, and hydroelectric power, offer a clean, reliable, and renewable source of energy. They reduce both our dependence on non-renewable sources of energy, such as coal and oil, as well as harmful emissions. Renewable energy sources are also cost-effective and create jobs in local communities, while also helping to reduce global warming. Furthermore, they can be used to generate power in remote regions, alleviating the need for costly infrastructure and transportation."
"Develop an algorithm to sort the following numbers: 5, 3, 9, 1.","1. Set unsorted list = [5, 3, 9, 1]
2. Iterate through unsorted list
 3. Compare unsorted[i] to unsorted[i+1]
 4. If unsorted[i] > unsorted[i+1], swap them
 5. Repeat step 3 to 4 until end of list
 6. Observe the list is now sorted."
"Describe why you would like to work for this company.","I am very excited about the opportunity to work for this company because of its innovative business practices, commitment to environmental sustainability, and strong values of integrity. I believe the company shares my vision of creating a positive and meaningful impact in the world."
"Find a dinosaur species in the Jurassic Period with a name starting with a ""T"".","Triceratops is a genus of herbivorous ceratopsid dinosaur that first appeared during the late Maastrichtian stage of the late Cretaceous period, about 68 million years ago."
"Given a list of ingredients, create a recipe for a vegan curry.

2 cans of chickpeas, 1 onion, 1 clove of garlic, 1 inch ginger, 1 teaspoon cumin, 1 teaspoon curry powder, 1 teaspoon turmeric","Vegan Curry
Ingredients: 
• 2 cans of chickpeas 
• 1 onion, diced
• 1 clove of garlic, finely minced
• 1 inch of ginger, grated
• 1 teaspoon cumin
• 1 teaspoon curry powder
• 1 teaspoon turmeric
Instructions: 
1. Heat oil in a large saucepan over medium heat.
2. Add the onion, garlic and ginger. Cook until onions are translucent, about 5 minutes.
3. Add the spices and stir until fragrant. 
4. Add the chickpeas and stir to evenly coat with the spice mix. 
5. Add 1 cup of water and bring to a gentle simmer.
6. Cook for 15 minutes or until the sauce has thickened and the chickpeas are soft.
7. Serve over cooked rice, quinoa or cauliflower rice. Enjoy!"
"Describe how you would use Twitter to promote a given product.

Board game","I would use Twitter to promote a board game by creating engaging content in the form of videos, photos, and tweets. I would also include relevant hashtags so that the message reaches a wider audience. I would also include links to the website or product page and encourage users to share the content. Additionally, I would also use influencer marketing where I reach out to popular influencers in the board game industry and have them promote the product on their social media profiles."
"Create a non-literal analogy for the process of creating a business.","Building a business is like planting a garden – you need to carefully plan, prepare the soil, select the right plants, provide the necessary irrigation and sunlight that the plants will need to grow and thrive, and remove any weeds that may interfere with the growth."
"Given a list of data, identify the two inputs that can be used to create a specific output.

Input1: temperature (in Celsius), Input2: humidity levels, Input3: time of day, Output: air quality","Input1: temperature (in Celsius), Input2: humidity levels, Output: air quality"
"Give a creative title for an article about the use of AI in travel.","Exploring the Horizons with AI: A Guide to the Future of Travel"
"Write a Haiku poem about a sunset.","Orange fades to black 
The sun sets in the distant sky 
Peaceful night arrives"
"Write a customer review for a car wash service.","I went to this car wash for the first time today and was very impressed. The staff was friendly and helpful, and the place seemed very clean and well kept. The process was quick and efficient and the car came out looking like new. Highly recommended!"
"Write a short story about a visit to a museum.","I recently visited the art museum in my city. It was an unforgettable experience as I got to explore the many beautiful works of art there. As I walked amongst the countless masterpieces, I noticed the unique culture that surrounded the museum. There was a sense of mystery and a calm energy, like I was entering an ancient, sacred temple of art. I found myself lost in the small details of each painting and sculpture, admiring the immense talent of each artist. As I left the museum, I felt a wave of contentment wash over me knowing that this place served as a haven of creativity and imagination."
"Describe the sound of a train passing by.","The sound of a train passing by is a low, rumbling sound that gradually grows in intensity as it approaches and fades away slowly as it moves further away. It is often accompanied by a sharp whistle that cuts through the air like a blade."
"Create a grocery list for a week's worth of meals.

Meals for the week: Spaghetti, tacos, grilled chicken, stir-fry","Grocery list: 

- Spaghetti: Onion, garlic, ground beef, canned tomatoes, oregano 
- Tacos: ground beef, taco shells, lettuce, cheese, tomatoes, onion, avocado 
- Grilled chicken: chicken breasts or thighs, marinade, salt, pepper 
- Stir-Fry: vegetables (broccoli, carrots, snow peas, bell pepper), ginger, garlic, soy sauce, cooked rice."
"Describe the taste of an apple.","An apple has a crisp, sweet and tart flavor. Its texture is juicy and tender. It has a subtle and delicate aroma that ends with a subtly tangy flavor."
"Explain how a relay works.","A relay is an electromagnetic switch that is used to control a circuit using a low power electrical signal. It works by using an electromagnet to open or close the switch to either allow or block the flow of electricity through the circuit. When the electromagnet is activated by low power electrical signal, it causes the switch to open and allow the electrical current to flow through the circuit, and when the power to the electromagnet is removed, the switch closes and the current can no longer flow."
"What is the gravitational potential energy of a 5-kilogram object at height 10 meters?","The gravitational potential energy of a 5-kilogram object at a height of 10 meters is 490 Joules."
"Calculate the total cost of a trip for two people who fly from Los Angeles to Philadelphia.

Round-trip flight tickets from Los Angeles to Philadelphia: two adult tickets","The total cost of the trip for two people who are flying from Los Angeles to Philadelphia would be $998.00."
"Compare and contrast water and oil.","Water and oil are similar in that they are both liquid substances, but they have several key differences. Water is composed of molecules made of two hydrogen atoms and one oxygen atom and has a lower density than oil. Conversely, oil is composed of molecules of carbon and hydrogen and has a higher density than water. Additionally, water is an excellent conductor of electricity, whereas oil is an insulator of electricity. Water also has a low viscosity, whereas oil is highly viscous."
"Analyze the popularity of the term 'artificial intelligence' in the last five years","In the last 5 years, the term 'artificial intelligence' has grown steadily in popularity. According to Google Trends, the term's search interest has increased by 22% since 2015. The term has been most popular in the United States and is most frequently associated with topics such as computer science, robotics, and natural language processing."
"Generate a story about a child's first day of school","It was the first day of school, and little Mia was feeling nervous. She was so excited to meet her new classmates and teacher, but also a bit scared. She walked into the classroom and immediately noticed there were more students than she expected. She looked around in amazement at all the other kids, until the teacher began to speak. Ms. Li was kind and funny, and soon Mia felt more comfortable. Everyone was smiling, and she even made a few friends. By the end of the day, Mia had already learned a lot and was looking forward to the rest of the school year."
"Come up with a catchy and witty headline for the following article.

CNN's consultant on political television advertising believes that the cost to influence the 2008 election may exceed $3 billion.","Election Spending Reaches Historic Highs-- Will You Spend Your Vote Wisely?"
"Suggest a new tagline for the article.

CNN's consultant on political television advertising believes that the cost to influence the 2008 election may exceed $3 billion.","Make Your Vote Count: How Much Is Too Much for the 2008 Elections?"
"Generate a list of the important people involved in this article.

CNN's consultant on political television advertising believes that the cost to influence the 2008 election may exceed $3 billion.","- Evan Tracey, Chief Operating Officer at TNS Media Intelligence/Campaign Media Analysis Group
- Mitt Romney
- Rudy Giuliani
- Barack Obama
- Hillary Clinton
- Bill Richardson
- Mark Foley
- Stuart Rothenberg (Editor of the non-partisan Rothenberg Political Report)."
"Generate a list of 3 to 4 key takeaways from the article.

CNN's consultant on political television advertising believes that the cost to influence the 2008 election may exceed $3 billion.","- The cost to influence the 2008 election could exceed $3 billion, an analysis shows.
- Television ads on health care alone total $60 million so far this year.
- Groups are pivoting from legislative advocacy mode to political mode and targeting candidates with aggressive advertising.
- Candidates need to create ads that stand out from the sheer number of ads, otherwise they risk being lost in the noise."
"Come up with 2 key questions related to this article.

CNN's consultant on political television advertising believes that the cost to influence the 2008 election may exceed $3 billion.","- What challenges must candidates and interest groups face when advertising in the 2008 election? 
- How can candidates make sure that their ads stand out from the sheer number of ads this election cycle?"
"Suggest a way to make physical activity a part of your daily routine.","One way to make exercise a part of your daily routine is to set achievable goals for yourself. Start with simple goals that you can actually accomplish. Break up the goals into manageable chunks and find a way to measure your progress. This will help you feel a sense of accomplishment and success. Schedule the activity as you would for any other important activity and try to keep to the same time each day. It may also help to try out different sports and activities to keep things interesting. Finally, reward yourself after each successful workout and remember that it's OK to take a short break when needed."
"Explain what is foreshadowing.","Foreshadowing is a literary device and a narrative technique used to hint at or suggest an event or plot twist that will come later in the story. It’s used to create suspense and to build up the tension, helping readers to make predictions and become more engaged with the story. Writers use foreshadowing to set up future events and plot twists and to create a sense of anticipation. It can be used in a subtle or obvious way, and can be embodied by characters, settings, objects, actions, or words."
"Come up with 3 tips for writing effective dialogue.","1. Keep dialogue concise and to the point. Use as few words as possible to get your point across. 
2. Every character should have a unique speech pattern and vocabulary, based on their background and personality.
3. Dialogue should help to develop your characters and advance the plot. Avoid meaningless banter and exchanges that don’t contribute to the story."
"Analyze the following sentence for any errors.

They aren't no good at all.","This sentence is incorrect and should be rewritten to ""They aren't any good at all."""
"Generate a headline for a news article about the rising cost of healthcare.","Healthcare Costs Skyrocket amid Pay Cuts and Layoffs."
"Suggest an algorithm to classify musical composition as ‘romantic’ or ‘modern’.","One possible algorithm for classifying musical compositions as 'romantic' or 'modern' could rely on audio features such as tempo, loudness, and harmony. The algorithm could be trained on a dataset of labeled compositions, and then be used to classify unknown compositions. To ensure accuracy, it may be necessary to use a combination of multiple audio features. Additionally, it may be beneficial to use a convolutional neural network (CNN) with the labeled data, as CNNs are widely used for image and audio classification."
"Explain Schrodinger's wave equation.","Schrodinger's wave equation is an equation in quantum mechanics that describes how a quantum system changes over time. It is based on wave equations and describes the behavior of subatomic particles that have wave-like properties; these particles include electrons, protons, and more. The wave equation's solutions represent wave functions which can be used to determine the probability of a particle's position and momentum, as well as its energy. The equation also relates the properties of a particle to its position in space and time."
"Construct a database system to store customer records in a car dealership.","The database should have tables to store customer records, including contact information, vehicle information, purchase history, service records, and more. The customer table should include a unique customer ID, first and last name, address, email address, phone number, and other contact details. The vehicle table should store information such as the vehicle model, make, year, and date of purchase. The purchase table should include details about the sale and the service table should store records of any maintenance or repairs done to the customer’s vehicle."
"Sort the following numbers in ascending order: 12, 26, 83, 19.","The numbers sorted in ascending order are 12, 19, 26, 83."
"Create a persona for a fictional e-commerce store selling sports equipment.","SportShack’s persona is an energetic, outgoing, and passionate individual with a deep love for sports. SportShack believes in leading a healthy lifestyle, pushing the boundaries, and making sports accessible for all. They aim to provide the best equipment for athletes of all levels, so that everyone can experience the thrill of competition. SportShack prides itself on being thoughtful and innovative - offering high-quality products and outstanding customer service."
"Write a paragraph describing a meeting between two friends.","Two old friends, Katherine and Sarah, sat in the park, catching up on each other’s lives after months of separation. They talked about their jobs, their families, and the ups and downs of the year that had passed. They laughed, they cried, and they reminisced on the memories they had made together. They made plans to get together again soon and hugged each other goodbye as the sun began to set. This was a meeting that neither would soon forget."
"Formulate a marketing plan for a new mobile app.","The marketing plan for the new mobile app should include creating an online presence on relevant social media and digital platforms. Promote the app by launching a website, creating teaser campaigns and targeted content. Use influencer marketing on YouTube and other popular streaming services to spread the word. Reach out to mobile app review websites, industry-related sites, as well as blogger outlets. Host beta tests to generate more buzz and also consider adding easter eggs in the app to encourage engagement. Utilize A/B testing to optimize the user interface, and monitor user feedback constantly to ensure customer satisfaction."
"Write a review for a book of your choice.","I recently read the novel ""Harry Potter and the Sorcerer's Stone"" by J.K. Rowling and absolutely loved it! The magical world of Harry Potter is a captivating and delightful journey for readers of all ages. From the little wizarding school of Hogwarts to the mysterious and dangerous creatures that lurk in the shadows, Rowling's vivid description makes this story come alive. The characters are well-developed and likable and the plot is full of twists and turns that keeps you guessing until the very end. I highly recommend this book to anyone looking for an entertaining escape from reality."
"Design a logo for a child care center.","The logo should be warm, playful and inviting. It should utilize a font that is easy to read and appealing to children. I would suggest a combination of vibrant colors, such as yellow, blue and green. It could include an image of a happy kid or an illustration of a sun and clouds. The logo should also convey a sense of security and safety, as the center is aiming to provide a safe, nurturing environment for kids."
"Create an outline for a presentation about the current state of the world economy.","1. Introduction 
   a. Definition of Economics 
   b. Overview of the Major Factors Affecting the Global Economy 

2. Causes of Economic Instability 
   a. Impact of Globalization 
   b. Trade Imbalances 
   c. Currency Exchange Rates 
   d. Inflation and Deflation 

3. Effects of Economic Trends 
   a. Changes to Consumption and Investment Patterns 
   b. Impact on Employment and Unemployment Rates 
   c. Shift in Distribution of Wealth

4. Conclusion
   a. Solutions to Achieve Economic Stability 
   b. Suggestions to Overcome Economic Challenges 
   c. Summary of Current State of Global Economy"
"Make a suggestion for a topic for a persuasive essay.","The Topic of Advantages and Disadvantages of Technology in Our Everyday Lives. 

Technology has become an integral part of our lives, from using computers and smartphones to using various types of software for communications and entertainment. However, the effects of technology on our lives have both positive and negative aspects. This essay could discuss the pros and cons of technology and examine how its usage can both improve and diminish our lives. It could also explore the ethical implications of our growing reliance on technology and the potential implications it has on our relationships, job security, and more."
"Explain why it is important to stay hydrated.","Staying hydrated is an essential part of staying healthy and keeping your body functioning properly. Proper hydration helps keep your body cool, aids in digestion and absorption of nutrients, helps remove waste products, and even helps lubricate your joints. Additionally, inadequate hydration can impact cognition, leading to headaches, fatigue, and difficulty concentrating. As such, staying hydrated is one of the most important steps you can take to keep your body running its best."
"Additionally, give me a entertaining story about a conversation with a stranger on a bus.","I was on a bus ride between cities when I noticed a stranger sitting next to me. We were both just minding our own business, but after a few moments, he started asking me questions about my life. We ended up having a fascinating conversation and he told me some funny stories that made me laugh. He shared his thoughts on life, spirituality and philosophy and by the end of the 45-minute journey, I felt like I had made a new friend. When we got to my stop, I thanked him for sharing his insights and wished him well for his onward journey."
"Given the following sentence, show me how to transform it into a haiku.

The soothing moonlight basks the sea","Moonlight soothes
the serene waves that bask in it
endless and calming."
"Create a successful dentist marketing campaign.","An effective dentist marketing campaign should focus on customer satisfaction, affordability, and convenience. Highlighting these aspects will help the practice to stand out from the competition. 

It should also focus on highlighting the experience of the dentist and staff, how much the practice values patient care, and any special amenities offered. Ads should stress that patients will receive personalized care and try to create an atmosphere of trust and comfort.

The campaign should also emphasize special offers and discounts that are available, including free check-ups, discounts on services, and same-day appointments. Additionally, the campaign should reach out to all age groups, target the local population, and take advantage of digital sources of communication such as email and social media to reach a wider audience."
"Detect the discrepancies between the following two texts.

Text 1: The bird watched the little boy from the rooftop.
Text 2: The child saw the bird from the roof.","The discrepancy between these two texts is that in the first text, it is the bird that is watching the little boy, whereas in the second text, it is the child that is seeing the bird. Additionally, the two texts do not use the same words to refer to the two characters; in the first text the boy is referred to as ""little boy"", while in the second texts he is referred to as ""child""."
"If a customer calls and wants to find out their order status, what steps should the customer service representative take?","When a customer calls to find out their order status, the customer service representative should first ask the customer for their order number. Then they should check the customer's order history and provide the customer with an update on their order status. This can include information such as order processing, shipping, and estimated delivery times. Finally, the customer service representative should provide the customer with a confirmation number for their call."
"Describe the features of an effective time management strategy.","An effective time management strategy should include setting clear and realistic goals, planning ahead, breaking tasks down into smaller chunks, being organized, prioritizing tasks, and staying focused on the task at hand. Additionally, it's important to practice self-care and to schedule in time for relaxation. Taking regular breaks can help reduce feelings of stress, keep you motivated, and ensure productivity."
"Suggest some activities for a family game night.","For a family game night, consider setting up a game of charades or Pictionary, an evening of classic board games such Trivial Pursuit or Monopoly, or a tournament of video games such as Mario Kart or PlayStation. Additionally, a family game night could include card games such as Go Fish or Crazy Eights, jigsaw puzzles, or trivia challenges."
"Describe the characteristics of a successful entrepreneur.","Successful entrepreneurs have strong organizational and communication skills, are disciplined, persistent and resilient, and are always looking for ways to innovate. They also possess keen problem-solving and decision-making abilities, demonstrate top-notch customer service and build relationships with stakeholders, and are able to manage their finances and allocate resources prudently. Most importantly, they focus on their long-term vision and goals and never lose sight of them."
"Describe the different stages in the software development lifecycle.","The software development lifecycle consists of five stages: planning, requirements gathering and analysis, design, implementation and testing, and deployment. The planning phase begins with an analysis of the business case, user needs and budget allocation. The requirements gathering and analysis phase is where the goals and requirements of the project are identified. The design phase is where the software is designed based on the requirements of the project. The implementation and testing phase involves the programming of the software, unit and system-level testing, and the integration of various components. The final phase, deployment, involves the installation and setup of the software."
"Summarize the book ""The Goldfinch"" by Donna Tartt","The Goldfinch is a 2013 novel by bestselling author Donna Tartt. It tells the story of Theodore Decker, an orphan boy from Las Vegas, who is caught in the middle of a chaotic world when his mother is killed in a bomb explosion while visiting the Metropolitan Museum of Art. After this, his world is changed forever, as he finds himself dealing with a world of art, antiques, and crime. Throughout the book, Theodore struggles to both survive and find his place in society, while at the same time coming to terms with the memories of his mother and his painting, The Goldfinch. In the end, Theodore discovers that the only way to find true happiness is to accept the past and to look towards the future."
"Generate a list of 4 healthy breakfast ideas.","1. Overnight oats with fruit and nuts
2. Egg frittata with vegetables
3. Avocado toast with a boiled egg
4. Smoothies with yogurt and oats"
"Write a definition for the term ""machine learning"".","Machine learning is an application of artificial intelligence that gives systems the capability to automatically learn and improve from experience without being explicitly programmed. This process of machine learning involves data mining techniques to predict outcomes, identify patterns, and classify data without the need to explicitly define rules."
"Write a message inviting someone to join your team.

John Smith","Dear John Smith,
 
I'm writing to invite you to join our team. We are a group of passionate individuals working together to deliver innovative solutions and make an impact. Your input and expertise would be of great value in this pursuit, and I believe you would enjoy the experience. Please let me know if you're interested, and I'll answer any questions you may have. 
 
Best, 
[Name]"
"Create a metaphor to explain the concept of artificial intelligence.","Artificial intelligence is like a chef in a kitchen: it takes inputs from the environment, combines them with its knowledge, and then it takes action to create something new and unique that changes the environment."
"What is the scientific definition of metabolism?","Metabolism is the set of life-sustaining chemical processes that occur within a living organism. These biochemical processes allow organisms to grow, reproduce, and respond to their environment. Metabolism requires energy and can be divided into two categories: catabolism and anabolism. Catabolism breaks down molecules into smaller components and releases energy, while anabolism combines molecules to form larger components and consumes energy."
"Generate 3 marketing ideas to increase engagement on a product's social media account.","1. Host giveaways and contests to incentivize followers to engage with the product
2. Add polls and surveys to gather insights on the needs of the target audience
3. Feature user-generated content to show appreciation to loyal customers"
"Name 3 benefits of using cloud computing.","1. Increased scalability and flexibility
2. Lower costs
3. Enhanced collaboration and centralized data access"
"Generate a list of 3 healthy snacks for children.","1. Celery sticks with peanut butter
2. Apple slices with cheese
3. Oatmeal bars with nuts and dried fruit"
"Provide a description of the possible benefits of going car-less to a potential customer.","Going car-less can provide a number of benefits to an individual. Firstly, you can save money on car-related expenses such as fuel, insurance, maintenance and taxes. Secondly, it can reduce your environmental impact through less emissions and less reliance on non-renewable resources. Finally, it can give you more time to enjoy experiences when travelling - as you can opt to walk, ride a bike or take public transportation, you can spend more time exploring and engaging with your immediate surroundings."
"Rewrite this sentence so it’s less verbose: “The supervisor was incapable of overseeing the entire project, so she was relieved of her duties”","The supervisor couldn't handle the project, so she was fired."
"Generate 3 blog topic ideas based on the keyword “web automation”","1. How Web Automation Can Streamline Your Business
2. What Industries Should Implement Web Automation?
3. An Overview of Web Automation Tools and Services"
"Create a tweet summarizing the following news article in 140 characters or less.

https://www.independent.co.uk/environment/greta-thunberg-climate-change- youth-strike-school-us-crisis-a9271286.html","Greta Thunberg is inspiring a global youth-led movement to fight climate change, leading students around the world to raise their voices and take action. #ClimateStrike #GretaThunberg"
"Edit this passage to make it more concise:

During the spring season, the temperature tends to be very pleasant, making it a great time of year to go outdoors.","Spring is an ideal season for outdoor activities due to its pleasant temperatures."
"Reverse engineer the following code snippet and explain what is happening in 4 sentences.

var x = 3
var y = x + 4","This code snippet creates two variables - x and y. Variable x is given a value of 3, then the value of x is added to 4 and assigned to the variable y. Therefore, y is given a value of 7. This code is assigning the value of 3 to x, then adding 4 to the x's value and assigning that result to y."
"Summarize the main themes of this novel in 3 sentences.

Harry Potter and the Philosopher’s Stone","Harry Potter and the Philosopher’s Stone tells the story of a young wizard's journey to becoming the Boy Who Lived. Along the way, he discovers that courage and friendship are the keys to overcoming evil and embracing a world of possibilities. This novel focuses on themes of family, loyalty, and acceptance, ultimately illustrating the power of the human spirit."
"List 5 things that can be bought at a grocery store","1. Fruit
2. Vegetables
3. Dairy products
4. Meat
5. Frozen foods"
"Prepare a meal plan for tomorrow for someone who wants to eat healthy and has a limited budget","Breakfast: Oatmeal with fresh fruit
Lunch: Quinoa salad with vegetables and grilled chicken
Snack: Hummus with raw vegetables
Dinner: Whole wheat pasta with tomato sauce and steamed vegetables
Dessert: Apple slices with cinnamon"
"Generate a research question related to the following topic: How technology is revolutionizing the shopping experience","What are the most effective ways in which technology can be leveraged to improve customer satisfaction and loyalty when shopping online?"
"Disconnect the following internet cable correctly.","Unscrew the cable from your router or modem, then unplug the other end from the power outlet or wall socket."
"Generate a 10 word list of descriptive words for loneliness.","Isolation, forlorn, solitary, desolate, abandoned, bleak, empty, estranged, despondent, despair."
"Recite a poem about rivers.","Rivers are like long winding roads that lead us down new paths.
They are like a lifeline, they protect us in their wakes. 
They carve paths deep in the ground and carry the secrets we don’t share. 
Like a rainbow, they stretch out over each land; showing that beauty can be found anywhere.

Rivers provide lifeblood to all living things, including us. 
In nature they are bright and full of energy; in cities they become industrial, with factory built on each side. 
But one thing is certain, rivers keep flowing, even if the current changes in every way. 
Like a journey, life will always bring us new experiences and rivers show us that it's alright."
"Describe the effects of global warming.","Global warming is the term used to describe the increase in the average temperature of the Earth's atmosphere and oceans due to human-caused emissions of greenhouse gases. It has far-reaching effects on the environment, such as sea level rise, an increase in global temperatures, an increase in the frequency and intensity of extreme weather, acidification of the oceans, degradation of marine biodiversity, and more. In addition to these effects, global warming can also have serious implications for human health and security, such as water scarcity and increased risk of diseases, infestations, and wildfires."
"Provide a plan to get good sleep each night.","Getting good sleep each night is essential for your health, well-being, and productivity. To ensure good sleep each night, it is important to have a consistent sleeping schedule and set a routine that can help you create a comfortable environment for sleep. It is also important to avoid consuming caffeine late in the day and limit your exposure to screens and bright lights before bed. It's also beneficial to practice relaxation techniques such as yoga or meditation, and eliminate any distractions that may prevent you from achieving a restful night of sleep."
"List five steps for writing an essay.","Five steps for writing an essay include: 
1. Brainstorming ideas and choosing a topic.
2. Structuring the essay with an introduction, body, and conclusion.
3. Gathering sources, reading, and researching.
4. Writing a draft and making revisions.
5. Editing and proofreading the essay."
"Generate a story describing the emotions of a character in a given situation.

Alice is stuck in traffic, trying to get to her parent's house for Thanksgiving.","Alice pounded her fists on the steering wheel as she looked out the window at the gridlocked cars stretching on for miles. She was desperate to reach her parents' house in time for Thanksgiving, but it seemed like every driver on the road had decided to take the same route she had. Anger and frustration built within her as the minutes ticked by, feeling like hours. Her only hope was that somehow, some way, she would still make it on time."
"Rewrite this sentence to make the same idea more eloquently.
Output should be a single sentence.

I have a dog, but it's not very well behaved.","My canine companion, while adored, could use some refinement in its manners."
"In this task, you need to be able to summarize a given list of key points.

1. Start your own business.

2. Research your competition.

3. Utilize social media platforms for marketing.

4. Analyze customer needs and wants.","Beginning a business requires careful planning, from analyzing the competition and customer needs to deploying social media marketing strategies."
"In this task, you need to write an appropriate response to the phrase ""take a break""","Sure, let's take a break. What would you like to do? Maybe we could watch a movie, go for a walk, or just chat for a bit. Whatever works for you."
"Identify the main clause in this sentence.
Output should be a single sentence.

A busy morning, interrupted by a phone call from a friend, made John late for school.","A phone call from a friend made John late for school."
"Generate a creative activity for a child to do during their summer vacation.","Why not encourage your child to take a road trip to a nearby city and explore their favorite museums, galleries and parks? En route, they can make a scavenger hunt to help them identify landmarks, funny signs and anything else they find along the way. When they arrive, they can document their journey with photos and a journal full of memories they can look back on later."
"Identify the main idea of the text.

Global warming is the term used to describe a gradual increase in the average temperature of the Earth's atmosphere and its oceans, a change that is believed to be permanently changing the Earth’s climate.","The Earth's average temperature is increasing due to global warming, leading to a permanent change in the Earth's climate."
"Generate a piece of advice to someone who is feeling unmotivated.","Take some time to focus on your successes. Write down the things you have accomplished and all the progress you've made towards your goals. Remind yourself of your strengths and the things you do well. This will help you find the motivation to move forward, and you'll be able to re-energize yourself with a renewed sense of hope and purpose."
"Change the given sentence into a statement about the benefits of something.

Using Google Maps can be really helpful.","Utilizing Google Maps can provide numerous advantages, from quickly finding locations to getting real-time traffic updates."
"Convert the phrase into a complete sentence.

outer space","Exploring outer space is an exciting and unique adventure."
"Write a short story in 100 words or less.","Once upon a time, there was a girl named Sarah who had a great life. She had a loving family, lots of friends, and no shortage of fun things to do. One day, Sarah decided to do something extra adventurous and take a solo road trip. She packed her car and hit the open road with no set destination. She drove until nightfall, eventually finding a small townshe hadn't heard of before. 

Sarah went in search of a place to stay, eventually stumbling upon a charming little inn. She settled into her room and began exploring the town, making some new friends along the way. Although Sarah knew her time in the town was limited, she enjoyed learning about the locals and the unique culture of the town. She stayed a few days before eventually heading back home, energized by the adventure she had set out on. She may not have traveled far, but Sarah's journey was filled with joy, surprise and new experiences."
"What is the meaning of the idiom ""A penny saved is a penny earned""?","The phrase ""A penny saved is a penny earned"" means that if you save money, it is like earning money as it keeps you from having to spend it. In other words, it is a way of saying that when you save money, you are essentially making money. It encourages people to save their money and be mindful of their money-saving habits."
"List three benefits of meditation","Meditation can provide a number of benefits, including: 

1. Improved mental health and emotional stability: Regular meditation can have a positive effect on mood, lower stress levels and increase self-awareness.

2. Increased concentration and productivity: Meditation helps to improve focus and concentration and can help you stay on task and maximize your productivity. 

3. Physical health improvements: Meditation helps to reduce inflammation in the body and blood pressure, while also helping with symptoms of insomnia and chronic pain. Additionally, meditation can help foster a healthier lifestyle and reduce the risk of certain conditions."
"From the words given, form a sentence that conveys a feeling of hope and resilience.

courage, sun, darkness","In the midst of darkness, courage shines like the sun and brings hope for a better tomorrow."
"Analyze the following poem.

The Trees
by Philip Larkin

The trees are coming into leaf
Like something almost being said;
The recent buds relax and spread,
Their greenness is a kind of grief.","In the poem “The Trees” by Philip Larkin, the narrator reflects on the beauty of nature but also conveys a sense of sadness and grief. Throughout the poem, the trees symbolize the journey of life, in all its beauty and sorrow. The “recent buds” represent new beginnings and the fragility of life. The narrator acknowledges that life can be both beautiful and sad, as the “greenness” conveys both joy and grief. The poem, ultimately, conveys the sadness of life but also the hope that it can bring."
"Create a character profile for a female scientist.","Character: Dr. Fiona Moss

Age: 40

Occupation: Scientist (specialization in biotechnology)

Appearance: Intelligent and handsome, with sharp features, dark eyes and brown hair that is often pulled back. Wears glasses and a lab coat when working. 

Personality: Inquisitive, tenacious, and passionate about her field of expertise. She loves a good challenge and often takes on projects on her own time. Very independent and ambitious. A natural born leader.

Hobbies: Gardening, stargazing, and baking. 

Relationships: Married to a fellow scientist and has two children. Very loving and supportive of her family. 

Goals: To make major advancements in the fields of biotechnology and environmental conservation."
"Design a logo for ""Acme Limousines""","The Acme Limousines logo should feature a rectangular frame in black, with two uneven curved stripes running along the edges of the frame. The curved stripes should meet in the center of the logo, creating a “limousine” shape. Within the frame, the text “Acme Limousines” should be written in white, in a modern font."
"Describe the setting of a dark and mysterious forest.","The dark and mysterious forest is a place of shadows and secrets. Tall, ancient trees loom overhead, blocking out most of the sunlight. The thick foliage entwines the trees together, creating an almost impenetrable wall between the forest and the outside world. The air is thick and heavy, and an eerie silence pervades the area. Every now and then, an animal call will sound in the distance. Little is known of what truly lies within the mysterious forest, but whatever secrets it holds remain hidden within its depths."
"Edit the following sentence to make it more concise: ""In the home, there are often difficulties in managing time for tasks such as cleaning and laundry""","Managing home tasks like cleaning and laundry can be time-consuming."
"Provide an example of a metric that could be used to measure the success of a new marketing campaign.","A metric that can be used to measure the performance of a new marketing campaign is the number of leads generated, which is a measure of the number of people who take action (e.g. opting into the email list or signing up for a product trial). This metric will help to quantify the success of the marketing campaign in terms of the desired outcome."
"Explain why it is important to establish trust with customers.","It is important to establish trust with customers because it helps to build strong relationships and creates customer loyalty. When customers see that a business is reliable and trustworthy, they are more likely to return for additional purchases or services. Establishing trust also helps to enhance the customer experience and can lead to increased customer satisfaction. By having a trusting relationship with customers, businesses can gain their trust and better understand their needs and expectations."
"Recommend a healthy snack for work.","A healthy snack to have during work could be a protein-packed energy bar, such as an oatmeal and peanut butter bar. This quick and easy snack is filled with vitamins and minerals, and is a great source of energy. It's portable and can be easily tucked in a desk drawer for a quick snack."
"Design a birthday card for a 7 year old.","The birthday card should feature bright and cheerful colors and an age-appropriate illustration or message. The design should be child-friendly and feature fun, vivid imagery such as animals, cartoon characters, or cheerful messages. The birthday message should be written in a large, easy-to-read font. Inside the card, the message should convey the joy and excitement of celebrating another year of life for the 7 year old."
"Add two sentences to this dialogue to make it complete.

Wonka: Who are you?
Charlie: I'm Charlie Bucket.","Wonka: What brings you here?
Charlie: I'm looking for a golden ticket!"
"Rewrite the sentence to reveal the metaphor.

The sun was a golden coin in the sky.","The sun was shining brightly in the clear blue sky, as bright as a golden coin."
"Provide an explanation why this opinion is wrong.

Driverless cars will make travel safer.","Although driverless cars may reduce the risk of human error, they are exposed to the same risks as human drivers in unexpected or unpredictable traffic scenarios. Autonomous vehicles may still be prone to accidents due to programming errors and other factors. Therefore, driverless cars will not necessarily make travel safer."
"Imagine a situation and write a paragraph of how to solve it.

You arrive at a party and you know nobody.","Upon arriving at the party, I immediately tried to put myself in a comfortable setting by scouting the area for familiar faces or conversation starters. I also took some deep breaths, put on a smile, and even made a few small jokes. Whenever I successfully engaged in a conversation, I asked meaningful questions that allowed me to learn more about the people around me. As time passed and conversations started to become more natural, I eventually made a few new acquaintances."
"Brainstorm 4 possible options to reduce pollution in the city.","1. Increase usage of public transportation and reduce private vehicle emissions.
2. Ban or enforce stricter emissions standards for factories and construction sites.
3. Create incentives for citizens and businesses to adopt green energy or environmentally friendly practices.
4. Build green spaces such as parks and gardens to absorb carbon dioxide from the atmosphere."
"Classify the following passage into a specific genre.

The rain pounded against the windows, lightning flashed in the distance, and thunder boomed in the air.","The passage is an example of storm and suspense genre."
"Given an example of a valid sentiment analysis scenario.","A sentiment analysis scenario could involve analyzing customer reviews of a product to determine the general attitude of customers or the overall quality of the product."
"Compare and contrast the two religions, Christianity and Islam.","Christians and Muslims both hold to the belief that there is only one God, but they differ in their beliefs surrounding His nature and uncovering His will. Christians believe Jesus is the Son of God who bridges the gap between the Creator and mankind, while Muslim believe that Mohammad is the messenger of God who communicates His will to the people. Additionally, Christianity focuses on the teachings of Jesus, worshipping Him as the Son of God, and Islam follows the Quran and the teachings of Mohammad, worshipping Allah as the one God."
"Insert a suitable phrase to complete the sentence.

He let out a ________ when he heard the news.","He let out a sigh of relief when he heard the news."
"Write a product description for a new mobile.

iPhone 11 Pro","Introducing the new iPhone 11 Pro, the ultimate all-in-one device with a stunning OLED display, powerful triple camera system, and long-lasting battery life. Experience advanced technology and mesmerizing performance when you choose the iPhone 11 Pro. Whether you’re looking to capture breathtaking photos and videos, or experience amazing gaming and apps, the iPhone 11 Pro brings power and portability right to your fingertips."
"Given the following passage, edit it to make the tone more formal

Hi there! I am writing to request the printing of some documents. They are important because it'll be necessary to have multiple copies.","I am writing to formally request the printing of some documents as they are essential to have multiple copies."
"Suggest a suitable subtitle for this article

The Benefits of Practicing Mindfulness","Fostering Resilience and Well-Being Through Mindfulness."
"You need to suggest 3 strategies to optimize a website for Google search engine.","1. Utilize proper keyword research to identify the most relevant search terms for your website.
2. Update website content regularly to ensure it remains relevant and up to date.
3. Implement SEO best practices such as optimizing page titles, headings, and URL structure for optimal search engine visibility."
"Propose a suitable title for the below article

This article discusses the current state of the music industry and how technology has had an impact on its evolution.","The Impact of Technology on the Music Industry: A Comprehensive Overview"
"Compare the following two subjects

Artificial Intelligence and Machine Learning","Artificial Intelligence (AI) and Machine Learning (ML) are both fields of computer science which involve the development of intelligent machines that can learn from data and perform tasks autonomously. AI focuses on human-like behavior and involves the development of algorithms and data structures that allow machines to learn through pattern recognition and logical reasoning. ML, on the other hand, is a subset of AI which focuses on teaching computers to optimize tasks to a certain degree of accuracy."
"Explain what a computer algorithm is.","A computer algorithm is a set of instructions that are encoded into a program for a computer to follow in order to solve a problem or process data. An algorithm is a step-by-step procedure that can be followed to reach a desired outcome. It is important because it helps computers to complete complex tasks efficiently and quickly. It also provides a structure which allows developers to easily debug and modify algorithms to improve their performance."
"Suggest an appropriate title for the below passage

A global pandemic forced the hospitality industry to re-evaluate its practices and adapt to a new world of health and safety protocols.","Adapting to a New Normal: Hospitality's Response to the Global Pandemic"
"Predict a possible next line for the following story

She was nervous about meeting the people in the new city.","Her palms were sweaty as she walked through the streets, taking in her new surroundings."
"Create a dialogue between two characters for a conflict resolution.","Character A: ""I'm so frustrated that you haven't been in touch for the last few days!"" 
Character B: ""I realize I made a mistake by not being in touch. I'm sorry, I got caught up with work and it all happened without me noticing it."" 
Character A: ""I understand, but it still hurt that you neglected me like that. How do you plan on fixing this?"" 
Character B: ""I can promise to check in with you more often to make sure you know what I'm up to. Will that help?"" 
Character A: ""Yes, that would make me feel better. Thanks for understanding""."
"Specify an algorithm to find the maximum sum in a given array.

[1,2,3,4]","A simple solution is to traverse the array and keep track of the maximum sum encountered so far. This can be done using the following approach: 
Iterate through the array and for each element, update the maximum sum encountered so far.

At any point, the maximum sum encountered so far is either the element itself or the sum of the previous maximum sum and the current element.

Thus, the algorithm can be recursively defined as follows: 
maxSum(i) = max(arr[i], maxSum(i-1)+arr[i])

Where maxSum(i) represents the maximum sum with arr[i] as the last element and arr[0...i] as the given array."
"Predict what might happen if the Earth's temperature rises.","If the Earth's temperature rises, we can expect to see more extreme weather events, such as heatwaves, floods, droughts, and storms. Rising sea levels may lead to increased coastal flooding and erosion. An increase in air temperature may result in an increase in atmospheric moisture, leading to more intense precipitation events. It could also lead to an increase in regional species extinctions, as species unable to adapt to the changing climate would be unable to survive."
"Generate a list of ideas for an app that helps people save money.","1. An automated budgeting app that helps you track and monitor your spending. 
2. An app that helps you find the best prices on products and services. 
3. A savings calculator that allows you to calculate how much you will save by cutting certain expenses. 
4. An app that sends you notifications and reminders when a bill is due. 
5. An app that helps you create a monthly plan for saving money. 
6. An app that negotiates discounted deals on behalf of the user. 
7. A rebate tracking app for tracking cash back and other savings. 
8. An app to help you find the cheapest gas station near you. 
9. A virtual marketplace to compare different product prices from different stores. 
10. An app to automatically search for promotional codes and coupons."
"Make a list of potential risks associated with a given venture.

Starting a small business","1. Financial Risk: Lack of financial resources, Insufficient Capital, Unanticipated Cash Flow Problems
2. Market Risk: Over-saturation, Unfavorable Economic Conditions, Displacement by New Technology, Unsupportive Government Policies
3. Operational Risk: Inadequate Business Model, Unskilled Employees, Business Process Inefficiencies, Unfavorable Location
4. Legal Risk: Regulatory Compliance, Intellectual Property Disputes, Unforeseen Litigation, Taxation Issues
5. Strategic Risk: Strategic Inadequacies, Rivals' Superior Competencies, Partners' Unfavorable Negotiations, High Customer Attrition Rates"
"Design a logo for a restaurant that serves traditional Chinese dishes.","The logo could be a round shape with Chinatown-inspired calligraphy in the center, encircled by a band of traditional Chinese symbols representing luck, prosperity and longevity. This can be topped off with a classic reddish-orange color scheme, which is also associated with luck and fortune in Chinese traditions."
"Describe a technology used for measuring people's emotional responses.","One popular technology for measuring people's emotional responses is facial expression recognition. Facial expression recognition uses machine learning algorithms to identify emotions from facial expressions and other visual cues, such as pupil dilation, head and body posture, movement, and gaze direction. It is used in research, health, and entertainment to study and measure reactions to content."
"Name five medicinal plants widely used in Ayurveda.","The five medicinal plants widely used in Ayurveda are Ashwagandha, Turmeric, Neem, Aloe Vera, and Guduchi. These plants are known for their healing properties, aiding in treating ailments such as digestive disorders, skin diseases, diabetes, and other conditions."
"generate an algorithm to find the first common ancestor of two nodes in a binary tree.","A simple solution is to traverse the binary tree and find the paths from the root node to both nodes. Then compare the paths to find the last common ancestor node. The algorithm can be recursively defined as follows: 

FindFirstCommonAncestor(nodeA, nodeB):
– Find the path from root to nodeA and store it in a vector or array.
– Find the path from root to nodeB and store it in another vector or array.
– Traverse both paths backwards and find the first different node. The node prior to this node is the first common ancestor."
"Write a story of friendship between two boys from different backgrounds.","Max and Tom were two boys from different backgrounds but with a common interest: football. Despite their differences, they quickly became friends. On the weekends they would go to the park and play football, chatting and getting to know each other better. As their friendship grew, they shared their hopes, dreams and stories. They soon became the best of friends and the park was their second home. Through their shared love of football, Max and Tom had forged an unlikely and unbreakable bond."
"Give an example of how to use an AI assistant to automate a customer service process.","An AI assistant can be used to automate customer service processes such as answering customer inquiries and providing support. For example, customer service agents could use an AI assistant to answer customer inquiries in real time by understanding the customer's query and suggesting relevant solutions. The AI assistant can also collect customer feedback and be used to improve customer experience in the long run."
"List five factors that influence the cost of producing a good.","1. Raw materials: The cost of raw materials is one of the biggest drivers of production cost.
2. Labor: The cost of labor includes wages, taxes, benefits, and overhead.
3. Overhead costs: Overhead costs include rent, utilities, insurance, and other common expenses.
4. Equipment: The cost of machinery and other equipment used in production can significantly increase the cost.
5. Taxes: The cost of taxes, both at the local and federal level, can impact the cost of producing a good."
"Assess the environmental impact of a renewable energy source

Wind Energy","Wind energy has several environmental benefits, as it is a renewable energy source that does not produce any emissions. Wind turbines can reduce greenhouse gas emissions, reduce our reliance on fossil fuels, and have a positive impact on global climate change. Wind turbines can also help reduce air pollution, as they are not powered by burning fossil fuels. Additionally, wind turbines have minimal impact on habitats, as they can be located in areas away from sensitive habitats, such as bird nesting grounds."
"Explain the process of gaining creditworthiness for a loan","Creditworthiness is an evaluation of an individual's or business' ability to pay back a loan. To gain creditworthiness, one must possess a good credit history, show proof of income, and demonstrate financial stability. A lender will look at the applicant’s credit score, credit history, and current financial situation to determine eligibility. The applicant must also prove they have a steady source of income, can keep up with debt payments, and can repay the desired loan amount. 

In order to gain creditworthiness, the applicant must usually provide documents such as payment histories, tax returns, income statements, and bank statements. The lender will look these documents over and provide an assessment of the applicant's risk."
"Generate a list of tips to improve metabolism.","1. Eat more protein: Protein-rich foods can help improve metabolism, as they require more energy to digest than carbohydrates and fats.
2. Get adequate sleep: Aim for 7-9 hours of quality sleep per night, as this can help improve metabolism.
3. Drink coffee or tea: Caffeinated beverages can give your metabolism a boost, as they contain caffeine which stimulates the nervous system.
4. Try HIIT: High Intensity Interval Training is an effective way to burn calories and increase metabolism.
5. Eat lots of fruits and vegetables: Eating plenty of fruits and vegetables can help to speed up metabolism due to their rich antioxidant content.
6. Add spices to your meals: Spicy foods such as hot peppers, ginger, turmeric, and garlic can boost metabolic rate and help burn fat."
"Choose the best password for a given service.

Online banking","The best password for online banking is one that is long and complex, contains a mix of letters, uppercase and lowercase letters, numbers, and symbols, and is unique to the service. It should also be changed regularly to help ensure the highest level of security."
"Write a story about a robot who has to complete a difficult task.","Once upon a time, there was a robot named Robotrix who was tasked with a difficult mission. After a long day of traveling, Robotrix arrived at a strange new world. The robot was set a challenge - to cross a dangerous and seemingly infinite ocean. After many days of sailing, Robotrix eventually encountered a strange creature - a giant whale. The whale presented Robotrix with a challenge - to defeat a giant monster that lived in the depths. After a fierce battle, the robot ultimately defeated the monster, and returned home victorious."
"Compose a song in C Major.","Verse 1
C  G  F  C
B-flat  F  G  C

Chorus
C  G  A-minor  F
C  G  A-minor  F

Verse 2
C  G  D  G
A-minor  D  G  C

Chorus
C  G  A-minor  F
C  G  A-minor  F

Bridge 
F  D  G  C
A-minor  D  A-minor  F

Chorus
C  G  A-minor  F
C  G  A-minor  F"
"Calculate the area of a triangle with sides measuring 8cm, 5cm, and 6cm.","The area of a triangle with sides measuring 8cm, 5cm, and 6cm is 20cm\(^{2}\)."
"Describe how plants look like in the winter.","In the winter, plants typically have no leaves, are dormant and are usually either brown or grey in color. The bark of the tree usually changes color and becomes thicker. Some evergreen plants may remain green, but they usually appear less vivid in color."
"Find the sum of the interior angles of a polygon with five sides.","The sum of the interior angles of a polygon with five sides is 540°."
"What is the difference between a porcupine and a hedgehog?","The main difference between a porcupine and a hedgehog is that a porcupine has longer and sharper quills than a hedgehog. Porcupines also tend to be larger and have thicker fur than hedgehogs."
"Update the following passage with the correct spelling and grammar.

For a science project we prformed a experiment to detemine how much water plants need.","For a science project, we performed an experiment to determine how much water plants need."
"Name one chemical that is both an acid and a base.","One chemical that is both an acid and a base is sodium hydroxide."
"Write a 200-word essay explaining the importance of sustainable energy.","Sustainable energy is energy obtained from sources which cannot be exhausted and is renewable. These sources include solar energy, wind energy, biomass energy, geothermal energy, and waves from the ocean. Sustainable energy provides an abundance of energy and is not damaging to the environment. It also leads to a decreased need to rely on depleting resources as well as a reduced amount of waste and emissions. 

Using sustainable energy saves a lot of money in the long run since it is not being produced and thus fossil fuels are no longer needed. Renewable energy is particularly useful in areas where there is a lack of access to traditional energy sources and in areas where conventional energy sources cause damage to the environment, such as coastal areas and areas with large amounts of forestry.

Sustainable energy helps reduce the emissions of greenhouse gases into the atmosphere and thus helps mitigate climate change. It is much more efficient than traditional energy sources and does not have the large setup costs associated with them. Additionally, it does not require large amounts of land for installation and allows for much of the energy and resources to be used locally, which helps to create jobs and stimulate local economies. 

Overall, sustainable energy is incredibly important for saving money, protecting the environment, and providing a healthy and prosperous future for all."
"Construct an argument supporting the implementation of green energy.","Green energy is an investment in the future that comes with numerous potential benefits. Its implementation serves to reduce pollution, lower emissions of greenhouse gases, and enhance energy security. Additionally, green energy harnesses the natural resources around us, resulting in steady and consistent energy supply. Green energy sources are renewable, meaning that they are sustainable, available indefinitely, and require little maintenance. This also allows for the construction of green energy projects, resulting in job creation in the energy sector. The cost of implementing green energy projects is initially high, but the savings over a period of time are far greater. Finally, green energy presents us with an opportunity to play a part in the fight against climate change and its resulting consequences."
"Describe some of the benefits of a vegetarian diet.","A vegetarian diet provides many health benefits, including reduced risk of heart disease, stroke, obesity, and some types of cancer. It can also lead to improved digestive health, increased energy levels, and better overall health. Additionally, vegetarians are often more conscious of the environmental impacts of their diets, as the production of vegetarian food items often requires less energy, water, and land. Furthermore, vegetarian diets are beneficial for animals, as they do not involve the slaughter of animals or the use of animal products."
"Print all the prime numbers between 1 and 50.","2, 3, 5, 7, 11, 13, 17, 19, 23, 29, 31, 37, 41, 43, 47."
"Explain what is an algorithmic trading.","Algorithmic trading is a form of automated trading that uses complex algorithms to make decisions about buying and selling stocks, options, and other financial instruments. Algorithmic trading is programmed so that trades are made without human interference and are based on market data and conditions. These algorithms are also used to objectively analyze market trends, identify potentially profitable trading opportunities, and execute trades with greater speed and accuracy than humans could."
"Split the following sentence into two declarative sentences: ""The food was delicious and the service was excellent"".","The food was delicious. The service was excellent."
"Explain how neural networks can be used to predict stock prices.","Neural networks can be used to predict stock prices by analyzing stock market data such as past prices, the performance of certain stocks, news events, and other data related to the stock market. The neural networks use this data to learn patterns about stock prices and then use the patterns to make predictions about future stock prices. This type of predictive modeling has been found to be very accurate in many cases and can be used to make more informed investing decisions."
"Name the 6 most populous cities in China.","The six most populous cities in China are Shanghai, Beijing, Guangzhou, Shenzhen, Wuhan, and Chengdu."
"Edit the following text to make it easier to read

In the 20th centuary,developments in the fields of technology, science and medicin,applied by humans, have brought about unprecedented changes","In the 20th century, developments in the fields of technology, science, and medicine, applied by humans, have brought about unprecedented changes."
"Find the definition of the following financial term

Stock Split","A stock split is a corporate action in which a company divides its existing shares into multiple shares, to boost the liquidity of the shares. This means that the number of shares outstanding increases, while the share price is adjusted accordingly."
"Describe the flavor profile of the following type of cuisine

Japanese","Japanese cuisine is characterized by its subtle and delicate flavors, featuring a combination of salty, sweet, sour, and umami flavors. It also utilizes fresh ingredients with a focus on preserving their natural flavors."
"List 3 historical events related to the following country

Canada","The three historical events related to Canada are the Dominion of Canada's establishment in 1867, the adoption of the Canadian Flag in 1965, and the signing of the Canada-U.S. Free Trade Agreement in 1988."
"Compare and contrast the effects of individual and societal performance","Individual performance is related to the actions and decisions made by individuals while societal performance focuses on the actions and decisions of an entire group or organization. Individual performance is more focused on the needs and goals of the individual while societal performance is based on collective goals. Individual performance can be more easily measured and quantified while measuring the impact of societal performance can be more difficult as it usually involves evaluating the individual components making up the larger picture."
"Architact a machine learning algorithm to solve the following problem

Predict the stock market prices","A suitable machine learning algorithm to solve this problem could be a supervised learning algorithm like Linear Regression, Random Forests, or Support Vector Machines. The input data could include historical stock prices, market trends, and other relevant financial indicators. The algorithm should then be trained on this data so that it can accurately predict stock prices."
"Formulate a strategy for a client company that is looking to improve their website's SEO.

The client is a small business selling plumbing products online.","I suggest that the client's website should focus on improving their SEO by optimizing the content of the webpage to include relevant keywords, as well as improving their internal linking structure. Additionally they should focus on improving their back-linking strategies, involving creating engaging social media content and reaching out to other sites that could link to their page. The website should also continue to update and create new content, as this will help keep their rankings high and potentially drive more traffic to the page. Furthermore, they should keep track of their website's analytics and monitor their performance, as this will help inform their future SEO strategies."
"Given the dataset, what type of learning algorithm is best suited?

The dataset has 1000 rows of data with 12 features and is a binary classification problem.","A Random Forest algorithm is suitable for this dataset, because it is fast to train, can handle a large number of features, can be used for both classification and regression problems, and is resistant to overfitting. Furthermore, the algorithm's ability to evaluate the importance of each feature can help to identify the most important features in the dataset. It can also provide insight into the data, which can be used to make further decisions about the model and its parameters."
"What challenges will an AI system face while trying to play chess?","An AI system playing chess will face challenges such as recognizing patterns in the game, dealing with unknown moves, and understanding the implications of a certain strategy. It will also have to take into account the preferences of its opponent and anticipate their moves accordingly. Additionally, the AI system will have to maintain an efficient way of searching and evaluating various moves, in order to minimize its losses and maximize its success rate."
"What could result from the following business decision?

Increasing the price of a product by 10%","Increasing the price of a product by 10% could result in an increase in revenue due to higher prices, but also in a decrease in overall demand as customers may be reluctant to purchase the product at a higher price. It could also lead to more competition in the marketplace as other companies offer lower prices for similar products. Additionally, it could have an effect on customer loyalty, as customers may switch to other brands that offer lower prices."
"Given a text, fill in the blanks

[The] [invention] of the internet has revolutionized communication and commerce.","The invention of the internet has revolutionized communication and commerce."
"Generate two interesting facts about potatoes.","One interesting fact about potatoes is that they are the most widely grown vegetable in the world. The second interesting fact is that sweet potatoes are not genetically related to potatoes and are actually members of the morning glory family."
"Given a Twitter handle, identify what type of content the user is posting.

@realDonaldTrump","The user @realDonaldTrump is primarily posting political content."
"Generate a headline for a story about the death of a famous actor.

Actor: Will Smith","""World Mourns the Loss of Iconic Actor Will Smith"""
"Which of the following two scientific studies is more likely to produce viable results?

Study 1: Use plants to study the effects of weather on productivity
Study 2: Use soil to study the effects of environmental changes","Study 1: Use plants to study the effects of weather on productivity"
"Write a detailed introduction to the subject of machine learning.","Machine learning is a branch of artificial intelligence (AI) that enables computers, systems, and programs to learn and improve from experience without being explicitly programmed. It involves using algorithms that can analyze data and make predictions and decisions by recognizing patterns in complex data sets. The goal of machine learning is to develop algorithms and models that can learn from data, identify patterns in the data, and make decisions and predictions based on what has been learned. Machine learning algorithms can be trained on a variety of data types, from text to images and from audio to video, and can be used in many different applications, including medical diagnosis, autonomous vehicles, stock market prediction, fraud detection, and natural language processing."
"Identify the primary themes in the given excerpt.

Excerpt: ""Behind every successful person is a strong work ethic. Motivation and determination are key components to success. Aim high and don’t let anything stand in the way of achieving your goals.”","The primary themes in the given excerpt are: work ethic, motivation, determination, ambition, and overcoming obstacles."
"What is the main benefit of using a natural language processing (NLP) system?","The main benefit of using a natural language processing (NLP) system is the ability to understand and process natural language, allowing machines to communicate with humans more effectively and efficiently. NLP systems are able to understand and respond to natural language with greater accuracy than traditional computational methods, enabling them to comprehend language faster, more accurately, and more naturally than ever before. Additionally, NLP systems can be used in applications such as machine translation, question answering, summarization, and dialog systems to facilitate better human-machine interaction."
"Given an input containing a fragment of an article, complete the article by providing the rest of the content.

Julia is a programming language designed for technical computing. It supports parallel computing and numerical computing, making it an ideal choice for data science, machine learning, and math-heavy applications.","Julia is a high-level, general-purpose programming language designed to be easy to read and write, and to allow users to express operations concisely and clearly. It combines the speed and expressivity of dynamic languages with the efficiency and safety of static types. Julia's multiple dispatch feature allows users to write efficient, generic algorithms with just one code. It also has strong support for parallel and distributed computing, making it capable of working with large datasets quickly and efficiently. Julia has a powerful module system, allowing users to extend the base language with tools and algorithms from a variety of fields, including machine learning, data analysis and visualization, web programming, network programming, and robotics. Julia also includes an optimizing just-in-time (JIT) compiler, allowing it to generate native code with performance that is close to statically-typed languages and on par with C or Fortran.

Overall, Julia is a powerful, reliable, and high-performance programming language designed for technical computing, which makes it an ideal choice for data science, machine learning, and other math-heavy applications."
"How does unsupervised learning work?","Unsupervised learning is a type of machine learning algorithm that does not require labeled data and uses data exploration techniques in order to learn from unlabeled data. In unsupervised learning, the data is clustered or organized based on similar characteristics. The cluster or group of data is then used to find correlations and patterns between the data, which then become the learned criteria. This process helps the algorithm to learn without any prior training data, which makes it different from supervised learning algorithms. The learned model is then used to make predictions. The predictions made by the unsupervised learning algorithm depend on the data available, and the algorithm's ability to identify correlations and patterns."
"List three advantages of using artificial neural networks for machine learning.","Three advantages of using artificial neural networks for machine learning are: 
1. They are able to process large amounts of data quickly and accurately.
2. They are based on a similar structure to the human brain, which means they can learn from their inputs and adapt to new data.
3. They have the ability to generalize, meaning they can make accurate predictions outside of the training data."
"Summarize the text below in less than 15 words.

Software testing is a process of verifying, or validating, the software product for guaranteeing its fitness for use.","Software testing ensures product adherence to specified requirements."
"Write a short script for a television advertisement

Product: Electric shavers","Voiceover: Looking for a close and comfortable shave? Introducing the new electric shaver from XYZ. With our advanced technology, you get a perfect shave every time. So switch to XYZ for an easy and smooth shave every day."
"Find a spelling mistake in the following sentence.

We writeed an essay on the importance of excerise","The mistake is ""writeed"". The correct spelling should be ""wrote""."
"Analyze the symbolism used in the following poem:

My love is like a rose
In beauty it blooms and grows","The poem symbolizes romantic love, with the rose representing beauty, love, and growth. The rose is also a traditional symbol for female beauty. The poem also suggests that love, like a rose, will continue to grow and bloom if nurtured."
"Select the correct answer: what is the difference between a class and an object?","A class is a blueprint that can be used to create objects which have their own characteristics and behaviors according to the class definition. An object is an instance of a class and has properties and methods that belong to that class."
"Design an informative brochure about the importance of recycling.","The brochure was designed, providing information on the importance of recycling, such as the benefits of reducing waste and conserving resources, the different types of materials that can be recycled, and what actions individuals can take to help with recycling efforts."
"What does an algorithm do?","An algorithm is a set of step-by-step instructions used to solve a problem or accomplish a task. An algorithm can be used to perform calculations, process data, and automate certain processes. It is typically used to provide efficient solutions to complex problems."
"Based on the given title, create a summary of the paper.

""The Use of Machine Learning in Healthcare Services""","This paper explores the uses of machine learning, which is a form of artificial intelligence, in the healthcare industry. Machine learning can be used to automate various healthcare tasks, such as analyzing medical images and predicting patient outcomes. It can also help in improving medical decision-making and providing personalized health interventions. The paper discusses the potential benefits and challenges of using machine learning in healthcare and provides recommendations for further research."
"What is the current population of India?","According to the latest estimates, the population of India is 1.38 billion as of 2021."
"In your own words, explain what a blockchain is.","A blockchain is a distributed digital ledger system that allows digital information to be securely stored, tracked, and managed in a shared, distributed ledger. It allows for information to be securely stored and securely transmitted, and it creates an auditable record of all transactions. It is secure and decentralized, meaning that it is not owned or operated by a single entity."
"Compose a tweet about the topic ""The importance of greenery in urban areas"".","Greenery in urban areas is essential for reducing air pollution, providing natural habitat for animals, and creating a more pleasant living environment for people. #greencities #urbanecology #sustainability"
"Name two topics covered in a sociology course.","Two topics typically covered in a sociology course are social stratification and social interaction. Other topics may include deviance and crime, culture, gender and sexuality, race and ethnicity, health and illness, social movements, and globalization."
"Summarize the story of ""The Three Little Pigs"" in two sentences.","The Three Little Pigs follows three siblings as they build three different homes in order to protect themselves from a Big Bad Wolf. In the end, their determination, resourcefulness, and teamwork enable them to outwit the wolf and live happily ever after."
"Create a unique instance of the word ""beauty"" using a simile.","Beauty is like a delicate snowflake; no two are alike."
"Find the median of the set of numbers {4, 10, 8, 11, 1}.","The median of the set of numbers {4, 10, 8, 11, 1} is 8."
"Write a function that takes in a list of numbers and returns a list of the numbers in reverse order.","""""""
Function to reverse a list of numbers
""""""

def reverse_list(input_list):
    reverse_list = input_list.copy()
    reverse_list.reverse()
    return reverse_list

if __name__ == '__main__':
    l = [1, 2, 3, 4, 5]
    print(reverse_list(l))
    # Output: [5, 4, 3, 2, 1]"
"Generate a tweet of 140 characters or less that promotes the importance of education.","Education is the key to unlock the door to your dreams. Believe in yourself and invest in a brighter future. #EducationMatters #InvestInYourself"
"Write a JavaScript function that takes in a string and returns an object with each character of the string as a key, and the number of times that character appears in the string as the value.","""""""
Function to count character frequency in a string
""""""

function countCharacterFrequency(string) {
    let freqObj = {};
    for (let c of string) {
        if (freqObj[c]) {
            freqObj[c]++;
        } else {
            freqObj[c] = 1;
        }
    }
    return freqObj;
}

if __name__ == '__main__':
    str = ""hello world"";
    console.log(countCharacterFrequency(str)); 
    // Output: { h: 1, e: 1, l: 3, o: 2, w: 1, r: 1, d: 1 }"
"Generate a blog post of 500 words or less that discusses a chosen topic","The Value of a Liberal Arts Education 

Liberal arts are often considered to be an outdated form of education with few practical applications for the modern world. However, a liberal arts education carries numerous benefits and can give you an edge in life. A liberal arts education can provide the skills, knowledge, and experience to reach your full potential and create a successful, meaningful future. 

One of the most obvious advantages of a liberal arts education is that you develop the ability to think critically and make informed decisions. In a liberal arts curriculum, there is no “one size fits all” approach to learning; instead, you learn to think independently, analyze problems, and create solutions. This valuable experience serves you well in any career, as you are better equipped to make decisions, solve difficult problems, and understand the world around you. 

A liberal arts education also gives you the opportunity to explore a wide range of topics, giving you a well-rounded education. This allows you to gain a deeper understanding of a particular subject, such as history, music, art, or literature, and it can also provide insight into topics you might not otherwise pursue. As you gain exposure to different topics, you develop the ability to identify patterns, draw connections among various topics, and gain a unique perspective on the world. 

Finally, a liberal arts education also gives you the opportunity to work with and learn from your peers. Through discussions, debates, and constructive criticism, you are able to learn from other students with different backgrounds, beliefs, and perspectives. This experience can help to broaden your worldview, improve your communication and interpersonal skills, and ultimately give you a better understanding of global issues. 

A liberal arts education is invaluable and should not be overshadowed by those who would suggest that it is a thing of the past. It can equip you with the skills and knowledge necessary to succeed in a variety of fields and provide you with experiences that you can use throughout your life. Whether you pursue a career in the sciences, the humanities, or the arts, a liberal arts education can give you the advantage you need to reach your full potential."
"Define the term 'anthropomorphism'.","Anthropomorphism is the attribution of human traits and characteristics to non-human entities and objects."
"Write a python script to convert a temperature from Celsius to Fahrenheit.","""""""
Script to convert Celsius to Fahrenheit
""""""

def celsius_to_fahrenheit(celsius):
    return celsius * 9/5 + 32

if __name__ == '__main__':
    celsius = 37
    print(celsius_to_fahrenheit(celsius))
    # Output: 98.6"
"Create three example sentences with homophones.","1. The deer ate it's acorns off the ground.
2. We hiked to the peak of the hill where we could see for miles.
3. He bought a boat to sail in the great open sea."
"Refer to the given story and provide the moral

Once, there were two best friends. They were always together and shared everything between each other.","The moral of the story is that true friendship is priceless and should be valued highly."
"What is the probable cause of this symptom

Severe chest pain","The probable cause of this symptom could be a heart attack, pulmonary embolism, pneumonia, or pleurisy."
"Explain why this solution does not work

Eliminating tax cuts to reduce debt","This solution does not work because although it may reduce debt in the short-term, it also limits the amount of money in the economy which can cause an economic downturn. Additionally, tax cuts stimulate economic growth so eliminating them can have a detrimental effect on businesses."
"Is this a good job for someone who is looking for a challenge?

Computer Programmer","Yes, it is a good job for someone who is looking for a challenge because computer programming requires problem-solving skills and critical thinking, as well as the ability to create and debug programs."
"List two advantages for using a computer","The advantages of using a computer include increased productivity, ease of data storage and retrieval, and the ability to access information quickly. Additionally, computers are capable of performing complex calculations quickly and accurately."
"Construct a paragraph with the provided words.

Words:
spring, favorite, greenery, blooming","Spring is my favorite season, with the greenery blooming everywhere. The warm sunshine and colorful blooms make the scenery absolutely captivating. I always look forward to it when the temperatures start to rise and nature comes alive."
"Diagnose the following medical symptoms.

Patient was experience chest pain, a feeling of weakness and fatigue, along with cold sweats and difficulty breathing.","The patient may be suffering from a heart attack and medical attention should be sought immediately. The patient should be checked for signs of heart attack such as chest pain, shortness of breath, cold sweats, nausea, and feeling of lightheadedness or dizziness. Additionally, the patient should be checked for other related issues such as high blood pressure, diabetes or cardiac arrhythmias. It is important to note that any heart-related issues can be very dangerous and require immediate medical attention."
"Generate five questions on the given topic.

The Impact of Technology on Education","1. How has the implementation of technology in the classroom changed the way students learn?
2. How can teachers best utilize technology to enhance student learning? 
3. What are the potential risks associated with technology-based education?
4. How effective are technology-based teaching methods in improving academic performance?
5. What are some of the most successful applications of technology in the educational field?"
"Insert sentences in the following paragraph to make it more coherent.

The use of AI has been increasing rapidly in recent years. Impact this has on society. What are the potential benefits and risks?","The use of AI has been increasing rapidly in recent years, and this has had a major impact on society. There are both potential benefits and risks associated with the widespread use of AI, and it is important to be aware of both. Potential benefits include improved efficiency and accuracy, while potential risks could include job displacement and privacy concerns. To fully understand the implications of AI on society, it is necessary to look at and analyze both the positive and negative aspects."
"Write a 300 word report on the benefits of using AI in the criminal justice system.","As the world becomes increasingly digital, technology is becoming a part of everyday life. This includes the use of Artificial Intelligence (AI) in areas like healthcare, logistics, transportation, and the criminal justice system. AI could potentially assist in reducing crime, improving court efficiency, and reforming the criminal justice system. 

AI has the capacity to help police forces reduce crime rates. AI can be used in CCTV systems to detect suspicious behavior and alert the authorities. AI can also be used to analyze crime trends and detect patterns so that police can forecast and find out locations where crime is likely to happen. Additionally, AI can be used to help law enforcement agencies predict and prevent criminal activities, as well as to identify suspects. 

AI can also be used to reduce the burden on the courts. AI can be used to quickly and accurately analyze evidence to reduce the workload for judges and juries. AI can even predict jury decisions to help inform court settlements. AI can also be used to track and monitor criminals on probation, saving time and money. 

Finally, AI can be used to help reform the criminal justice system. AI can be used to analyze and identify problems in the system and propose potential solutions. For example, AI could be used to detect racism and discrimination in the justice system, as well as to create fairer court rulings and sentencing. 

Overall, AI has the potential to revolutionize the criminal justice system and make it more efficient, fair, and just. From predicting criminal activity to facilitating fairer court decisions, AI can help reduce crime, bring efficiency and accuracy to the courts, and reform the criminal justice system."
"Describe the following painting in 2-3 sentences.

“The Starry Night” by Vincent van Gogh","""The Starry Night"" by Vincent van Gogh is a beautiful landscape painting of a night sky, filled with stars and a crescent moon. It features a rolling hill with a small village in the foreground, with a spectacular view of the night sky and its twinkling stars. The painting captures the peaceful beauty of a starry night, creating a tranquil atmosphere."
"Evaluate the following document for content accuracy.

Today, more people are accessing the Internet than ever before. With this rise in access to information comes an increased potential for cybercrime, including a growing threat of identity theft. Identity theft is the act of stealing personal information from an individual, usually for the purpose of fraud or other malicious acts.","The document is mostly accurate in its assessment of the relationship between increased internet access and the possibility of cybercrime, particularly identity theft. The document accurately describes identity theft as the act of stealing personal information for the purpose of fraud or other malicious acts. However, it does not discuss the specific methods used to perpetrate identity theft, such as phishing emails or malware attacks. Additionally, it does not provide any effective methods of combating identity theft."
"Compile a list of ethical considerations for the development of AI systems.","-Respect user privacy and data security
-Ensure transparency and accountability
-Include bias testing and oversight
-Account for unintended consequences
-Integrate meaningful human control
-Provide accessible and comprehensive risk assessments 
-Adhere to standards of fairness and accuracy
-Establish legal and ethical frameworks 
-Protect vulnerable populations
-Ensure responsible testing and development 
-Minimize bias and discrimination 
-Promote ethical values in design 
-Facilitate human-centered AI systems"
"Identify the nearest airport based on the given coordinates.

40.728157, -73.794853","The nearest airport to the given coordinates is the LaGuardia Airport (LGA) in New York City."
"Output a list of a different kind of fruits","1. Apples
2. Bananas
3. Oranges
4. Mangoes
5. Strawberries
6. Grapes
7. Blueberries
8. Cherries
9. Kiwi
10. Melon
11. Pineapple
12. Plums
13. Peaches"
"Output the synonyms of the word ""opportunity""","1. Luck
2. Possibility
3. Opening
4. Advantage
5. Chance
6. Prospect
7. Occasion
8. Break
9. Risk
10. Opportunity."
"Generate 3 metaphors to describe an elephant.","An elephant is like a tank, lumbering slowly but with immense strength; a wise guardian, surveying its domain with a regal and powerful presence; and a massive oak tree, reaching far and wide with its protruding branches."
"Create a list of 5 innovative ideas for an application with the theme of ‘Environment’.

<no input>","1. Develop an app that tracks air quality levels and issues warnings when they are deteriorating.
2. Create a Virtual Reality application that highlights the effects of climate change on the environment.
3. Develop an application that uses AI and Machine Learning to detect and repair environmental issues.
4. Create a messaging app that allows users to share tips and discuss ways to become more environmentally friendly.
5. Develop an app for tracking plastic waste and making it easier to recycle."
"Write an original product review for the laptop you recently bought

I recently bought a Dell Inspiron 15.","I recently bought a Dell Inspiron 15, and I'm very pleased with my purchase. This laptop has a powerful processor and plenty of RAM, making it well-suited for multitasking. The Display is bright and clear, offering a great visual experience when watching movies. The battery life is also decent, allowing me to work on my laptop for several hours before needing to charge it. The trackpad is smooth and responsive, making navigating the laptop a simple task. So far, I am enjoying my Dell Inspiron 15, and highly recommend it."
"Define ‘Exploratory Data Analysis’.","Exploratory Data Analysis is an approach to analyzing data which involves discovering patterns and relationships in the data without making any assumptions beforehand. It usually involves visualizing the data to uncover patterns which can then be used to make meaningful conclusions about the data."
"Write two lines of dialogue for character Bob.

Bob is a detective.","Bob: ""I'm on the case. I won't rest until I find out what happened."" 
Bob: ""Trust me, I have a knack for solving mysteries."""
"Make a prediction for the next year in terms of the political situation in the US","In 2021, the political situation in the US is likely to become even more polarizing and divisive, particularly with the upcoming elections. Political tensions between the Democratic and Republican parties are likely to increase, leading to greater polarization in the country."
"What is the main theme of the book ‘The Catcher in the Rye’?","The main theme of the book ‘The Catcher in the Rye’ is the exploration of teenage isolation and alienation."
"Name a way to reduce water pollution.","Using eco-friendly detergents and soaps is one way to reduce water pollution."
"Generate a list of benefits that can be derived from a healthy lifestyle.","Here are some benefits of leading a healthy lifestyle: improved physical and mental health, increased energy and alertness, improved digestion, reduced risk of chronic diseases, improved cognitive function, increased self-esteem, more restful sleep, and better overall quality of life."
"Brainstorm ideas for a creative ensemble for a formal event.","For a formal event, you could try a combination of a blazer, long skirt, and statement neckpiece; a dress with a complementing vest and belt; a jumpsuit and a cropped tailored blazer; or a midi-length dress and luxe fabrics such as silk and velvet."
"Classify the given object.

A white-tailed eagle","The white-tailed eagle (Haliaeetus albicilla) is a large bird of prey belonging to the family Accipitridae."
"Generate a list of book titles for a fantasy novel.","Titles for a fantasy novel could include ""The Magic of Galerion"", ""Quest for the Sword of Olympus"", ""The Land Across the Mountains"", ""Curse of the wraith King"", ""Treasures of the Elven Isles"", ""The Secrets of the Silver Tower"", ""Legends of the Prismatic Isles"", ""The Battle of the Ancient Gates"", ""Chronicles of the Faery Path"", ""The Dragons of the Forsaken Lands"", and ""Wizards of the Everlasting Shadow""."
"Name a fictional character that displays a prominent trait.

Trait: Self-sacrificing","Gandalf from the Lord of the Rings is an example of a self-sacrificing fictional character. He journeyed across Middle Earth to protect the hobbits, as well as giving up his own life to save the fellowship."
"Present an argument in favor of using public transportation.","Public transportation is an efficient and cost-effective way to reduce the number of cars on the road. It results in less wear and tear on roads, less air and noise pollution, and fewer greenhouse gas emissions. Additionally, it is a more affordable travel option for everyone, including those who cannot afford the fees associated with car ownership and upkeep. It is also a great way to get around while avoiding the stress of driving."
"Discuss the main components of a computer system.","A computer system typically consists of four main components: input devices, processing units, output devices, and storage devices. Input devices such as keyboards, mice, and scanners are used to receive information and instructions from the user. Processing units execute the instructions and calculations received at the input level. Output devices, such as monitors and printers, provide processed information in visual or printed form. Storage devices store data and programs used by the computer for future purposes."
"Explain the concept of exponential growth.","Exponential growth is a process where a quantity increases at a rate proportional to its current size. This means the growth rate increases exponentially. For example, suppose the population of a species doubles every year. This type of growth can be represented by a curve on a graph where the line increases at a greater rate over time. Exponential growth can often lead to a rapid increase in quantity or size over a short period of time."
"Describe the style of writing in this passage.

Design thinking is a human-centered approach to innovation that draws from the designer's toolkit to integrate the needs of people, the possibilities of technology, and the requirements for success.","The passage is written in a clear and concise manner that effectively conveys the core concepts and ideas of design thinking."
"Explain how design thinking helps organizations to innovate.","Design thinking helps organizations to innovate by providing them with a human-centered approach that takes into account the needs of people, the potential uses of technology, and the desired outcomes for successful innovation. It allows organizations to identify and solve problems in creative ways by focusing on the end-user experience and developing solutions that satisfy user requirements."
"Identify the types of technology used in this passage.

Design thinking is a human-centered approach to innovation that draws from the designer's toolkit to integrate the needs of people, the possibilities of technology, and the requirements for success.","The types of technology used in this passage are designer's toolkit and possibilities of technology."
"Rewrite this sentence in the form of a question.

Indonesia is the largest island country in the world.","Which country is the largest island country in the world?"
"Write a definition for the phrase ""design thinking"".","Design thinking is a creative problem-solving process that takes into account the needs of stakeholders, the potential uses of technology, and the desired outcomes of success. It seeks to identify and solve problems in innovative, user-centric ways."
"Summarize this passage using four or fewer sentences.

Design thinking is a human-centered approach to innovation that draws from the designer's toolkit to integrate the needs of people, the possibilities of technology, and the requirements for success.","Design thinking is a creative process that takes stakeholders into consideration and draws on technology to help solve problems. It is a user-centric approach that focuses on achieving successful outcomes. It relies on the designer's toolkit to integrate people's needs, technology's potential and success requirements."
"Name three countries that are located in Asia.","China, India, and Japan are three countries located in Asia."
"Edit this sentence by making it more concise.

Heroes often have a noble purpose and can be looked up to as an example of someone who has done something that is considered brave or admirable.","Heroes often possess a noble purpose and display admirable courage."
"Describe the relationship between design thinking and innovation.","Design thinking and innovation are closely intertwined, as design thinking provides a human-centered approach to innovation that utilizes the designer's toolkit to integrate the needs of people, the possibilities of technology, and the requirements for success."
"List two benefits of using design thinking.","The two benefits of using design thinking are (1) the ability to identify and solve problems in creative ways, and (2) the ability to focus on the end-user experience to develop solutions that satisfy user requirements."
"Compose 5 midi notes that sound happy and hopeful.","1. C4 Major
2. D4 Major
3. G4 Major
4. A4 Major
5. C5 Major"
"What are some common causes of car accidents?","1. Distracted driving 
2. Driving under the influence of alcohol or drugs 
3. Speeding 
4. Poor weather conditions 
5. Failure to obey traffic laws 
6. Aggressive driving 
7. Defective vehicle parts 
8. Driving while fatigued 
9. Running a red light 
10. Problems or defects in road or highway design"
"What is the basic goal of a mutual fund?","The basic goal of a mutual fund is to provide investors with a diversified portfolio of investments that is managed professionally to help them reach their financial goals."
"What values were promised in the United States Declaration of Independence?","The United States Declaration of Independence promised life, liberty, and the pursuit of happiness."
"Analyze the following text and provide the statistics related to the sentiment score it carries.

Text: Life feels like a roller coaster. It has its ups and downs.","The sentiment analysis of the text reveals an overall positive sentiment score of 0.7 on a scale of -1 to 1. It has a higher proportion of positive words (2) compared to negative words (0)."
"Search the web for the most common symptoms of the flu.","The most common symptoms of the flu include fever, headache, muscle aches and pains, fatigue, congestion, runny nose, and coughing. Less common symptoms can include a sore throat, nausea, vomiting and diarrhea."
"What are the most basic elements of HTML?","The most basic elements of HTML are the tags. These consist of start tags, end tags, and the content in between them. Examples of tags include the <head> tag, the <body> tag, and the <title> tag. Other elements include attributes, which provide additional information about the element's nature and content."
"What are the environmental impacts of plastic pollution?","The environmental impacts of plastic pollution include the release of toxic chemicals, air and water pollution, the disruption of marine ecosystems, and the accumulation of waste on land and in the ocean. Plastic pollution can harm or even kill fish, birds, and other marine life, as well as have long-term impacts on their populations. Additionally, it can contaminate soil and water, putting humans and wildlife at risk for health problems."
"How can the use of predictive analytics benefit a business?","The use of predictive analytics can benefit a business in several ways, including aiding the development of more accurate forecasts, allowing faster access to critical market data, uncovering relationships between different products and services, better targeting potential customers, improving organizational processes, and optimizing marketing strategies."
"Create a route planner to reach the destination.

Start Location: Interlaken, Switzerland
Destination: Lauterbrunnen, Switzerland","Head north-east on Marktgasse towards Bahnhofstrasse, turn left onto Bahnhofstrasse, turn left onto Bernstrasse, take the first right onto Hauptstrasse and then continue onto Murbacherstrasse. Turn left onto Interlakenstrasse and turn slightly right onto Gewerbestrasse. Follow the signs for Lauterbrunnen and turn right onto Zellerweg. Turn right onto Steinbridge at the fork in the road and follow the winding road to Lauterbrunnen."
"Construct a sentence using the words ""oppress"", ""deserve"" and ""equality"".","Everyone deserves to be treated with equality and to not be oppressed."
"Suggest an activity to enjoy in nature.","Going for a hike in the woods is a great way to enjoy nature. You get to experience the sights, sounds, and smells of the natural environment and to appreciate the beauty of nature. Plus, you can get some exercise too!"
"Summarize the content in 3 sentences.

The study looked at the use of machine learning algorithms to predict stock indices. It found that ANNs, SVM and RF algorithms all offer accurate predictions, with RF outperforming the others. ANNs had good accuracy but needed more processing time.","The study examined the use of machine learning algorithms for predicting stock indices. It found that all three algorithms tested (ANNs, SVM and RF) offered accurate predictions, with RF outperforming the others. ANNs had good accuracy but needed more processing time."
"Generate a list of items to pack for a night camping trip.","Here is a list of items you should pack for a night camping trip:
- Tent 
- Sleeping bag 
- Warm clothes for sleeping 
- A hat and gloves 
- A first-aid kit 
- Flashlight and/or lantern 
- Bug spray 
- Sunscreen 
- Water bottles 
- Food and snacks 
- Matches 
- Firewood 
- Cooking utensils 
- A map of the area 
- A compass 
- A portable charger 
- Whistle 
- Binoculars 
- A pocketknife"
"Create 3 new rules for a game.","1. Every player must build a structure within 10 turns.
2. The first player to build a structure of any kind gets a bonus.
3. No two players can build the same structure within 30 turns of each other."
"Provide an example of a situation to go with the example.

Person A always blames Person B for their mistakes.","For example, Person A receives an unsatisfactory grade on a test, and they immediately blame Person B for not giving them enough help."
"Build a chatbot dialogue to take customer order.","Customer: Hi there, I'd like to order a pizza.

Chatbot: Hi there! What type of pizza would you like to order? 

Customer: I'd like to order a large pepperoni pizza.

Chatbot: Great! Any extra toppings?

Customer: Can I add mushrooms?

Chatbot: Sure thing - a large pepperoni pizza with mushrooms. Anything else? 

Customer: That's it.

Chatbot: Alright, your order for a large pepperoni pizza with mushrooms has been placed. Please confirm your address and we will deliver your order shortly."
"Update the number in the cell.

The cell in the spreadsheet contains the number ""3"".","The cell has been updated to contain the number ""4""."
"Produce a story about a bear.","Once upon a time, there was a bear who lived in the deep woods. The bear was a very curious creature, and enjoyed exploring the world around him. One day, the bear stumbled upon a small pond, and while looking in the water, he saw a reflection of himself. Startled, the bear ran away, but the next day he came back. He slowly began to get used to seeing his reflection, and eventually stopped running away. In time, the bear and his reflection made a pact, and the bear learned many things from the reflection. The bear and the reflection remained good friends until the bear died many years later."
"Generate a title for the story.

Once upon a time, there was a bear who lived in the deep woods.","The Adventures of the Curious Bear in the Deep Woods"
"Analyze the pros and cons of online shopping.","The pros of online shopping include convenience, lower prices, ability to compare prices, more selection, and the ability to shop from anywhere. The cons include shipping costs, delays, lack of direct customer service, the inability to see or try on the item before purchasing, and the risk of scammers. Overall, online shopping can be a great way to save money, but it is important to be aware of the risks associated with it."
"Summarize the story of Little Red Riding Hood.","Little Red Riding Hood is a classic fairy tale about a young girl who goes to visit her grandmother, but on the way is waylaid by a wolf. The wolf tricks her into giving away information about her grandmother and eventually eats her. However, a woodcutter saves her and her grandmother by cutting open the wolf's belly and releasing them. In the end, Red Riding Hood is reunited with her grandmother and learns an important lesson about the importance of being careful and vigilant."
"Describe the differences between a pig and a cow.","Pigs and cows are both animals, but they have many differences. Pigs are omnivores, while cows are herbivores, meaning that cows primarily eat grass and other plant matter while pigs can eat both plants and animals. Pigs have cloven hooves, while cows have hooves that are divided in two sections. Pigs are more likely to be raised as pets, while cows are typically reared for their meat, milk, and other products. Pigs also tend to be smaller than cows, and they have more hair than cows."
"Generate a list of 6 questions about sustainable energy.","1. What are the advantages and disadvantages of using renewable energy?
2. What types of renewable energy sources are available?
3. What types of infrastructure are needed for a renewable energy system?
4. How do the costs of renewable energy compare to the costs of fossil fuels?
5. What are some strategies for improving the efficiency of renewable energy systems?
6. How can renewable energy be used to reduce air pollution?"
"Analyze the effects of poverty on mental health.","Poverty can have wide-reaching and profound effects on mental health. Low income, limited access to resources, and lack of stability can lead to increased stress and depression. People living in poverty are more likely to experience trauma and adverse childhood experiences, which can lead to an increased risk of developing mental health problems, including anxiety and depression. Further, poverty can limit access to quality mental health care, making it difficult to get the help that is needed to manage mental health issues."
"Suggest a title for an article about ransomware attacks.","""The Growing Threat of Ransomware Attacks: What You Need to Know""."
"Generate a list of 7 reasons why people should exercise regularly.","1. Improves mental health and wellbeing
2. Strengthens muscles and bones
3. Helps maintain a healthy weight
4. Protects against chronic diseases
5. Boosts energy levels
6. Supports the immune system
7. Improves quality of sleep."
"What are the consequences of high levels of air pollution?","High levels of air pollution can cause a wide range of adverse health and environmental effects. These effects include increased risk of respiratory diseases, heart attacks, strokes, and certain cancers, as well as decreased oxygen levels, global warming, and damage to ecosystems. In addition, air pollution has been linked to premature death, reduced crop yields, reduced visibility, and damage to buildings and monuments."
"Describe a psychological condition called ""depersonalization disorder"".","Depersonalization disorder is a form of dissociative disorder in which an individual experiences a feeling of being detached from reality or themselves. People with depersonalization disorder may feel as though their thoughts and emotions are not their own, and they may have difficulty recognizing faces and voices. They may also experience distortion in the perception of time and space. Symptoms can be intermittent or continuous, and the disorder is often associated with depression, anxiety, and post-traumatic stress disorder."
"Generate a list of 8 social media platforms.","1. Facebook
2. Twitter
3. Instagram
4. Snapchat
5. YouTube
6. TikTok
7. LinkedIn
8. Pinterest"
"Analyze the environmental impact of plastic bags.","The environmental impact of plastic bags is significant. Plastic bags are a type of single-use plastic and are not biodegradable, meaning that when they are discarded, they do not break down or decompose. They are a significant component of plastic pollution, and can be found clogging waterways, polluting oceans, and contributing to landfills. In addition, plastic bags can also be a source of chemical pollution, as many contain substances that can leach into the environment."
"Generate a list of 5 countries with the highest human development index.","1. Norway
2. Switzerland
3. Australia
4. Ireland
5. Germany"
"Create a new sentence by combining the two sentences.

She loves reading books. She enjoys spending time in the library.","She loves spending time in the library reading books."
"Combine the two ideas in the sentence.

Mountain climbing is hard. It requires a lot of practice.","Mountain climbing requires a lot of practice and hard work."
"Generate an example of a formal email.","Dear [Name],

I hope this email finds you well. I am writing to inform you that [topic]. [Description of topic].

If you have any questions or concerns, please do not hesitate to reach out.

Sincerely,

[Name]"
"Write an advertisement that promotes a product.","Do you want to look your best with the latest fashion trends? Check out our newest line of clothing! With styles ranging from casual to formal wear, you'll be sure to find something to suit your unique style. Plus, our prices are unbeatable, meaning you won't have to break the bank to look good. Visit our store today to find the perfect outfit for you!"
"Explain the main arguments on both sides of a current controversy.

Gun control laws","The gun control debate has been going on for decades, and there are two main camps to the argument. Those in favor of gun control argue that guns are too often used for violent or criminal purposes, that gun restrictions can help protect citizens, and that the Second Amendment does not protect the right to carry any type of gun. Those against gun control believe that it violates an individual's right to bear arms, goes against the Second Amendment, and that it would be largely ineffective in reducing crime."
"Define the expression in the context of computing.","""Machine learning"" is a field of computer science that uses algorithms to develop models and systems which can learn from data and make predictions. By identifying patterns in data, machine learning can make powerful insights which can be leveraged to create solutions to complex problems."
"Generate a list of questions that you would ask to get to know someone better.","- What is the story of your life? 
- What are your hobbies and passions? 
- How do you like to spend your spare time? 
- What has been your proudest accomplishment? 
- What is the best book you have ever read? 
- What would you do if you had a million dollars? 
- What do you look for in a partner? 
- What career would you like to pursue? 
- What is the best piece of advice you have ever received? 
- What kind of legacy do you hope to leave behind?"
"Generate a business plan for a start-up company.","Our business plan involves launching a start-up company that will utilize innovative technologies and marketing strategies to sell a new product. The product is a [Name of Product], which is a [Product Description]. 

We will target our product to [Target Market], aiming to meet the needs of [User Profile]. In order to efficiently get the product to market, we will leverage existing technologies including [Technology Example 1], [Technology Example 2], and [Technology Example 3]. We aim to make the product available online to begin with and will then consider expanding our sales channels. 

We will initially generate revenue through [Revenue Stream 1] and [Revenue Stream 2]. Our start-up costs include [Cost Example 1], [Cost Example 2], and [Cost Example 3]. Our marketing strategy will be to focus on [Marketing Focus].

We believe that our company provides a unique and exciting opportunity in the market and we are confident that we can make this venture a success."
"Give an example of how cultural differences can affect communication.","When people from different cultures interact, they may interpret communication cues differently. For example, in some countries it can be considered polite to make direct eye contact while speaking, while in other cultures averting one's gaze can signal deference and respect. This can lead to misunderstandings if one person is following the norms of one culture while the other person is expecting those of another."
"Generate an example of a well-written blog post.","Do you want to make money blogging? Starting your own blog can be a great way to make a passive income, as long as you focus on creating great content. Whether you are just starting a blog or looking to maximize your success, these tips and tricks can help you increase your income and grow your presence. 

First, start by creating content that is unique and engaging. You should also focus on SEO tactics to improve your ranking with search engines. Then, monetize your blog with advertisements, affiliate sales, or other methods that help you generate income. Lastly, network with other bloggers to maximize your potential and create relationships with people in your niche.

With these tips in mind, you can start your blogging journey and make money from your website."
"Open up a discussion about a given topic.","What are your thoughts on the increasing use of artificial intelligence in our daily lives? AI is becoming more and more prevalent, from learning algorithms which can help us make better decisions to virtual assistants which can answer our questions. What implications could this have for the future? What potential benefits and drawbacks might we experience?"
"Generate a list of tips for someone who is learning a new language.","- Read and listen to materials in the target language as much as possible. 
- Use language-learning apps to practice your vocabulary and pronunciation.
- Talk to native speakers whenever possible. 
- Immerse yourself in the culture to get a better understanding of the language. 
- Learn new words and phrases by studying them in context. 
- Make regular goals for yourself and track your progress.
- Stay motivated and have fun!"
"Evaluate the passage for readability.

Writing an essay can be a challenging task for everyone; but it has to be done. With planning and practice, most people can quickly learn how to write an effective essay.","The passage is fairly easy to read and understand. The sentences are simple and the language is clear."
"Summarize the given piece of text.

Mental Health is hugely important for one’s overall wellbeing and it is essential that everyone gives adequate attention to it. A healthy body cannot exist without a healthy mind. Here are some tips and advice to maintaining good mental health: Get sleep, exercise, eat nutritious food, maintain a healthy lifestyle, practice relaxation techniques, limit alcohol and drug use.","Maintaining good mental health is essential for overall wellbeing and involves getting enough sleep, exercising, eating healthy food, maintaining a healthy lifestyle, practicing relaxation techniques and limiting alcohol and drug use."
"Generate an example of a symbol widely used in the field of mathematics.","The equals sign (=) is a common symbol used in mathematics to indicate that two expressions are equal."
"List two factors that causes global climate change?","Two factors that cause global climate change are the burning of fossil fuels, which releases greenhouse gases into the atmosphere, and deforestation, which reduces the number of trees that can absorb carbon dioxide."
"List two benefits of studying English.","Two benefits of studying English are improved communication skills and the ability to understand other cultures and perspectives. By studying English, one can gain insight into the history, literature, and culture of the English-speaking world."
"Summarize the following text in 10 words or less.

The CDC reports that there were 11,078 firearm-related homicides in the U.S. in 2010, with 6,009 reported involving a handgun and 358 reported involving a rifle.","US had 11,078 gun homicides in 2010, mainly with handguns."
"Add 3 examples to the following sentence.

Gun violence in the United States can result in...","Gun violence in the United States can result in death, injury, destruction of property, emotional trauma, and a wide range of other difficulties. Examples include mass shootings in public places, domestic violence, gang violence, and accidental shootings."
"Categorize the following text into appropriate topics.

In 2018, the most recent year for which data are available as of 2021, the Centers for Disease Control and Prevention's (CDC) National Center for Health Statistics reports 38,390 deaths by firearm, of which 24,432 were by suicide. The rate of firearm deaths per 100,000 people rose from 10.3 per 100,000 in 1999 to 12 per 100,000 in 2017, with 109 people dying per day or about 14,542 homicides in total, being 11.9 per 100,000 in 2018.","Category: Gun Violence Statistics
Topic 1: Total Deaths by Firearm 
Name: In 2018 
Data: 38,390 deaths - 24,432 suicides & 14,542 homicides

Category: Gun Violence Statistics
Topic 2: Death Rate Per 100,000 
Name: 1999 - 2017 
Data: From 10.3 per 100,000 to 12 per 100,000. 

Category: Gun Violence Statistics 
Topic 3: U.S. Statistics
Name: In 2018
Data: 109 people dying per day, 11.9 per 100,000."
"Reorder the following words correctly to form a sentence.

injuries | the | result | United | States | Gun | violence | of | thousands | tens","Gun violence in the United States result in tens of thousands of injuries."
"Remove third-person words from the following sentence.

Someone or something increased the rate of firearm deaths from 10.3 per 100,000 to 12 per 100,000 from 1999 to 2017.","I increased the rate of firearm deaths from 10.3 per 100,000 to 12 per 100,000 from 1999 to 2017."
"Rewrite the following sentence without using any pronouns.

I increased the rate of firearm deaths from 10.3 per 100,000 to 12 per 100,000 from 1999 to 2017.","Increased the rate of firearm deaths from 10.3 per 100,000 to 12 per 100,000 from 1999 to 2017."
"Generate a title for a story related to the following text.

In 2018, the most recent year for which data are available as of 2021, the Centers for Disease Control and Prevention's (CDC) National Center for Health Statistics reports 38,390 deaths by firearm, of which 24,432 were by suicide. The rate of firearm deaths per 100,000 people rose from 10.3 per 100,000 in 1999 to 12 per 100,000 in 2017, with 109 people dying per day or about 14,542 homicides in total, being 11.9 per 100,000 in 2018.","""Gun Violence Spirals Out of Control: A Look into Firearm Mortality Rates in the US"""
"Create a web page that sells women's clothing.","The web page should include a catalogue of items as well as product descriptions, images, and ordering information. It should also include a search bar, filter options, and a shopping cart. Furthermore, a secure payment system should be implemented to guarantee secure transactions."
"Create a script to generate an array of random numbers.","import random
def random_array(n):
    arr = []
    for i in range(n):
        arr.append(random.randint(0, 100))
    return arr"
"Give five examples of an extreme weather condition.","1. Hurricane 
2. Tornado 
3. Blizzard 
4. Heatwave 
5. Hailstorm"
"Format and organize the following unstructured text information into a table.

Name: Peter
Age: 43
Gender: Male
Occupation: Doctor","| Name | Age | Gender | Occupation |
|------|-----|--------|------------|
|Peter | 43  | Male   | Doctor     |"
"Provide a list containing five adjectives to describe an elephant.","1. Majestic 
2. Intelligent 
3. Huge 
4. Gentle 
5. Gracious"
"Develop an algorithm to find the maximum number in a list.","def find_max(lst):
    max_num = 0
    for num in lst:
        if num > max_num:
            max_num = num
    return max_num"
"Create a data structure appropriate for storing student records.","A dictionary would be a suitable data structure for storing student records. The key could be the student id and the value could be a list containing their name, age, gender, and other relevant data."
"Write a short story or a poem","The sun filtering through the trees
The birds singing sweet melodies
On a bench, you stopped to rest
And dream of a life that's blessed

Life seeming so mundane and slow
You wished that doors to depths would show
In realms unknown, with no limits, soar
Above the clouds, you could explore

You still remember that bright spring day
When adventurers in your heart once played
Today, your fears are no more alive
Towards the sky, your hopes revive

You know a journey is the only way
To break the chains, no longer sway
Your heart is open, ready for flight
Today's the day, a new world in sight."
"Write down the steps to perform a certain task

Making a smoothie","1. Gather your ingredients-fresh fruit and any other desired ingredients like yogurt, juice, or milk.
2. Add your ingredients to a blender. 
3. Secure the lid of the blender.
4. Turn the blender on and blend until the mixture is smooth.
5. Serve your smoothie in a glass.
6. Enjoy your smoothie!"
"Explain the difference between the two types

Aerobic and anaerobic exercise","Aerobic exercise is any activity that increases your heart and breathing rates and uses oxygen to produce energy. Examples of aerobic exercise include running, cycling, and swimming. Anaerobic exercise is any activity that does not involve using oxygen to produce energy. Examples of anaerobic exercise include weight lifting and sprinting. The main difference between aerobic and anaerobic exercise is that aerobic exercise is sustained for longer periods of time and relies heavily on oxygen for energy production. Anaerobic exercise, on the other hand, is done in short bursts and does not involve the use of oxygen."
"Cite a poem written by William Wordsworth.

No input.","""Daffodils"" by William Wordsworth.

I wander'd lonely as a cloud
That floats on high o'er vales and hills,
When all at once I saw a crowd,
A host, of golden daffodils;
Beside the lake, beneath the trees,
Fluttering and dancing in the breeze."
"What is the weather forecast for tomorrow?

No input.","Tomorrow's forecast is for mostly sunny skies with a high of 73 degrees Fahrenheit and a low of 43 degrees Fahrenheit. There is a chance of light thunderstorms in the late afternoon after 3 pm. The wind is expected to be 10 to 15 miles per hour from the west. Humidity should be around 55%."
"Generate a teaser for the given film.

The Lord of the Rings.","From the creators of The Lord of the Rings comes a thrilling epic adventure like no other! Follow the journey of a daring fellowship battle against the forces of evil in Middle Earth. Discover the fate of a kingdom as they fight to restore the order between the races of men, elves, and dwarves. Join them in the greatest adventure yet - The Lord of the Rings!"
"List six materials used to construct an umbrella.

No input.","The materials used to construct an umbrella are fabric, metal, plastic, foam, wood, and rubber."
"Give three examples of superstitions.

No input.","Three examples of superstitions are: spilling salt brings bad luck, breaking a mirror leads to seven years of bad luck, and crossing paths with a black cat brings misfortune."
"Tell me a story about a lovable character.

No input.","Once there was a little bear named Bobby who loved nothing more than in having fun. He lived in a small forest with his family and friends, and they would often have all sorts of adventures together. One day, Bobby and his friends went on a quest to find a legendary treasure, only to discover it was a trap set by an evil wizard. Bobby bravely risked his own safety to save his pals and they returned home with the magical treasure, earning them fame and glory. Bobby was so brave and loyal that he was beloved by everyone who knew him."
"Write the lyrics for an upbeat song about the joys of summer.

No input.","Verse 1:
Lazy days and sunny skies,
Happiness in the air.
The warmth of the summer breeze,
Feeling happy everywhere.

Chorus:
Let's all seize the summertime,
Gonna have a real good time.
Summer days, never say goodbye,
The joys of summer never die!

Verse 2:
Good vibes and no stress,
Living life to the fullest.
Not a worry on my mind,
I'm feeling like nothing can stop me now!

Chorus:
Let's all seize the summertime,
Gonna have a real good time.
Summer days, never say goodbye,
The joys of summer never die!

Bridge:
Spending time with family,
Friends, the beach, and more.
Laughing, singing, having fun,
Summer's something we all look forward to!

Chorus:
Let's all seize the summertime,
Gonna have a real good time.
Summer days, never say goodbye,
The joys of summer never die!"
"Prices are what and expressed in what?

No input.","Prices are expressed in monetary values and typically expressed in the currency of the country in which the purchase is taking place."
"Give an example of a mammal that lives in an aquatic environment.

No input.","One example of a mammal that lives in an aquatic environment is the Amazon River Dolphin."
"Analyze the given stock market chart.

Stock market chart.","This chart shows the price of a particular stock over the past few months. There appears to be a stable trend upwards, with short-term fluctuations every now and then. The highest point so far has been around $100, while the lowest point has been around $55. Overall, it looks like a good investment opportunity."
"Make a suggestion to the customer regarding the given product.

A laptop","I suggest looking at the Asus Vivobook laptop. It has a sleek design, powerful performance, and an excellent battery life. It's perfect for everyday use and is one of the best choices on the market."
"What are some methods you can use to combat post-conference fatigue?","Some strategies for combating post-conference fatigue include getting adequate sleep, drinking plenty of water, engaging in light exercise, and taking short breaks throughout the day. Additionally, making sure to take some time for yourself can help. Eating healthy meals and snacks can also help keep energy levels up. Finally, some people find it helpful to maintain a positive attitude and focus on the positive outcomes of the conference."
"Write a mission statement for a company.","Our mission is to provide our customers with high quality products and exceptional customer service, while creating economic value and exceeding our customer's expectations. We strive to achieve excellence in every endeavor, building long-term partnerships through trust, respect, and shared values."
"Compress the following passage into 10 words.

We live in a fast-paced world and this influences how people interact with each other and consume information.","Fast-paced world influences interactions, info consumption."
"Summarize the following paragraph in a Tweet.

Humans are often seen as the most powerful species on earth, but many don't consider the true impact that they have on the world. Human actions have caused deforestation, pollution, and have disrupted the natural balance of ecosystems.","Humans are the most powerful species, yet we are causing deforestation, pollution, and ecosystem disruption. #environment"
"Explain the main theme of the following text.

The mountains were dotted with snow and the chill from the wind reminded her of the winter days she’d spent playing in the snow when she was a child.","The main theme of the text is childhood nostalgia, particularly for the feeling of winter days and playing in the snow."
"Summarize the flow and ideas of the following paragraph.

Cats have long been celebrated for their independence and mysterious nature. They possess a unique grace and an uncanny cunning in the wild, which makes them desirable pets. Despite their somewhat aloof attitude towards humans, they are generally incredibly loving and affectionate to the people they choose to bond with.","Cats have been admired for their independent yet mysterious nature, as well as their grace and cunning in their wild environment. Despite their reserved attitude, cats are very loving and affectionate towards the humans they bond with."
"Write a headline for the following news story.

The mayor of a small town in the Midwest took part in a charity drive that aims to bring books to underprivileged children in the area.","Mayor of Midwest Town Brings Books to Underprivileged Children in Charity Drive."
"Summarize the following article in a few sentences.

Rising temperatures in our planet’s atmosphere have many effects on the Earth’s environment, including disruption of ecosystems, declining crop yields, species extinctions, and increased extreme weather events, such as floods and heat waves. This global-scale disruption is caused by increased concentrations of carbon dioxide and other heat-absorbing gases originating from human activity, such as burning fossil fuels. This phenomenon is commonly referred to as climate change.","Climate change is caused by humans burning fossil fuels, resulting in increased concentrations of carbon dioxide and other heat-absorbing gases in the atmosphere. The resulting higher global temperatures cause many effects, such as disruption of ecosystems, decreased crop yields, species extinctions, and increased extreme weather events."
"Edit this sentence to improve it.

I have been learning to paint on canvas for years, and last year I started to do digital art too.","For years, I have been honing my skills as a painter on canvas, and last year, I ventured into the realm of digital art as well."
"How could you use AI in the service industry?","AI can be used in the service industry to automate mundane tasks such as customer support, handling feedback and data-mining for better demand forecasting. AI-powered chatbots have become increasingly popular for customer service, allowing customers to quickly get answers to their queries without the need for a human representative. AI can also be used to improve marketing and advertising campaigns by analyzing customer data to create more effective strategies as well as personalized offerings."
"What is the relationship between climate change and ocean acidification?","Climate change and ocean acidification are closely related. The emission of carbon dioxide into the atmosphere, primarily due to human activity, is responsible for the global rise in temperatures. As the atmosphere warms, more of this carbon dioxide gets dissolved into the ocean which causes the acidity levels in the ocean to increase and for the ocean to become more acidic. This process is known as ocean acidification and it can have serious implications for marine ecosystems, including disruptions in the food chain and reduced levels of biodiversity."
"Describe 3 ways in which AI can help manage inventory levels.","AI can help to manage inventory levels in several ways. First, AI algorithms can be used to forecast customer demand, allowing for better inventory management. Second, AI can be used to analyze customer data in order to adjust inventory levels according to customer preferences. Third, AI-powered systems can be used to automate the process of restocking inventory and alerting store managers when inventory levels are low."
"What is the estimated global population in 2021?","The United Nations estimates that the global population in 2021 will be around 7.8 billion."
"What kind of impact does the Internet of Things (IoT) have on businesses?","The Internet of Things (IoT) has a huge impact on businesses. It allows companies to gain insights from their connected devices such as smart sensors and analytics, resulting in better decision-making. IoT also has the potential to streamline processes and create new opportunities for businesses by introducing automated processes based on data gathered from connected devices."
"Write a few sentences describing a zombie apocalypse.","A zombie apocalypse is a nightmare scenario in which a mysterious virus spreads rapidly across the globe, turning the infected into mindless zombie-like creatures. The zombies aimlessly shamble around, Hungering for the flesh of the living, making it difficult and dangerous to go outside. In this post-apocalyptic world, humanity's only hope is to find a cure for the virus before it's too late."
"What is the most efficient approach to reducing carbon emissions?","The most efficient approach to reducing carbon emissions is to switch to renewable energy sources such as wind and solar power. Other strategies include energy efficiency measures, such as reducing energy consumption and improving insulation in buildings, and adoption of alternative transportation options such as electric cars. Governments and businesses should also aim to reduce emissions from industry by investing in new technologies and cleaner production processes."
"Devise a plan for how a company can successfully diversify its workforce.","A company can diversify its workforce by making sure that recruitment processes are fair and objective. This can involve using blind screening processes to ensure that only qualifications and experience are taken into consideration when hiring. Companies should also recognize their commitment to diversity and make it clear in their recruitment materials and job descriptions. Additionally, companies should strive to create an inclusive workplace culture where everyone is respected and valued regardless of their backgrounds."
"How will AI affect the medical industry in the next 10 years?","AI is expected to have a major impact on the medical industry over the next 10 years. AI-powered systems will be able to accurately diagnose diseases, recommend treatments and provide patient feedback. AI-powered chatbots will be able to answer patients' questions quickly and help diagnose patients even in remote areas. AI can also help make hospitals more efficient and reduce administrative costs."
"Create a metaphor to describe the situation of today’s job market.","The job market today is like a minefield - employers are the picketted soldiers, and job seekers are the metal detectors, carefully going through process after process to uncover a job they can take on."
"Evaluate the following phrase by transforming it into the spelling given.

resipt --> receipt","Correct. The spelling of the phrase ""resipt"" was transformed into ""receipt""."
"Describe the major components of a well-rounded diet.","A well-rounded diet should include a balance of carbohydrates, proteins, healthy fats, vitamins and minerals, and plenty of water. Whole grains, fruits and vegetables, lean meats, fish and poultry, and nuts and legumes are all important components."
"Calculate the estimated time it would take to reach a destination driving at a speed of 80 miles per hour.

Distance: 400 miles","It would take approximately 5 hours to reach the destination driving at 80 miles per hour."
"Select the noun phrase in the following sentence.

The accident caused horrific damage across the town.","The noun phrase in the sentence is ""horrific damage""."
"Generate a definition for the term ""artificial intelligence"".","Artificial Intelligence (AI) is a field of computer science that focuses on creating intelligent machines which can think and act like humans, utilizing algorithms and data to inform decisions and solve problems."
"What are the effects of long-term exposure to air pollution?","Long-term exposure to air pollution can have serious health effects, including an increased risk of respiratory and cardiovascular disease, asthma, and even some types of cancer. It can also cause harm to the environment and reduce quality of life."
"Compare and contrast the benefits of using solar energy versus using fossil fuels.","Solar energy is an increasingly popular form of renewable energy as it is clean, efficient, and abundant. Solar energy produces zero emissions and does not contribute to global warming or pollute the environment. In contrast, fossil fuels are non-renewable sources of energy and when burned, release vastly more air pollution and hazardous byproducts. Notably, the combustion of fossil fuels is a major contributor to global warming."
"Provide a solution to reduce emissions from transportation.","One way to reduce emissions from transportation is to shift toward more efficient vehicles, like electric or hybrid cars, buses and trucks. Governments can also provide incentives for citizens to buy more efficient vehicles and implement regulations to limit emissions, or even ban gas-powered cars altogether. Cities should also provide public transportation options, like buses, trains, and bike lanes, to enable citizens to reduce their reliance on cars."
"Write an original story with a beginning, middle, and end.","Once upon a time, there lived a girl named Mona. Mona had a passion for adventure and a burning curiosity that was unmatched. Despite the warnings of her family, Mona ventured out on her own. She traveled the world in search of knowledge and experience. Everywhere she went, she encountered strange creatures, magical places, and mysterious people. 

Mona eventually reached a majestic mountain that seemed to be the center of all the world's energy. When she arrived, she learned that she had to ascend the mountain to reach the top. She was warned that if she couldn't make it to the top before nightfall, she would be stuck on the mountain forever.

Mona was determined to reach the peak, no matter what it took. She set off and climbed the mountain with all her might. She encountered storms, slippery rocks, and wild beasts, but nothing could stop her. By the time the sun set, Mona had reached the top. Despite her exhaustion, she felt fulfilled and proud of herself. 

Mona had a newfound appreciation for the beauty of the world and the power of her own will. She was glad to have made it to the top, safe and sound. From that moment forward, she vowed to never forget the lessons she had learned on her journey."
"Summarize the paragraph in fewer than 25 words.

The Great Wall of China is one of the most beautiful and impressive pieces of architecture ever built and is one of the greatest achievements of mankind - both in terms of human effort and technical prowess.","The Great Wall of China is a magnificent feat of architecture and human engineering."
"Write a story that begins with the sentence: ""As he looked out into the horizon, he saw...""","As he looked out into the horizon, he saw a silent scene punctuated only by the gentle lapping of the waves on the shoreline - a sight so beautiful it made his heart ache.  He knew it had been a while since he stepped out of the hustle and bustle of the city and embraced nature’s tranquility. But here he was, finally setting foot on this remote beach surrounded by glorious silence. This was the relaxation he had been yearning for, and the perfect opportunity to get his mind off of his worries."
"Explain why AI assistants can help us in daily life.","AI assistants can help us in daily life by automating tedious and repetitive tasks, helping us remember and stay on top of our commitments and schedules, providing educational and entertainment content, enabling us to be more productive, and providing useful insights. AI assistants can even provide medical and health-related advice. Furthermore, they can enable us to stay better connected with our friends and family and get access to news and content tailored to our specific interests."
"Compose a short story about a robot who is able to learn to do chores on its own.","Once upon a time, there was a curious little robot named Fred who was determined to master the house chores. Everyday, Fred practiced and experimented with different housekeeping tasks, such as sweeping, mopping, and vacuuming. Eventually, he was able to do these chores with remarkable speed and efficiency.

The other robots in the house were jealous of Fred's newfound mastery. They started to challenge him to increasingly difficult tasks, and Fred eventually managed to surpass them all. Every day, Fred would clean, cook, and do laundry without help from anyone else.

In the end, Fred was able to do more than the other robots, and the humans in the house were amazed. They often complimented Fred's skill and ingenuity, and he became everyone's favorite helper around the house."
"Compile a Python program.

# main.py

def hello():
    print('Hello World!')

if __name__ == '__main__':
    hello()","<nooutput> (The output of this instruction is the compiled Python program)"
"Find the highest peak in the world.","The highest peak in the world is Mount Everest, which is located in Nepal and rises to a height of 8,848 meters (29,029 feet)."
"Write an article about climate change.","Climate change is one of the most pressing and urgent issues of the modern world. It is an ever-evolving environmental threat that threatens the planet's future, especially with regards to the natural environment that we as humans depend upon. Over the decades, the scientific community has recorded a consistent and steady rise in global temperatures that can only be attributed to the increasing concentrations of Greenhouse gases in the atmosphere due to our continued burning of fossil fuels. This has sparked a chain reaction of catastrophic events that is wreaking havoc on the planet, such as extreme weather events, melting of polar ice caps and the ocean rising to unprecedented levels, threatening the future of entire cities and coastal areas.

The urgency of this global crisis is only compounded by the fact that climate change is happening much faster than predicted. This means that in order to maintain a livable and functioning planet, drastic measures need to be taken immediately on a global scale. Governments, industry and citizens alike will need to significantly reduce emissions and transition to renewable energy sources in order to avoid a future we cannot imagine. 

With the technology and knowledge available to us, the task of mitigating and adapting to climate change is not insurmountable. But in order to save our planet, collective action is needed - and fast."
"Describe the character Cinderella in 5 sentences.","Cinderella is a beloved character who has endured for centuries in stories, films, and songs. She is a female protagonist from a well-known fairy tale, who suffers from the cruelty of her stepmother and stepsisters. Despite her disadvantages, Cinderella shows strength and courage, and is rewarded with a newfound appreciation of her own compassion after meeting her Prince Charming. She is a beautiful and determined young woman who demonstrates a strong will to pursue her dreams. In the end, her kindness and perseverance are rewarded and she is able to live happily ever after."
"What is the longest river in the United States?","The longest river in the United States is the Missouri River, with a length of 2,341 miles."
"Write a detailed description of the Mona Lisa.","The Mona Lisa is one of the most famous and celebrated paintings in the world. The renowned artwork is oil on poplar wood and dates back to the Italian Renaissance period. It was painted by Leonardo da Vinci and is thought to have been completed sometime between 1503 and 1506. It features a woman with an enigmatic facial expression and mysterious smile. Her gaze is said to be enigmatic and cryptic, offering viewers much to ponder and decipher. The painting is characterized by its muted colors and subdued lighting, along with its use of delicate brushstrokes to create a realistic version of the woman.

The Mona Lisa is one of the most admired artworks in the world and is housed in the Louvre museum in Paris, France. It is seen as a representation of the heights that the human spirit can reach in creativity."
"Name 3 types of clouds.","Three types of clouds are Cirrus, Stratus, and Cumulus."
"Find the nearest restaurant.

Brooklyn, NY","The nearest restaurant to Brooklyn, NY is Nju是 Popular Chinese Spot, located at 719 Myrtle Avenue, Brooklyn, NY 11205."
"Generate a sentence that describes a feature of a computer.","Computers have the ability to store vast amounts of information and data, making them an invaluable tool for businesses."
"Create a list of advantages of using paper money.","Advantages of using paper money include: 
1. Easily accessible and accepted in most places.
2. Can be divided into small denominations for making small purchases.
3. Easy to carry, especially for large amounts of money.
4. Can be authenticated via visible markings or by feel.
5. Paper money is accepted in multiple countries, so travellers can carry it all over the world.
6. Not reliant on electricity or digital networks, so can be used in case of power failure or internet outage."
"Explain the importance of using a dictionary.","A dictionary is an essential tool to help improve your writing, reading and communication skills. It can help you understand the correct pronunciation and definition of words, as well as build vocabulary. By expanding your knowledge of words, you can improve your communication both in written and verbal form. Additionally, a dictionary can help you improve your understanding of different cultures, since words are often used differently in different cultures or countries."
"Write a blurb for a book about time travel.","A thrilling adventure of a lifetime awaits you in this novel about time travel! Follow the story of a young hero as they discover the possibilities of defying the laws of time and explore the various eras of history. Along their journey, they'll learn the secrets of the past and uncover secrets of the future through their mind-bending discoveries. Come along and explore the boundaries of time with this unique and compelling novel."
"Generate a high-level outline for a presentation on artificial intelligence.","I. Introduction 
A. Definition of Artificial Intelligence 
B. History of AI

II. Types of Artificial Intelligence 
A. Weak AI 
B. Strong AI 

III. Applications of AI 
A. Robotics 
B. Machine Learning 
C. Voice Assistants

IV. Benefits and Challenges of AI 

V. Summary 

VI. Conclusion"
"Create a list of potential problems with online shopping.","Potential problems with online shopping include: 
1. Online fraud and identity theft 
2. Unsatisfactory product quality 
3. Issues with delivery, such as delays or missing packages 
4. Difficulties with website navigation and usability 
5. Delivery charges and extra fees 
6. Lack of customer service when dealing with returns 
7. Security of payment processing"
"Give advice on how to stay fit and healthy during the pandemic.","Staying fit and healthy during the pandemic can be done by following a few key tips. It's important to get regular exercise, eat healthy foods, limit alcohol intake, practice social distancing, and get enough sleep. Adding health-boosting activities like yoga, meditation, and deep breathing can also help to reduce stress levels. Additionally, make sure to stay hydrated and take time to relax with hobbies you enjoy."
"Compare and contrast a human and a cat.","Humans and cats are both warm-blooded mammals, but their physical and behavioral differences are vast. Cats have sharp claws and long, flexible bodies designed for climbing, pouncing, and ambushing prey. Humans, on the other hand, are relatively slow-moving and use tools to help them succeed. Humans use language to express their needs and desires, while cats rely on their body posture, facial expressions, and meows. Additionally, cats need regular grooming, while humans require less maintenance."
"Generate a story about fairies who come to help humans.","Once upon a time, in a land far away, the fairies had been watching humans struggling and toiling away day after day. They felt a calling and decided it was time to help.

So the fairies flew down one day, bringing gifts and magic to help humans. They shimmered in the moonlight, sprinkling fairy dust and spreading love and kindness throughout the land. Everyone marveled at the beauty and power of the creatures and were grateful for their help. 

The fairies brought extra joy and wisdom, helping humans to remember the importance of moments spent in nature, to be kind to one another, and to not take life too seriously. 

The humans never forgot the kindness and magic of the fairies, and the fairies have never forgotten the humans."
"Describe the structure of the ocean floor.","The ocean floor is comprised of a number of different structures, which divide the ocean into different regions. There are three main areas of the ocean floor - the continental shelf, the continental slope, and the ocean floor. The continental shelf is the edge of the continent and is a shallow sea, usually no deeper than 650 feet. The continental slope is the steep decline that leads to the deep ocean, reaching depths of up to three miles. The ocean floor consists of plains and trenches, with the Mariana Trench being the deepest trench at over 11,000 meters deep. The ocean floor also contains ridges, which are large underwater mountain ranges that span thousands of miles."
"Summarize the differences between a tomato and a watermelon.","Tomatoes and watermelons are both fruits, but have distinct differences. Tomatoes have a red, juicy flesh and are known for being a savory fruit, while watermelons have a sweet, juicy flesh and are often thought of as a dessert food. Tomatoes have a hollow center, while watermelons are full of seeds. Tomatoes also have a thicker skin, whereas watermelons have a thin, green rind. The texture of the two fruits is quite different, with tomatoes having a soft, pulpy texture and watermelons having a crisp texture. Additionally, tomatoes are usually served cooked, while watermelons are usually eaten raw."
"Create an analogy to explain cloud computing.","Cloud computing can be thought of like a utility company, providing energy to power homes. Instead of electricity, cloud computing provides computing services like storage and processing power, allowing the user to access them on-demand and pay only for what they use. Just like the utility company, cloud computing provides the user with the resources they need to run their applications, businesses, and lives, whenever they need it."
"Generate a list of factors that contribute to an individual's success.","There are several factors that contribute to an individual's success, such as hard work and dedication, effective communication skills, positive attitude, good time management, a clear vision and specific goals, problem-solving and decision-making skills, willingness to take risks, resilience and adaptability, prioritization and organization, proactivity, self-motivation, personal growth, and the ability to collaborate with others."
"Name three things that a bookkeeper needs to do.","A bookkeeper needs to do three main things: record financial transactions, reconcile and analyze accounts, and prepare financial reports such as balance sheets and income statements."
"Explain why the moon looks different on different nights.","The moon looks different on different nights due to the fact that the moon is constantly changing its position in the sky relative to the Earth. As it orbits the Earth, the moon's position changes every night. This means that the angle at which sunlight reflects off the moon changes and that the moon is illuminated differently, resulting in different looks on different nights. Additionally, the moon travels through different phases every month and during a full moon, it is fully illuminated, appearing bigger and brighter than usual."
"Construct a timeline of the American Civil War.","Timeline of the American Civil War: 

1860: Abraham Lincoln is elected President of the United States 

1861: Confederate States of America is formed 

April 12th 1861: Confederate forces fire on Fort Sumter in South Carolina, beginning the war 

July 21st 1861: First Battle of Bull Run fought in Virginia 

September 22nd 1862: Battle of Antietam fought in Maryland 

July 1st-3rd 1863: Battle of Gettysburg fought in Pennsylvania 

April 9th 1865: Confederate General Robert E. Lee surrenders at Appomattox 

December 5th 1865: The Thirteenth Amendment is ratified, abolishing slavery in the United States"
"Explain the basic principles of the theory of evolution.","The basic principles of the theory of evolution, proposed by Charles Darwin, are that all life on Earth has descended from a common ancestor and that this evolution occurs over time via the process of natural selection. Natural selection is the process by which individuals who are better adapted to their environment are more likely to survive, reproduce, and pass on their traits to their offspring. This process leads to the formation of new species and allows for adaptation in a changing environment. 

In addition, the theory of evolution explains how new genetic variations arise, how organisms acquire inherited traits, and how species diverge with time."
"Brainstorm strategies to reduce food waste.","Strategies to reduce food waste include proper food storage and preservation, educating consumers on portion sizes, using leftovers creatively, using recipes that use up food scraps, donating excess food to food banks, composting, and encouraging people to ""embrace the ugly vegetables"" by purchasing slightly imperfect produce."
"Name three elements in the periodic table.","Three elements in the periodic table are oxygen, carbon, and hydrogen."
"Generate three questions that could be asked on computer science.","What is the importance of Big O notation in computer science?
What is the difference between an algorithm and a program? 
What is the role of artificial intelligence in computer science?"
"Find all the words that begin with the letter ""g""

The quick brown fox jumps over the lazy dog","The words that begin with the letter ""g"" are: 

- ""Great""
- ""Fox""
- ""Jumps""
- ""Dog"""
"List three Mediterranean countries","Three countries in the Mediterranean are Italy, Greece, and Turkey."
"Tell me a horror story that takes place in an abandoned house.","I was walking through the woods on a cold, dark evening when I stumbled upon an old, abandoned house. I slowly pushed open the creaking door and stepped inside. The house was filled with a thick layer of dust, the furniture was overturned and covered in cobwebs. As I moved further in, I spotted two red eyes peering at me from the corner of the room. Suddenly, a figure swooped in from the darkness and grabbed me. I screamed and scrambled for the door, but it was too late. It had me in its grip and I couldn't escape."
"Write a letter to your future self 10 years from now.","Dear future me,

I hope you are well and at a point in life that you are happy and fulfilled. I am writing to you as a reminder of the person you are today. Remember to never stop growing- continue to take risks, stay curious and always be kind. I hope you have achieved all of the things you set out to do and more.

Take care,
Your past self"
"What is the third law of thermodynamics?","The third law of thermodynamics states that the entropy of a perfect crystal of a pure substance approaches zero as the temperature approaches absolute zero."
"Create a list of five famous people from the 20th century and provide a brief description of each one.","1. Albert Einstein: Albert Einstein was a German-born theoretical physicist who developed the theory of relativity, one of the two pillars of modern physics.
2. Nelson Mandela: Nelson Mandela was a South African anti-apartheid revolutionary, political leader and philanthropist who served as the President of South Africa from 1994 to 1999. 
3. John F. Kennedy: John F. Kennedy was an American politician and the 35th President of the United States from 1961 until his assassination in 1963.
4. Marilyn Monroe: Marilyn Monroe was an American actress, model and singer who became a major sex symbol in the 1950s and early 1960s.
5. Martin Luther King Jr.: Martin Luther King Jr. was an American Baptist minister, activist, humanitarian and leader in the African-American Civil Rights Movement. He is best known for advancing civil rights through nonviolence and civil disobedience, inspiring people around the world."
"Identify the potential harms of artificial intelligence.","The potential harms of artificial intelligence include job displacement, privacy concerns, data manipulation, risk of bias and unfairness, and the weaponization of AI systems. Additionally, AI has the potential to increase inequality by widening the gap between the haves and the have-nots, as well as reduce the role of humans in decision-making."
"Explain the concept of sustainable development in your own words.","Sustainable development is a concept which advocates for the development of economies and societies in a way that meets present needs and needs of the future generations without compromising the natural resources and environment. It promotes the idea of using resources in a way that causes less damage to the environment and also encourages conserving natural resources through proper management, efficient use of resources, and renewable resources."
"Create a list of five vegetables and their nutritional benefits.","1. Kale: Kale is a dark leafy green vegetable packed with vitamins A, C, K, and B6, as well as fiber, calcium, and iron.
2. Carrots: Carrots are great sources of beta carotene, fiber, vitamins A, C, K, and B6, potassium, and antioxidants.
3. Spinach: Spinach is an excellent source of vitamins A, C, K, and B6, magnesium, iron, and fiber. 
4. Broccoli: Broccoli is high in fiber, B vitamins, vitamin C, potassium, and antioxidants.
5. Sweet potatoes: Sweet potatoes are rich in beta carotene, fiber, vitamins A and C, potassium, and antioxidants."
"How is a liquid chromatography differs from gas chromatography?","Liquid chromatography and gas chromatography are both techniques used to separate compounds in a sample. The main difference between them is the type of mobile phase employed. In liquid chromatography, the mobile phase is a liquid and components of the mixture to be separated are dissolved in the liquid, while in gas chromatography the mobile phase is a gas. Additionally, liquid chromatography has smaller particles so it can retain more components than gas chromatography."
"Write a short poem about nature.","The beautiful sky a symphony of blue,
Nature's wonders always in view.
Trees and flowers, how they fill the air,
Our planet's marvel, for us to share. 
A gentle breeze, bringing life anew,
For in nature, what a brave and true view."
"Write down the key points of the given article.

This article is about the rise of artificial intelligence in the future (https://www.linkedin.com/pulse/rise-artificial-intelligence-yash-goyal/?trackingId=fUBazF33DJTXqrb3U8pl6Q%3D%3D)","- Artificial Intelligence (AI) is the next big thing in the industry.
- AI technologies include Machine Learning, Natural Language Processing, and Computer Vision.
- AI can automate complex tasks and make better decisions.
- AI can improve customer experience and operational efficiency.
- It is important for companies to invest in AI technology in order to remain competitive.
- AI can be used in many different industries, such as healthcare, ecommerce, banking, manufacturing, and more.
- It is important to develop ethical AI to prevent potential risks and unintended consequences."
"Outline the pros and cons of technology-driven healthcare.","Pros of Technology-Driven Healthcare:
- Improved diagnosis accuracy
- Automation that improves cost efficiency 
- Increased access to healthcare services
- Easier data tracking & analysis

Cons of Technology-Driven Healthcare:
- Potential breach of data confidentiality & privacy 
- High cost & complexity of some systems
- Overdependence on technology can hinder problem-solving skills
- Difficult to keep up with changes in technology"
"Add 10 words that start with the letter ‘M’ to the given list.

bank, car, tree","bank, car, tree, muffin, museum, melody, magnet, mascot, mop, machete, mattress"
"Given the input, invent a riddle and provide the answer.

chair","What has four legs but can't walk? 
Answer: A chair."
"Identify a metaphor used in the given article.

This is an article about the importance of self-discipline (https://www.psychologytoday.com/us/blog/chaos-and-control/201809/self-discipline).","The author of the article uses the metaphor of ""floating on a wave"" to describe the positive effects self-discipline can have on an individual. The metaphor implies that a wave can be powerful and unstoppable, but self-discipline can help steer the individual in a constructive direction even when faced with obstacles."
"Identify five security measures that should be taken to protect online data.","1. Use strong passwords
2. Use two-factor authentication
3. Monitor your accounts for suspicious activity
4. Install reliable antivirus software
5. Do not share sensitive information online"
"Create a timeline of the events that led to the given result.

The rise of eCommerce","- 1993: First eCommerce transaction took place 
- 1995: Amazon and eBay founded 
- 2003: PayPal formed to facilitate online payments 
- 2008: Mobile shopping and technology advancements increase the ease of eCommerce 
- 2011: 5% of global retail sales occur online 
- 2016: Global eCommerce sales surpass $1 trillion"
"Suggest five ways to make a website more engaging.","1. Incorporate interactive elements such as polls, quizzes, and surveys. 
2. Add multimedia to increase visual appeal.
3. Use social media integration to engage visitors.
4. Include clear call-to-action buttons for important content.
5. Provide informative, but succinct content that is easy to digest."
"Given the input, create 2 sub-goals that would help the person achieve the ultimate goal.

The goal is to be fluent in Spanish in a year.","Sub-Goals: 
1. Learn 1000 new Spanish words in 3 months.
2. Understand conversational spoken Spanish in 6 months."
"Given the input, explain why it is important.

Gender equality","Gender equality is important because it promotes fairness and respect for everyone, regardless of their gender identity. It is essential for individuals to be given the same opportunities and access to resources, including education, healthcare, and employment. Gender equality is also important for creating a more just and equitable society."
"Outline the characteristics of a successful team leader.","The characteristics of a successful team leader include being a strong communicator, showing trust and respect to team members, being approachable, setting clear expectations, being open to feedback, showing confidence in team members, leading by example, encouraging healthy teamwork, and motivating the team."
"Identify 5 areas where AI is being used in manufacturing","1. Automated production and assembly lines
2. Predictive maintenance and analytics
3. Quality assurance and product testing
4. Supply chain and logistics optimization 
5. Automated customer support and service"
"Point out 3 implications that the given phenomenon has had on society.

The rise of remote working","1. More flexibility for workers in balancing their personal and professional lives. 
2. Increased investment in digital tools for securely managing remote teams. 
3. Expansion of talent pools by removing geographical limitations."
"Generate a list of 5 creative and inspiring usernames.","1. StellarOptimist 
2. UnconstrainedIdeas 
3. Transformable 
4. SunnyVision 
5. CharismaticSprite"
"Describe what the world would be like in a perfect utopian society.","In a perfect utopian society, everyone would be living in harmony, free from fear and oppression. There would be an abundance of resources, so everyone would be able to fulfill their needs and desires. Everybody would feel safe and secure, free from the fear of violence. People would be free to work, create, and express their personalities. Education would be accessible to all and there would be opportunities for everyone to develop their talents. All people would be respected for the unique and wonderful individuals that they are. There would be no hierarchies or organizations to oppress any one group. Everyone would have equal opportunities to pursue their passions and talents. In this utopian world, all people would work together to keep it a warm and inviting place to live."
"Generate five topic ideas for a podcast on self-care.","1. How to Make Time for Self-Care 
2. Understanding Mental Health Challenges 
3. Strategies for Taking Better Care of Yourself 
4. The Benefits of Writing for Self-Care 
5. The Power of Sleep in Self-Care"
"Code a function to determine if two strings are anagrams of each other.","def isAnagram(string1, string2): 
  
    # Make sure both strings are of the same length 
    if len(string1) != len(string2): 
        return False
  
    # Dictionary to store frequency of characters in string1 
    count = [0] * 26
  
    # For each character in string1 increment its frequency 
    for i in range(len(string1)): 
        count[ord(string1[i]) - ord('a')] += 1
  
    # For each character in string2 decrement its frequency 
    for i in range(len(string2)): 
        count[ord(string2[i]) - ord('a')] -= 1
  
    # If any frequency reaches a negative value, 
    # then strings can't be anagrams 
    for i in range(len(count)): 
        if count[i] < 0: 
            return False
  
    # If all frequencies are zero, string1 and string2 
    # are anagrams of each other 
    return True"
"Outline the steps to make an apple pie.","1. Preheat oven to 350 °F (175 °C). 
2. Grease a 9-inch pie dish.
3. Peel and thinly slice apples. 
4. Place apple slices in the greased pie dish.
5. Mix 1/2 cup white sugar, 1 teaspoon ground cinnamon, and a pinch of nutmeg in a bowl.
6. Sprinkle the mixture over the apples.
7. Cut butter into small cubes and spread over the apples and sugar mixture.
8. Roll out top crust large enough to cover the pie dish.
9. Place top crust over the apples and butter.
10. Crimp edges and cut slits in the top.
11. Bake in the preheated oven for 35 to 45 minutes, or until golden brown."
"Make a list of five musical genres from the 1990s.","1. Grunge
2. Alternative Rock
3. Hip Hop
4. New Jack Swing
5. Pop"
"Create a problem statement for an online course about public speaking.","This online course will provide students with the skills and tools necessary to improve their self-confidence and the confidence of those listening, in order to effectively and fearlessly deliver speeches, presentations and other public speeches."
"Generate a response to ""What do you think about artificial intelligence?"".","I think artificial intelligence has so much potential to positively transform our lives, and I'm excited to see what new ways we can leverage AI to make life more efficient, enjoyable and secure. At the same time, I think it's important to be mindful of its limitations and to approach the development and implementation of AI with caution."
"Write a short description of a French Bulldog.","The French Bulldog is a small-sized, smart and sociable breed. They are energetic and playful, and they love to be pampered. They have a short, thick coat that comes in a wide range of colors. French Bulldogs enjoy being a part of the family and make great companions."
"Create a Spark SQL query to filter data from the table below.

Table: Employee
Columns: Employee_number, Employee_name, Department,  Average_rating

Filter: Department = 'HR'","SELECT Employee_number, Employee_name, department, Average_rating 
FROM Employee 
WHERE Department = 'HR';"
"Identify the type of relationship between the two given entities.

Entities: Indian Movie and Hollywood Movie","The relationship between an Indian Movie and a Hollywood movie is of comparison."
"Organize the following into 4 categories.

Banana, Orange, Apple, Lemon","Category 1: Banana 
 Category 2: Orange 
 Category 3: Apple 
Category 4: Lemon"
"Create an outline for a research paper on the effects of social media on mental health.","I. Introduction 
A. Overview of social media 
B. Overview of mental health 

II. Effects of Social Media on Mental Health 
A. Anxiety and Depression 
B. Low Self-Esteem 
C. Detrimental Impacts on Adolescents 

III. Recommendations 
A. Positive Use of Social Media 
B. Screen Time Limitations 
C. Recognizing Warning Signs 

IV. Conclusion 
A. Summary of the Effects of Social Media on Mental Health 
B. Actionable Recommendations"
"Differentiate between a data set and a data frame.","A data set is a collection of data points that are organized into tables or spreadsheets. A data frame is a two-dimensional data structure with labeled axes where each axis is a variable and each row consists of a set of related values. Data frames can contain columns of different data types and are often used to manipulate data sets in the R language."
"Make a list of books and authors in the fantasy genre","-The Lord of the Rings by J.R.R. Tolkien 
-Harry Potter series by J.K. Rowling 
-The Chronicles of Narnia by C.S. Lewis 
-The Hobbit by J.R.R. Tolkien 
-A Song of Ice and Fire by George R.R. Martin 
-His Dark Materials trilogy by Philip Pullman 
-Eragon by Christopher Paolini 
-The Kingkiller Chronicle by Patrick Rothfuss"
"Explain the terms 'biased' and 'unbiased'.","Biased is a term used to describe an individual or system which is influenced by personal judgement or prejudice. An unbiased individual or system does not show any personal preference or judgement and is even-handed in its decisions. Biased systems can lead to unfair and unequal results, while unbiased systems strive to create results based on the data rather than personal opinion."
"Make a list of countries in South America.","-Brazil 
-Argentina 
-Colombia 
-Peru 
-Venezuela 
-Chile 
-Ecuador 
-Bolivia 
-Paraguay 
-Uruguay 
-Guyana 
-Suriname"
"Describe the role of an AI researcher.","An AI researcher studies and develops new algorithms, designs and implements AI systems, and evaluates the performance of these systems. They investigate how machines can learn, perceive, reason and act in order to solve complex problems. AI researchers create new algorithms for understanding data, create new applications for AI systems, and develop technologies for improving the performance of AI-driven systems."
"Create a poem that explains the wildflower's resilience.","The wildflower stands out among the grass, 
Resilience at its peak, no way to surpass. 
Its gentle petals of vibrant hues 
Display its strength, withstanding all abuse. 

Through the frost and heat of summer days 
It trudges on, refusing to break away. 
Its soft pedals stand tall and spread out wide, 
Undefeated by nature, an ever-lasting guide. 

Vibrant in color and beauty so fair, 
The wildflower embodies the power to share. 
Its a symbol of courage and resilience so true, 
Wildflower, never giving up, will stay strong through and through."
"Simplify the given sentence.

The fact that I can't think of anything to write is making me feel frustrated.","I'm frustrated since I can't think of anything to write."
"How can the following equation be solved?

3x + 4y = 20","The equation can be solved by isolating one of the variables (x or y), multiplying both sides by the inverse of the coefficient of that variable and then solving for the variable. 
For example, to solve for x, we first divide both sides by 4, giving 
$\frac{3x}{4} + y = \frac{20}{4}$. 
Then we multiply both sides by $\frac{4}{3}$ to get 
$3x + \frac{4 \times 4}{3}y = \frac{20 \times 4}{3}$. 
Finally, we subtract $\frac{4 \times 4}{3}y$ from both sides to get 
$3x = \frac{20 \times 4}{3} - \frac{4 \times 4}{3}y$. 
Then we divide both sides by 3 to get
$x = \frac{\frac{20 \times 4}{3} - \frac{4 \times 4}{3}y}{3}$. 
Now we have a linear equation for y, that can be solved for the value of y. 
Once we know the value of y, we can substitute it into the equation for x to calculate the value of x."
"Generate a statistic about the following data.

Wind speed in the US:
highest average wind speed: 31 mph (Texas)
lowest average wind speed: 8 mph (Maine)","The difference in average wind speed between the highest and lowest states is 23 mph."
"Formulate a budget for the following items.

Groceries (monthly): $400
Clothing (annually): $1200
Travel (annually): $2500","The budget for groceries should be $400 per month and for clothing should be $100 per month ($1200 annually). The budget for travel should be $208.33 per month ($2500 annually)."
"What would happen if the Earth's rotation were to suddenly stop?","If the Earth's rotation were to suddenly stop, the Earth's atmosphere would gradually drift away into space due to its lack of an effective gravitational pull. As a result, the planet's surface temperature would rise drastically, and most living organisms would likely be unable to survive the extreme temperature changes. In addition, without the Coriolis force, the familiar patterns of ocean currents would also be drastically altered."
"Write out the definition of the function 'sum_numbers'

<no input>","def sum_numbers(x, y):
    """"""
    Returns the sum of two numbers.
    
    Parameters
    ----------
    x : int
        The first number
    y : int
        The second number

    Returns
    -------
    int
        The sum of the two numbers
    """"""
    return x + y"
"Update the contact list with the new address and phone number

John Smith:
Address: 123 Main Street
Phone number: (123) 456-7890
New Address: 456 Park Street
New Phone Number: (234) 567-8901","John Smith:
Address: 456 Park Street
Phone Number: (234) 567-8901"
"Provide 3 examples of hyperboles

<no input>","1. I've told you a million times.
2. She's as light as a feather.
3. His car is faster than lightning."
"Write a complex sentence using the provided words

Although, sun, shine","Although the sun was shining, it still wasn't warm enough to go outside."
"Suggest 4 ideas that an organisation could utilize to promote digital literacy.","1. Develop virtual workshops and class modules to help people use and understand common digital applications.
2. Host or collaborate on events that focus on digital literacy, such as hackathons, webinars, or virtual fairs.
3. Provide financial aid to those who cannot afford digital tools or internet access.
4. Create an online portal of helpful resources to spread awareness of digital literacy and provide further guidance."
"Generate a metaphor to describe the given concept.

Weakening of a friendship","The weakening of a friendship is like a buckling bridge, slowly decaying until it can no longer sustain a crossing."
"Identify 5 online resources for improving public speaking.","1. Toastmasters International – https://www.toastmasters.org/
2. MsScribeSpeaks – www.mscribespeaks.com
3. YouTube – www.youtube.com
4. Coursera – www.coursera.org 
5. SpeechTools – www.speechtools.io"
"Identify 3 ways to improve customer service.","1. Increase accessibility. Make it easy for customers to get in touch with you.
2. Enhance customer responsiveness. Make sure that customers' concerns and feedback get addressed in a timely manner.
3. Invest in customer education. Provide customers with helpful information and resources."
"Edit this sentence and make sure it is grammatically correct.

I went to the shopping mall, and made sure buy some presents.","I went to the shopping mall and made sure to buy some presents."
"What are three ways to reduce single-use plastic waste?","Three ways to reduce single-use plastic waste are: refuse single-use plastics when possible, switch to reusable bags and containers, and recycle and properly dispose of plastics when necessary."
"Make up a sentence using the words ""various"" and ""scrutiny""","The students were subjected to various levels of scrutiny before their exam."
"What is a major cause of air pollution?","A major cause of air pollution is the burning of fossil fuels for energy and transportation."
"Generate a metaphor that compares life to a journey","Life is like a voyage on a sailboat, with ups and downs along the way, stretches of calm and stormy waters, and lots of places to explore along the way."
"Come up with a creative think to recycle an old shoe","You can turn an old shoe into a planter by cutting out the toes and filling it with soil and small succulents."
"Name five countries in Africa","Five countries in Africa are: Nigeria, Egypt, South Africa, Ethiopia, and Algeria."
"Explain the difference between artificial intelligence and machine learning","The main difference between artificial intelligence (AI) and machine learning (ML) is that AI involves machines or systems being given the capacity to think and make decisions on their own. ML involves using data to teach machines and systems to learn from past experiences and become more accurate at predicting future outcomes."
"Name three artificial intelligence applications","Three artificial intelligence applications are: facial recognition software, natural language processing, and driverless cars."
"List two problems caused by climate change","Two problems caused by climate change are rising sea levels and extreme weather events such as floods, hurricanes, and droughts."
"Explain the given proverb proverbially.

A stitch in time saves nine.","Doing a job properly at the right time will prevent more difficult problems later on."
"Summarize the given person's achievements.

Mark Zuckerberg is an American technology entrepreneur and philanthropist. He is known for co-founding Facebook, Inc. and serves as its chairman, chief executive officer, and controlling shareholder.","Mark Zuckerberg is an American technology entrepreneur and philanthropist best known for co-founding Facebook, Inc. He is currently its chairman, CEO, and controlling shareholder and has taken the company to become a hugely successful organization."
"Select the most appropriate title for the given article.

The article is about technology trends in 2021.","""2021 Technology Trends: What to Expect This Year"""
"Outline the given document into three sections.

A guide to applying for a loan","Section 1: Introduction to Loans
Section 2: Understanding Requirements for Applying for a Loan
Section 3: Steps for Applying for a Loan"
"List 3 reasons why the given choice is better than the alternative.

Renting a house over buying one","1. Lower upfront cost and more cash flexibility.
2. Lower maintenance costs and no property taxes to worry about.
3. More flexibility to move to another location when needed."
"Explain the given phrase and its relevance to the given context.

Context: Software development
Phrase: Test-driven development","Test-driven development (TDD) is a software development process that involves writing tests first, before writing code to implement the feature that the tests verify. TDD enables developers to create reliable software that is better designed and meets customer expectations faster by focusing on incremental and iterative development."
"List 3 possible reasons why the given website is not performing as expected.

A website for an e-commerce store","1. The website has a slow loading time. 
2. The website has a weak user interface and design. 
3. The website is lacking in SEO optimization."
"Insert a suitable greeting at the beginning of the given email.

Dear [Name],

We are writing to inform you that your order is ready to be shipped.","Dear [Name],

We hope you are doing well. 

We are writing to inform you that your order is ready to be shipped."
"Suggest a possible solution to the given problem.

The company is not able to attract customers due to outdated website design.","A possible solution would be to redesign the website to make it more modern and visually appealing, utilizing the latest trends and technologies."
"Insert an appropriate connecting phrase in the given sentence.

She's an excellent employee","She's an excellent employee, so she deserves a raise."
"Create a poem with 8 lines that includes the word ""autumn"".

<no input>","Autumn paints the sky in woozy shades of yellow and pink
Colors light up the sky like a scene from the movies I think
The leaves dance and sway in the gentlest of winds
The birds sing songs of joy one can't even comprehend
The sun sparkles in the sky as bright as a star
It's beauty is hard to describe yet so oddly bizarre
The world of autumn is one meant for blissful relaxation
It sounds the call for nature, the resurrection of its passion."
"Name 5 oceans from largest to smallest.

<no input>","Pacific Ocean, Atlantic Ocean, Indian Ocean, Southern Ocean, Arctic Ocean."
"Given the input, construct a sentence using the given idiom.

walk on eggshells","She was navigating the office politics so cautiously that it was like she was walking on eggshells."
"Describe an environmental issue that has been in the news recently and explain why it is important.","An environmental issue that has been in the news recently is the melting of the Arctic sea ice. The melting of the Arctic sea ice is a huge problem because it affects global temperatures, weather patterns, and ocean levels. It also can lead to the death of many species that live in or near the Arctic, such as polar bears, seals, and walruses. Since this is a global issue, it is important that every country takes part in understanding and mitigating the effects of Arctic sea ice melting."
"Find a restaurant nearby that serves <insert cuisine> cuisine.

<insert cuisine> - Italian","I found a restaurant nearby that serves Italian cuisine. The restaurant is called Italiano Restaurant and is located at 1234 Main Street."
"Identify the reason why a certain event happened.

The protests following police brutality in the US have spread to other countries.","The reason why the protests following police brutality in the US have spread to other countries is due to the growing awareness of this issue across the world. Social media has enabled the spread of information, with many people connecting the issue of police brutality to other similar issues in their own countries and communities. This has led to a collective feeling of injustice, leading to the protests in other countries."
"Summarize the main points from the article.

Article examining the current state of the US economy.","The US economy is currently in a period of growth, with unemployment rates at a historic low and consumer spending continuing to increase. However, there is a potential for a slowdown, such as due to tense US-China trade relations, or an unexpected global event. Inflation remains moderate, and the Federal Reserve is expected to continue its current monetary policy."
"Differentate between the two words.

Audience and spectator","The difference between an audience and a spectator is that an audience is generally a group of people assembled together to witness a performance, while a spectator is an individual viewing an event. An audience is usually more interactive than a spectator, engaging with the performers and reacting to the performance, while a spectator is usually more passive, simply observing the event."
"List the differences between the two theories

Behaviorism and constructivism","The differences between behaviorism and constructivism are numerous. Behaviorism focuses on observable behavior and has traditionally been used in laboratory experiments. Constructivism is based on the idea that knowledge is constructed by learners, as opposed to simply being received. Behaviorism views knowledge as existing in the environment, while constructivism proposes that knowledge is actively constructed by the learner. Behaviorism concentrates on discrete units of behavior, while constructivism favors a holistic approach that emphasizes relationships between elements."
"Add a missing paragraph to the following text.

Integrative medicine is gaining popularity due to its holistic approach to healthcare. It combines conventional medicine with different practices that are based on evidence and research.","The goal of integrative medicine is to create a treatment plan that is tailored to the individual and their specific needs, taking into account any physical, emotional, mental and spiritual issues they may have. Integrative medicine also focuses on the prevention of diseases and illnesses, and encourages patients to become active participants in their own health and wellbeing. By taking an individualized and holistic approach, integrative medicine is aiming to improve the overall health and wellbeing of an individual."
"Fill in the blanks to complete the sentence.

Global warming can be reversed by reducing ________ and __________.","Global warming can be reversed by reducing greenhouse gas emissions and deforestation."
"Research the biography of a famous person and explain what has made them successful.","Elon Musk is an entrepreneur and engineer who has become well-known due to his accomplishments in numerous fields, including automotive engineering, energy production, finance, and space exploration. His success has been attributed to a combination of innovative ideas, forward-thinking leadership, and an unbridled enthusiasm for pursuing ambitious goals. Throughout his career, Musk has demonstrated an impressive willingness to take risks in order to bring his vision to life. His accomplishments have revolutionized numerous industries and set the stage for a future of technological advancements."
"Summarise the given text in three sentences.

The Giant's Causeway is a series of interlocking basalt columns located in Antrim, Northern Ireland. It is made up of 40,000 to 50,000 massive basalt columns, which rise from the sea and stretch 3 miles (4.8 km) to the cliff top. A local legend cites a giant building the causeway to reach Scotland to fight a rival.","The Giant's Causeway is located in Antrim, Northern Ireland, and is made up of 40,000 to 50,000 basalt columns. It stretches as far as 3 miles from the sea up to the cliff top. According to legend, a giant was supposedly responsible for creating this immense causeway in order to reach Scotland and fight a rival."
"Write a funny joke suitable for a PG-13 audience.","What did one snowman say to the other snowman?
""Do you smell carrots?"""
"Generate a book review for the book ""The Alchemist"" by Paulo Coelho.","The Alchemist by Paulo Coelho is an inspiring and thought-provoking story about personal growth and discovery. Through the unique and captivating journeys of its characters, the book takes readers on a journey of self-discovery and encourages them to follow their dreams. Its thought-provoking lessons are accessible to all readers and provide an insight into the power of determination and passion. This is an excellent book that is sure to leave a lasting impression."
"How does GPT-3 work?","GPT-3 is a large-scale autoregressive language model that uses deep learning to generate human-like text. It is trained on a massive amount of unstructured text data, which it then uses to generate contextually relevant text. GPT-3 incorporates attention mechanisms, allowing it to capture complex relationships between words and phrases. This enables GPT-3 to generate high-quality text that is relevant to the context it was provided."
"Create a 'How to' guide on baking a cake.","Step 1: Preheat oven to 350°F (176°C). Grease a 9-inch (23 cm) round cake pan or 9x5 inch (23x13 cm) loaf pan with butter and line it with parchment paper.

Step 2: In a medium bowl, whisk together all-purpose flour, baking powder and salt until combined.

Step 3: In a large bowl whisk together the melted butter and sugar until combined. Add the eggs one at a time and mix until everything is evenly combined. Beat in the vanilla extract.

Step 4: Slowly add the dry ingredients to the wet ingredients and whisk until all the ingredients are evenly mixed. Then fold in the chopped nuts, if using.

Step 5: Pour the cake batter into the prepared pan and bake for about 50 minutes for a round cake or about 1 hour for a loaf cake, until the top is golden-brown and a cake tester inserted in the centre comes out clean.

Step 6: When done, let the cake cool in the pan for an hour or two before removing it and transferring to a cutting board. Cut it in slices and enjoy!"
"Search the web and explain how global warming affects the polar ice caps.","Global warming is causing the polar ice caps to melt at a rapid rate, leading to rising water levels and devastating coastal erosion. As the polar ice caps shrink, the darker ocean below absorbs more heat and causes air temperature to rise further, creating a positive feedback loop. This causes additional meltwater to be released and accelerates the rise in sea levels."
"Imagine you are writing a narrative story. Describe the protagonist.","The protagonist is a young woman in her twenties with a lot of ambition in her heart. She is brave, determined, and unafraid to take risks for what she believes in. She is intelligent, independent and loves to express herself through the written word."
"Create a Gantt chart showing tasks and their timelines.

Task: Create a website, Build a mobile app, Release a press statement","Gantt Chart: 

Task | Start Date | End Date 
---- | ---------- | --------- 
Create a website | 1/1/2021 | 2/28/2021 
Build a mobile app | 3/1/2021 | 5/3/2021 
Release a press statement | 5/1/2021 | 5/14/2021"
"Name three types of machine learning algorithms.","Three types of machine learning algorithms are supervised learning, unsupervised learning, and reinforcement learning."
"Determine the meaning of the word 'bemused'.","Bemused means to be mildly confused or amused. It also can be used to describe being lost in thought or taken aback."
"Generate a list of five possible majors for an engineering student.","Possible majors for an engineering student include civil engineering, computer engineering, electrical engineering, mechanical engineering, and aerospace engineering."
"Explain the working of a blockchain ledger.","A blockchain ledger is a continuously growing list of records, called blocks, which are secured by cryptography. Each block contains a cryptographic hash of the previous block, a timestamp, and transaction data. The data stored on a blockchain ledger is resistant to modification, making it a secure and reliable system. This data can also be used to form a permanent record of activity such as payments, exchanges, and ultimately, contracts."
"Determine the theme of the story.

This is the story of a young girl who is caught in a snowstorm while walking home from school.","The theme of the story is resilience and determination in the face of adversity."
"Find the five largest cities in France.","The five largest cities in France are Paris, Marseille, Lyon, Toulouse, and Nice."
"Explain the concept of a hash function.","A hash function is a mathematical function that maps data of any size to a fixed size output. It is used to ensure the security of data by providing a unique signature or digest of the data. A hash function takes an input string and produces an output of a fixed length, typically referred to as a hash or hash value. The output value should be difficult to guess based on the input."
"Generate a list of words that rhyme with 'cat'.","Words that rhyme with cat include bat, hat, mat, fat, pat, rat, sat, chat, and scat."
"Find the longest river in Africa.","The longest river in Africa is the Nile River, which runs for about 6,650 km (4,130 miles)."
"What are the two main components of a cryptocurrency?","The two main components of a cryptocurrency are a blockchain network and a digital asset. A blockchain network is a distributed ledger technology that allows for secure, transparent, and reliable transactions. A digital asset is a digital representation of value that can be exchanged in online transactions."
"Generate a story starter given this scenario.

The dark, silent forest had been filled with rumors lately.","Lately, it seemed as if every corner of the dark, silent forest contained some new and mysterious rumor. From the stories of the strange happenings around the bend in the creek, to the whispers of an unknown creature haunting the path ahead, no one could agree on the truth. But when Luke decided to embark on a journey of his own, he would soon find out the truth: that sometimes the most unexpected things are closer than they appear."
"Write a poem using the given word ""freedom"".

freedom","I wake up each morning with a sense of purpose,
To find freedom wherever I traverse.
I strive to grasp it with all my might,
With courage I search for the path that's bright.

My thoughts run wild and are unbound,
Envisioning the world that I have found.
A free world of peace, truth and love,
These are qualities that I am striving for.

My hope for freedom shall never die,
Unyielding, I'll reach for the distant sky.
In a chorus of courage I will soon sing,
Until freedom for all shall bring."
"Write a description of a character in the form of a haiku.","Brave and strong, yet
Hiding deep fears from the world;
A heart of courage."
"For the given sentence, identify the subject and predicate.

The businessman shrugged his shoulders.","Subject: businessman 
Predicate: shrugged his shoulders."
"Rewrite the following proverb.

A stitch in time saves nine.","A bit of effort early on prevents much more work later."
"Generate a list of any 5 tips for saving money.","1. Develop and stick to a budget.
2. Track your spending.
3. Cut back on unnecessary and luxury items.
4. Look for discounts and sales.
5. Pay off high interest debts first."
"Rewrite the following paragraph adding adjectives and adverbs.

John walked into the room. He smiled.","John strolled jauntily into the room, a broad smile lighting up his face."
"Generate a tag line for a cafe.","The perfect spot to relax and unwind - A cup of coffee and a cozy cafe."
"Generate a list of 5 activities to do outdoors on a rainy day.","1. Birdwatching 
2. Construct a fairy garden
3. Go for a nature walk
4. Set up an outdoor movie night
5. Make a rain-collection vessel for watering plants"
"Generate a title for a book about personal growth.","Unleashing Your Inner Strength: A Guide to Achieving Personal Growth."
"Find information about the 4th President of the United States.","The 4th President of the United States was James Madison. He was elected in 1808 and served as President from March 4, 1809 to March 4, 1817. He was an author of the U.S. Constitution and a key figure in the formation of the ruling party of the US at the time, the Democratic-Republican Party. He played a major role in the War of 1812 against the British."
"Describe the capital of Mexico.","Mexico City is the capital of Mexico. It is the most populous city in Mexico and the most populous city in North America. It is located in the Valley of Mexico, in the southern part of the Central Mexican Plateau. Mexico City is home to numerous iconic landmarks such as the National Palace, the Angel of Independence and the Metropolitan Cathedral. The historic downtown of Mexico City is home to some of the earliest colonial monuments such as the Metropolitan Cathedral. There are numerous museums, galleries, malls and parks in Mexico City."
"Make a list of the products in the given category.

Electric Toothbrushes","- Philips Sonicare ProtectiveClean 4100 Electric Toothbrush 
- Oral-B Pro 1000 Power Rechargeable Electric Toothbrush 
- Fairywill Electric Toothbrush 
- Waterpik Complete Care 9.0 Electric Toothbrush 
- SnapNClean Sonic Electric Toothbrush 
- Colgate Rechargeable Sonic Electric Toothbrush 
- Foreo Issa Hybrid Electric Toothbrush 
- AquaSonic Black Series Ultra Whitening Toothbrush 
- Panasonic Electric Toothbrush 
- Oral-B Genius 8000 Electric Toothbrush"
"List the top ten highest peaks in the world.","The top ten highest mountains in the world are Mount Everest (8,848 m), K2 (8,611 m), Kangchenjunga (8,586 m), Lhotse (8,516 m), Makalu (8,485 m), Cho Oyu (8,188 m), Dhaulagiri (8,167 m), Manaslu (8,163 m), Nanga Parbat (8,126 m), and Annapurna (8,091 m)."
"Write a description for a barbecue recipe.","This easy barbeque recipe is the perfect dinner for summer nights! Start by preheating your grill and gathering your ingredients. Begin by seasoning a pound of your favorite cut of chicken with salt, pepper, garlic powder, and a hint of cayenne pepper. Place the chicken on the grill and cook it until it's cooked through. While the chicken is cooking, prepare a tangy barbeque sauce by combining ketchup, brown sugar, apple cider vinegar, mustard, Worcestershire sauce, and hot sauce in a saucepan. Simmer the sauce for 10 minutes and brush the chicken with it until it is well-coated. Enjoy your tasty barbeque chicken with a side of potatoes and your favorite summer salad!"
"Find a book from the given genre.

Mystery","Agatha Christie's And Then There Were None is a classic mystery novel. It follows a group of people invited to an island where they discover they've been framed for murder. As they start dying one by one, they must work together to figure out who the murderer is before it's too late."
"Explain the rules of the game Soccer.","Soccer is a team sport played on a rectangular field, with teams of 11 players on each side attempting to score into the opposite goal. The players can use any part of their bodies, apart from their hands or arms, to move the ball and pass it among teammates. The team with the most goals at the end of 90 minutes wins the game. Additional time or penalty shootouts may be played if the teams are tied."
"Brainstorm ideas for a children's party.","Ideas for a children's party could include themed activities such as face painting, dress-up, a treasure hunt, musical chairs, an art and craft station, party games like pin the tail on the donkey, and a piñata filled with treats. For food and drinks, you could include healthy options like mini vegetable platters, colorful cupcakes, and juices, as well as popcorn, chips, and ice cream."
"Generate a one-sentence summary of the story.

It was a cold winter evening and the moon was bright. A family of five was walking along a small street with their dog. Suddenly, the dog began barking and the family noticed a mysterious figure in the shadows.","A seemingly peaceful evening taking a walk turns sinister after a mysterious figure is spotted in the shadows."
"Write a comparison between two products.

Product A: 3.2GHz 8‑Core Intel Xeon W processor, 32GB RAM
Product B: 4.5GHz 6‑Core Intel i7 processor, 16GB RAM","Product A has a higher clock speed but fewer cores, while Product B has a lower peak frequency and more cores. Product A has double the RAM of Product B, which may result in better multitasking performance. However, Product B may be better suited to certain tasks that rely on multiple cores, or tasks that require frequent bursts of high performance."
"Generate a tweet about the importance of renewable energy.","Renewable energy is not just the right choice – it's the smart choice! Let's commit to a clean, sustainable future. #RenewableEnergy"
"You are given a list of ingredients and you need to create a recipe to make a cake.

Flour - 2 cups, Butter - 1 cup, Sugar - 3/4 cup, Eggs - 2, Baking Soda - 1 teaspoon, Vanilla Extract - 2 teaspoons","Preheat your oven to 350 degrees. Grease and flour a 9-inch round cake pan.

In a large bowl, mix together 2 cups flour, 1 cup butter, and 3/4 cup sugar until crumbly. Add 2 eggs, 1 teaspoon baking soda, and 2 teaspoons vanilla extract, and mix until blended. Pour into the cake pan and bake for 25-30 minutes or until a toothpick inserted into the center of the cake comes out clean. Allow the cake to cool before serving."
"Generate a tweet to spread awareness about global warming.","We can't turn a blind eye to the growing global warming crisis – it's up to all of us to be responsible stewards of our planet. #ClimateChange #GlobalWarming"
"You are given a list of components, and you need to create a story involving all of them.

Components: Train Station, Flute, Stranger","John arrived at the train station, wind and rain howling against the rails. As he was looking for signs of the last train to town, a mysterious stranger playing the flute appeared in the shadows. Curious, he decided to follow the stranger, unaware of the danger that lay ahead."
"List 5 things you can do to reduce your carbon footprint.","- Switch to renewable energy sources, such as solar and wind power.
- Install energy efficient appliances, such as LED and CFL lights.
- Reduce boiling water by only boiling the amount of water you need.
- Reuse and recycle items, such as plastics and paper. 
- Conserve and reduce water consumption by taking shorter showers, turning off the tap when not in use, and installing low-flow faucets."
"Explain Heisenberg's uncertainty principle.","Heisenberg's uncertainty principle states that it is impossible to simultaneously know both the exact position and momentum of a particle. This is because the act of measuring one value changes the other, meaning that there is always a level of uncertainty in the results of measurements made. This principle is one of the foundations of quantum mechanics."
"Tell a story using the following words:

alien, amazement, disguise, library, purple","Once upon a time, there was an alien who had come to Earth to study its inhabitants. She was amazed by all she saw, but felt a little intimidated by humans. To blend in, the alien decided to disguise herself as one of them and entered a local library. She wore a long purple cloak with a hood to conceal her identity, and to her surprise she received a warm welcome from the humans she encountered. Throughout her visit she secretly observed life on Earth and went home feeling equally amazed and inspired by her journey."
"Identify two reasons for the growth of technology.","Two reasons for the growth of technology are increased competition in the market and the availability of resources. Companies have to compete in an ever-changing market, driving them to innovate and find new and improved forms of technology. Additionally, newfound resources such as data and strong computing power have enabled the development of complex algorithms, artificial intelligence, and other high-tech solutions. As resources and technology become more available, companies can further expand their innovation capabilities."
"Name 5 branches of mathematics.","- Algebra
- Geometry
- Calculus
- Number Theory
- Discrete Mathematics"
"Explain in detail the process of mitosis.","Mitosis is the process of cell division that occurs in eukaryotic organisms. The process produces two daughter cells that are genetically identical to the parent cell. It begins with the duplication of the chromosome, which occurs during interphase. During the prophase stage of mitosis, the chromosomes and the mitotic spindle condense and the nuclear membrane disintegrates. During metaphase, the chromosomes align on the metaphase plate. During anaphase, the chromosomes are pulled towards the poles of the cell, opposite to the center, and the sister chromatids are separated. Finally, during telophase, the nuclear membrane reforms and the chromosomes decondense. This completes the process of mitosis and the cell is divided into two daughter cells."
"Generate a random pun.","I watched a documentary on anchovies and it was pretty interesting - it was sprinkled with tons of fun facts!"
"Write a character sketch of a villain in a story.","The villain in the story is a mysterious figure cloaked in a long black robe. He speaks in a low, raspy voice and has an air of consequence and power. He is calculating, crafty, and ruthless and will stop at nothing to achieve his evil goals. He uses fear and intimidation to control others and will do whatever it takes to get what he wants. His true identity and motivation are unknown, but whatever secrets he holds could have powerful consequences."
"Name 3 properties of water.","Three properties of water are that it has a boiling point of 100 degrees Celsius, a high surface tension, and it is an excellent solvent because of its polar nature."
"Write about a fictional character in 50 words.","Nina was a courageous and brave warrior. She was never afraid to stand up for what she believed in, and always strived to make the world a better place. She was fiercely loyal to her friends and family, and had a sharp wit and a sense of humor that could light up any room. Despite the obstacles she faced, she never backed down and always kept her head held high. Nina was a true legend."
"Give a 5-step process to solve this math equation.

(x^2+5x+6)/(x-2)","1. Change the equation to fraction bar form, so that it can be understood more clearly: (x^2+5x+6)÷(x-2)
2. Factor the numerator: (x^2+5x+6) = (x+3)(x+2) 
3. Simplify the denominator: (x-2) = (x+2 - 4) = (x+2) - 4 
4. Simplify the numerator and denominator: (x+3)(x+2) ÷ (x+2) - 4
5. Divide the numerator and denominator: (x+3) ÷ (x+2 - 4)"
"Generate a creative way to market a movie.","Create an immersive virtual reality experience related to the movie to allow viewers to experience the story firsthand.

Set up a scavenger hunt where clues are related to the movie and the winner gets tickets to an early screening.

Partner up with popular influencers or YouTubers to do a review or an in-depth look at the movie.

Create a trivia game about the movie which people can play online or in theaters.

Participate in film festivals or host premieres and allow viewers to attend virtually."
"What advantages does social media have over traditional advertising?","Social media has several advantages over traditional advertising. First, it offers a more personal, direct way of interacting with potential customers. Second, it is far more cost-effective than traditional media, allowing businesses to reach more people with less money. Third, it gives businesses the opportunity to access consumer data that can help refine and improve campaigns. Finally, it is more interactive and engaging than traditional advertising, and users are more likely to engage with it."
"Fix the following grammar mistake.

He wants to go to the shop, and buy some food for dinner.","He wants to go to the shop and buy some food for dinner."
"What is the logical fallacy of this argument?

If she really loved me, she would never make me angry.","The logical fallacy of this argument is False Cause, because it implies that a causal relationship exists between two actions when no such relationship can be established."
"Give a three-step process on how to make a smoothie.","1. Gather the ingredients – choose fruits, vegetables, and other favorite smoothie items. 
2. Blend the ingredients – place ingredients into a blender and blend until smooth.
3. Serve the smoothie – pour the smoothie into glasses and enjoy."
"What is a unique way to decorate a living room?","A unique way to decorate a living room is to hang an array of small mirrors on the wall, letting the reflections in the mirror create new shapes and patterns. This could be combined with artwork and prints to create an interesting geometric effect."
"Who was the first U.S. President?","The first U.S. President was George Washington, who was sworn into office in 1789."
"Give three ways to increase website traffic.","Three ways to increase website traffic are:
1. Implementing search engine optimization techniques to increase visibility in search engine results.
2. Using social media platforms to engage with potential customers and build brand awareness. 
3. Creating content that is useful, interesting, and shareable to attract more viewers."
"Describe the difference between evidence-based policy and convention-based policy.","Evidence-based policy is policy that is formulated and implemented after careful evaluation, testing and validation of relevant scientific evidence. It is guided by research results and empirical data to inform decision-making. In comparison, convention-based policy involves making policy decisions based on commonly accepted solutions or established trends and practices, rather than on information and research results. This means that the policy decisions may not be based on the best available data, and could potentially be outdated or incorrect."
"How did scarcity affect the ancient civilizations?","Scarcity was a huge factor for the ancient civilizations, as it has been for much of human history. Limited resources forced ancient civilizations to live conservatively, make decisions to maximize the use of their resources, and form alliances with other civilizations in order to use resources that were not available to them. This led to trade, which in turn increased the size of kingdoms and empires. Scarcity also created competition among groups of people, which led to conflict and war in some cases. As resources began to deplete, this could be a major factor in the decline of ancient civilizations."
"Generate a recipe for spinach and feta quiche.","Ingredients:
- 3 tablespoons olive oil
- 2 cloves of garlic, minced
- 2 cups chopped fresh spinach
- 1/2 cup crumbled feta cheese
- 4 eggs 
- 1/2 teaspoon salt
- 1/4 teaspoon black pepper
- 1/2 cup chopped cooked bacon
- 1/2 cup heavy cream
- 1/2 cup shredded cheddar cheese
- 1 9-inch pre-made pie crust 

Directions:
1. Heat the olive oil in a large skillet over medium heat.
2. Add the minced garlic and cook until fragrant, about one minute.
3. Add the spinach and cook until wilted, about 5 minutes.
4. Remove the spinach and garlic from the pan and set aside.
5. Preheat the oven to 400 degrees F.
6. In a large bowl, beat together the eggs, salt, and pepper.
7. Stir in the spinach, feta, bacon, and heavy cream, mixing well.
8. Pour the mixture into the pre-made pie crust.
9. Top with the shredded cheddar cheese.
10. Bake for 25-30 minutes, or until the quiche is set in the center.
11. Let cool for 5 minutes before serving. Enjoy!"
"What features does the given software provide?

Software: Adobe Photoshop","Adobe Photoshop provides a wide range of features for editing and creating digital images. It includes tools for cropping, retouching and color correction, as well as many art filters, effects, transforms and selection tools. It also provides a wide variety of brushes and textures to use, as well as layer blending modes and advanced layering controls. In addition, Photoshop has a comprehensive selection of 3D tools, including 3D printing and detailed 3D imaging. Additionally, Photoshop also provides an extensive library of Adobe Stock images and templates."
"Provide a rap verse including the given words.

words: mansion, moonlight","I'm flyin' in my mansion way up high, 
movin' by the moonlight, higher all the time. 
I'm the king of the castle, nobody can touch me, 
all the ladies showin' love, never nobody rushes me. 
I got all the riches money can bring, 
showin' off all my bling. 
When I'm rockin' and rolling, I'm forever livin' the dream,
every night is like champagne cuttin' a mean. 
Let's fly up to the stars, see the whole sky and the moon,
all I need is a good beat and I'm makin' that tunes. 
My kingdom is the best, there's no doubt,
comin' up and never goin' out."
"In your own words, define sustainability.","Sustainability is the ability to meet the needs of the present without compromising the ability of future generations to meet their own needs. It is based on the principles of environmental, social and economic balance, and is grounded in the idea of preserving resources and minimising negative impacts. It is a holistic approach to development that values nature, human life, and economic activity as part of a sustainable system."
"Describe the importance of collaboration in the classroom.","Collaboration is an essential part of the learning process in the classroom. It helps to promote active and engaged learning, encourages critical thinking and problem-solving, and increases social skills. Through collaboration, students can work together to find solutions to problems, challenge each other's ideas, and gain insight from their peers. This helps them develop effective communication skills and foster meaningful connections with their classmates. It also teaches them the importance of teamwork and offers them a sense of community."
"Construct an algorithm to solve the given problem.

Problem: Calculate the sum of all multiples of 3 and 5 between 1 and 100","Algorithm:
1. Initialize Sum as 0.
2. Set a variable i to 0.
3. While i is less than or equal to 100, do the following: 
  a. If i is divisible by 5 or 3, add the value of i to Sum.
  b. Increment i by 1.
4. Return the value of Sum."
"Assume you are an art collector and are on the lookout for artwork. What questions would you ask a gallery?","I would ask the gallery about the artists they feature, in order to get a better understanding of their selection. I would also ask about their process for authenticating the artwork, as well as the support and resources they provide for preserving the artwork. I would also inquire about the pricing, payment methods, and shipping policies. Additionally, I would ask about their return policy and any additional services they provide such as installation and conservation."
"Name three things an unnatural disasters could cause","Unnatural disasters can cause destruction of property, loss of life, and environmental damage."
"What is the best way to solve this algebraic equation?

2x + 10 = 20","The best way to solve this equation is to subtract 10 from both sides, so it becomes 2x = 10. Then, divide both sides by 2 to get x = 5. Thus, the answer is x = 5."
"Compare and contrast a Linux system and a Windows system.","Linux systems are open source and can be customized to fit users' preferences, while Windows systems are mainly closed source and provide limited customization options. Linux systems also support much more powerful command line functions than Windows systems, making them preferred by experienced developers and power users. On the other hand, Windows systems are more user-friendly and simpler to use, making them the preferred choice for most users. In terms of security, Windows systems are more secure than Linux systems due to the more centralized nature of their updates and security measures. However, Linux systems are less vulnerable to malware and are better equipped to protect against possible malicious attacks. In terms of cost, Linux systems are cheaper as they are open source, whereas Windows systems require costly licenses for their use."
"Find the exact value of this trigonometric expression.

cos(π/3)","The exact value of this trigonometric expression is 0.5."
"Write a regular expression that can match a valid email address.","The regular expression that can match a valid email address is ""\S+@\S+\.\S+""."
"What is the major difference between TCP and UDP?","The major difference between TCP and UDP is that TCP is connection-oriented and provides reliability, while UDP is connectionless and provides no guarantees with regards to delivery of data packets. TCP also has acknowledgement mechanisms and flow control, while UDP does not."
"Convert this scientific notation number to a standard number.

7.123e-2","The standard number equivalent to 7.123e-2 is 0.07123."
"Describe the difference between the terms variance and standard deviation.","The difference between the terms variance and standard deviation is that variance measures the spread of data points around their mean while standard deviation measures the amount of variation or dispersion from the mean. Variance is the average of the squared difference from the mean and is represented as a squared quantity, whereas standard deviation is the square root of variance and is represented as the same unit as that of the data."
"How many miniutes does it take for the Earth to complete one rotation?","It takes 24 hours or 1440 minutes for the Earth to complete one rotation."
"Design an experiment to test the effect of temperature on plant growth.","An experiment to test the effect of temperature on plant growth can be conducted by growing several plants in a controlled environment and exposing them to different temperatures. The growth of the plants should be tracked by measuring the height and number of leaves every day. The control group can be kept at a set temperature, while the experiment group can be exposed to higher and lower temperatures. The results can then be analyzed for comparison."
"Find the probability of drawing a two from a standard deck of 52 cards.","The probability of drawing a two from a standard deck of 52 cards is 1/13 or 7.69%."
"Write five pros of online education.","1. Increased flexibility and convenience for students of all ages.
2. Reduced cost to attend classes. 
3. Wider selection of course topics and programs. 
4. Ability to learn from anywhere in the world.
5. Easily access lectures, notes, and other course materials."
"Calculate the circumference of a circle with a radius of 4 cm.","The circumference of a circle with a radius of 4 cm is 25.13 cm."
"Describe a time you felt excited.","I felt excited last Christmas when I opened a gift to find a book I had wanted for a long time."
"Name at least four reasons why communism could be a desirable country.","1. Communism seeks to create an economic system in which wealth and power are shared among the members of society, potentially leading to a more equitable distribution of resources. 
2. Under communism, incentives to work hard and innovate would be provided through job security and the promise of a wider social safety net. 
3. Communism emphasizes collective responsibility that allows people to work together on initiatives and projects, with each person’s unique talents and knowledge benefiting the whole. 
4. Communism could lead to a less hierarchical society, potentially increasing freedom and reducing the oppressive structures and power dynamics created by other forms of government."
"Suggest a healthy breakfast recipe for a busy morning.","Overnight Oats with Raspberries and Walnuts:

Ingredients: 
- 1 cup of old-fashioned rolled oats
- 1/2 cup of unsweetened almond milk
- 1/2 teaspoon of ground cinnamon
- 1/2 cup of plain Greek yogurt
- 1/4 cup of walnuts
- 1/2 cup of fresh or frozen raspberries 

Instructions:
1. In a medium-sized bowl, combine the rolled oats, almond milk and cinnamon. Stir until combined.
2. Cover the bowl and place it in the refrigerator overnight.
3. In the morning, remove the bowl from the refrigerator and stir in the yogurt, walnuts and raspberries.
4. Divide the mixture into two bowls and enjoy!"
"List five benefits of exercising regularly.","1. Improved heart health: Regular exercise strengthens your heart muscle and makes it more efficient in pumping blood throughout your body. 
2. Weight loss: Exercise can help burn more calories and increase your metabolism, enabling you to lose weight more quickly and easily.
3. Stress relief: Working out releases endorphins, the body’s natural feel-good hormones, which can help reduce stress and improve your mood. 
4. Improved sleep: Exercise can help you sleep better, as it can reduce insomnia and improve the quality of your sleep.
5. Increased energy: Regular exercise can increase your energy levels, as it can help keep your body active and healthy. Additionally, working out can help you stay alert and focused throughout the day."
"Name 5 tips to write concise emails.","1. Keep sentences short and to the point. Aim for 10-20 words per sentence. 
2. Think before you write: consider the purpose of the email, the key message, and the desired outcome. 
3. Be specific and provide clear instructions.
4. Stick to one topic per email.
5. Avoid using jargon and unnecessary language."
"Create a plan for using one hour productively.","Plan for Productive Hour:
1. 10 minutes: Set a goal for the hour and decide where to focus your energy. 
2. 10 minutes: Spend some time on an activity that will help you relax and refocus your energy, such as yoga, meditation, or a brief walk. 
3. 15 minutes: Tackle the biggest task on your to-do list. 
4. 20 minutes: Break down the next task on your list into manageable chunks, and write out the steps you need to complete it. 
5. 5 minutes: Take a short break to stretch your legs or grab a quick cup of tea.
6. 10 minutes: Work on completing the task you outlined in step 4. 
7. Take a moment to reflect on what you've accomplished today."
"Discuss the importance of proper space management in an office.","Proper space management in an office is critical for productivity and efficiency. A well-organized office layout maximizes the use of available space and minimizes congestion. Additionally, it can help create a more inviting space, encourage collaboration among coworkers, enhance the company’s brand, and provide an ergonomic work environment. By investing in ergonomic furniture and ensuring that desk configurations are optimized for the task at hand, companies will realize a healthier and happier workforce. Proper space management also allows offices to easily outfit new employees and accommodate additional personnel. Investing in proper space management will have long-term benefits for both employees and the organization as a whole."
"Select a historical figure and suggest 5 reasons to study them.

Mahatma Gandhi","1. Mahatma Gandhi was a leader in the Indian independence movement, and through his non-violent protests he demonstrated the power of peaceful resistance and the accomplishments it can bring.
2. Gandhi’s philosophy of “ahimsa”, or non-violence, is highly influential in modern society and has inspired countless activists, politicians, and citizens to strive for peace and justice.
3. His life and work serve as a model for how ordinary people can make extraordinary changes, and studying him can provide valuable insight into how individuals can make an impact. 
4. Gandhi led a fascinating life that spanned continents, and his story touches on complex themes ranging from politics and economics to spirituality and philosophy. 
5. Much has been written about Gandhi’s legacy, so studying him can be a great way to learn more about international relations and the larger historical context surrounding his life and work."
"List 5 features of a good team leader.","1. A good team leader should possess excellent communication and interpersonal skills. 
2. They should be able to motivate and inspire the team to stay focused and reach the team’s goals.
3. They should be able to delegate tasks and manage the team’s resources appropriately.
4. They should be able to create a supportive and collaborative environment for the team.
5. They should be a good problem-solver, able to quickly identify and address issues that arise."
"Compare the data storage methods for an online shopping website.","Data storage for an online shopping website can be divided into two primary methods: traditional databases and cloud-based storage. A traditional database stores all the website’s data on-site on a physical server and offers the best performance. However, it is often the most expensive option and provides limited scalability due to the physical limitations of the server. On the other hand, cloud-based storage stores data on a remote server, generally owned and maintained by a third-party provider. This method is typically more affordable, easier to set up, and more suitable for large websites. Additionally, cloud-based solutions offer unparalleled scalability and security, as data can be easily backed up, accessed, and managed from anywhere."
"Name 5 techniques for effective time management.","1. Set realistic goals: Establish achievable goals and realistic timelines for completing them.
2. Prioritize tasks: Organize your to-do list and focus on the most important tasks first.
3. Break tasks into smaller chunks: Break up large tasks into small, manageable steps.
4. Track your progress: Track your time and make note of activities that take up too much time.
5. Schedule breaks: Take regular breaks to stay focused and productive throughout the day."
"List 3 features of an effective website design.","1. Responsive: An effective website design should be optimized for different devices and screen sizes.
2. User-friendly: The website should be easy to use, with a clear navigation and concise information.
3. Visually appealing: The website should have an aesthetically pleasing design that enhances the user experience."
"Compare the characteristics of two different types of lead magnets.

Webinar and Ebook","Both webinars and ebooks can be used as lead magnets to attract new customers, but each offers its own unique set of benefits. Webinars are a great way to engage with an audience and provide a live demonstration of your product or service. They also provide the opportunity to answer questions and receive feedback from potential customers. On the other hand, ebooks require less effort to create and can provide in-depth information about your products and services in an easily-digestible format. They are versatile and can be shared widely, either as downloadable files or embedded on your website. Additionally, ebooks are cost-effective and can be used to promote your business to a wider audience."
"Create a plan for how to learn a new skill in 3 months.","Plan for Learning a New Skill in 3 Months: 
1. Research the goal: Research the skill and gain a basic understanding of the topics. 
2. Analyze current knowledge: Assess the current level of knowledge and identify areas of improvement.
3. Find resources: Find trustworthy and reliable resources such as books, websites, or tutorials. 
4. Create a plan: Create a timeline and outline a plan of action to learn the skill.
5. Set milestones: Set goals and break the process down into manageable steps.
6. Practice regularly: Put the skills into practice on a regular basis and track progress.
7. Make connections: Use the skills to complete real-world projects or connect with other professionals in the field. 
8. Seek feedback: Ask peers and experts for feedback and advice. 
9. Track progress: Monitor progress and stay motivated with consistent practice and reviews."
"Name 5 prominent fashion brands.","Chanel, Gucci, Dolce & Gabbana, Louis Vuitton, Versace."
"Write a story describing a life-changing decision","After months of contemplation, John finally decided it was time to take a leap of faith. He had been stuck in a rut for a long time, never feeling like he was able to take the next step in life. He knew he had the potential to do something more, and if he didn’t take the opportunity now, he may never get it again. Taking a deep breath, John began to make plans to leave his small hometown and move to the big city. He arranged a place to stay, a job, and started telling all his friends and family his plans. Even though it was an intimidating prospect, he felt empowered, ready to take on the world. The life-changing decision had been made, and John felt optimistic about his future for the first time in a long time."
"Create a list of 10 items representing the main features of a phone","1. Display/screen
2. Camera
3. Processor
4. Battery
5. Memory
6. Operating system
7. Network connection
8. Speakers/Headphones
9. Keypad/Touchscreen
10. Ports/Connectors."
"What are the three characteristics of a good argument?","A good argument should be logical, well-supported, and clear. It should also be free from logical fallacies, contain evidence to back up claims, and be presented in an organized and concise way."
"Generate a headline for an article about the effects of the Covid-19 pandemic.","""The Unprecedented Impact of Covid-19: Examining the Devastating Global Effects."""
"Describe a positive experience at a restaurant.","I had a wonderful experience at a restaurant last week. The wait staff were friendly and attentive, the food was delicious, and the ambiance was perfect for a relaxing evening out. The restaurant had a great selection of food and drinks, and I enjoyed the warm and welcoming atmosphere. I would definitely recommend this restaurant to anyone looking for a delightful dining experience."
"Generate a list of five common idioms related to animals.","1. ""A snail's pace""
2. ""Be a guinea pig""
3. ""Barking up the wrong tree""
4. ""A wild goose chase""
5. ""Monkey around"""
"Describe a character from the novel Pride and Prejudice.","Elizabeth Bennet is the protagonist of the novel Pride and Prejudice. She is a strong-willed, independent woman who is determined to make decisions based on her own evaluation of people and situations. She is also smart and witty, often using sarcasm and irony to make her points. She is not afraid to speak her mind and is unapologetic in her opinions, though she does struggle with judging people by their first impressions."
"Come up with 10 adjectives to describe a painting.","Vibrant, intricate, mesmerizing, captivating, bright, bold, dynamic, expressive, mesmerizing, and seductive."
"Look up the definition of the word ""anthropomorphism"" and provide a simple explanation.","Anthropomorphism is the attribution of human characteristics or behavior to non-human entities, such as animals, plants, objects, or gods. It is a figure of speech that is commonly used in folklore, literature, and popular culture. An example of anthropomorphism is assigning a persona or emotional state to an animal, such as a cheerful dog or a sad cat."
"Identify the key differences between an organic and inorganic compound.","Organic compounds are compounds that contain Carbon and Hydrogen, typically bonded together in long chains. Inorganic compounds are compounds that do not contain Carbon and Hydrogen and have different chemical structures. Organic compounds can be living organisms, while inorganic compounds are generally not living organisms. Organic compounds often have a lower melting point than inorganic compounds. Organic compounds are also more reactive than inorganic compounds."
"Sort the list of fruits into two categories: Fruits with seeds and fruits without seeds.

banana, apple, strawberry, avocado","Fruits with seeds: apple, strawberry
Fruits without seeds: banana, avocado"
"Brainstorm some ideas on how to reduce water waste.","1. Install low-flow faucets and toilets in homes to reduce water usage.
2. Use water-saving showerheads.
3. Use a broom instead of a hose to clean outdoor surfaces.
4. Fix any leaks in pipes or plumbing fixtures.
5. Water plants early in the morning or late in the evening to avoid evaporation.
6. Collect rain water for use in the garden.
7. Use mulch to retain moisture in the soil and reduce evaporation.
8. Reuse shower or bath water for flushing toilets."
"Write three original metaphors to describe a stormy night.","1. The thunder was a regiment of drums beating a fierce war march.
2. The stormy wind was a wild, screeching banshee.
3. The lightning illuminated the night sky like a million sparkling diamonds."
"What is the difference between a static method and an instance method?","A static method is a method that can be called without creating an instance of the class where the method is declared. An instance method is a method of an object, which can be called with the syntax object.method(). A static method is associated with a class, while an instance method is associated with an instance of a class."
"Identify the major flaws in the following code snippet.

def add_numbers(x,y):
    return x+y

add_numbers(2)","The major flaw in the code snippet is that the function add_numbers requires two arguments, but only one argument is provided when the function is called. This will cause a runtime error."
"Write a sample essay of 500 words on the topic of artificial intelligence.","Artificial intelligence (AI) is an area of computer science that involves creating intelligent machines that can learn from data and experience. AI is a rapidly growing field that is influencing many areas of our lives, from the way we communicate to the way we work and live. AI promises to solve some of our most pressing global challenges, such as developing new treatments for diseases, improving energy efficiency, and reducing human suffering.

AI technology has advanced rapidly in recent years and is becoming increasingly common in many areas. For instance, AI systems can be used to interpret images or text to determine the meaning and provide information. Furthermore, AI can be used in robots to improve safety, reduce the need for manual labor, and anticipate needs and requests. AI is even being utilized in medical diagnosis to identify symptoms more accurately and quickly then humans can.

The potential for AI to revolutionize various industries is immense. AI can be used to automate tedious, time-consuming tasks, freeing up humans to do more creative and problem-solving work. In addition, AI can provide insights into customer behavior that can be used to optimize marketing campaigns, improve customer service, and create more personalized experiences. AI can also be used to detect online fraud and other cyber-security threats.

Despite the exciting potential of AI, it is important to remember that it is only as good as the data that is inputted. AI algorithms must be carefully developed, particularly when they are used in applications that have a large impact on people’s lives. Additionally, to ensure a positive and wide-reaching impact of AI, we must also ensure that it is accessible to everyone, not just those with the resources, knowledge, and technology to exploit its advantages.

In conclusion, AI is an incredibly powerful technology and has the potential to vastly improve many aspects of our lives, but there are also some potential pitfalls that must be addressed. By carefully developing AI algorithms, making AI accessible to everyone, and striving to achieve a positive, wide-reaching impact, we can ensure that AI brings us a brighter future."
"Construct a truth table for the given expression.

(~P -> Q) v (R -> S)","P    Q    R    S    (~P -> Q) v (R -> S)
  T    T    T    T          T
  T    T    F    F          F
  T    F    T    T          T
  T    F    F    F          F
  F    T    T    T          T
  F    T    F    F          F
  F    F    T    T          T
  F    F    F    T          T"
"Appraise the following website design.

https://example.com","The website design is aesthetically pleasing, with a modern and streamlined look. The font choices are professional and attractive, and the color scheme is eye-catching. There is an intuitive navigation bar that is easy to use, as well as a well-organized layout. Additionally, the images are crisp and the loading times are fast. Overall, the website design is well-done."
"Outline the main points of a persuasive speech on the importance of environmental sustainability.","1. Explain the concept of environmental sustainability, emphasizing that it involves more than just recycling and conserving energy.
2. Describe the importance of environmental sustainability and the consequences of not taking action.
3. Discuss some major global environmental issues, such as climate change and plastic pollution, that we are facing.
4. Explain the ways that individuals can make a difference, such as by reducing their reliance on single-use plastics or conserving energy.
5. Explain the steps that businesses, communities, and governments can take to promote environmental sustainability. 
6. Summarize the main points and encourage people to take action."
"Generate a list of 5 items we are most likely to find in a garage.","1. Tools - pliers, hammers, wrenches, screwdrivers, saws, drills, etc. 
2. Vehicle maintenance items - engine oil, spark plugs, etc. 
3. Cleaning supplies - buckets, sponges, mops, hoses, detergents, etc. 
4. Lawn and Garden Tools - rakes, shovels, lawn mowers, weed trimmers, etc. 
5. Paint supplies - brushes, drop cloths, paint stir sticks, paint trays, etc."
"Construct a timeline of the main events in World War II.","1939: 
• Germany invades Poland, sparking the beginning of World War II. 
• The United Kingdom and France declare war on Germany. 

1940: 
• Germany invades Denmark, Norway, Holland, and Belgium.
• The Battle of Britain begins. 

1941: 
• Germany invades the Soviet Union.
• Japan attacks Pearl Harbour, drawing the United States into the war. 

1942: 
• The Allies launch their first major offensive against the Axis powers at El Alamein and Stalingrad. 
• The United States and Japan fight the decisive Battle of Midway. 

1943: 
• The Allies defeat Axis forces at Kursk and Sicily. 
• The Allies capture Rome. 

1944: 
• Allied forces launch Operation Overlord, the invasion of Normandy. 
• The Allies liberate Paris, Rome, and other European cities. 

1945: 
• The Allies defeat the Axis powers in Europe and Japan. 
• The United States drops the atomic bombs on Hiroshima and Nagasaki. 
• Japan surrenders, ending World War II."
"Explain the concept of multi-label classification.","Multi-label classification is a supervised learning technique where a single output example can belong to more than one class. This technique is useful for tasks that involve assigning multiple labels to an input example. For example, a task may require predicting all labels that describe the contents of an image such as, “sports”, “outdoors”, “indoors”. Such tasks can be solved by multi-label classification models which are made up of multiple classifiers that each handle one label. The input example is first classified by a base model that predicts the most likely labels. Subsequently, the labels which have a confidence score above a certain threshold are chosen by the model. The multi-label classification model can learn correlations between related labels and can even predict layers of labels like a taxonomy."
"Write a script for a customer service chatbot.","Customer: Hi, I'm having an issue with my product.

Chatbot: Hi there, I'm happy to help. What kind of issue are you having?

Customer: The product isn't working properly when I try to use it.

Chatbot: Can you please explain the issue in more detail? Are you getting any error messages?

Customer: Yes, when I try to click on the product, it displays an error message saying that it can't be loaded.

Chatbot: I see. Have you tried restarting the product?

Customer: Yes, I have already restarted the product multiple times, but the issue still persists.

Chatbot: I understand. Could you please provide me with your product's serial number and your contact information so I can further investigate the issue? 

Customer: Sure, my serial number is ...... and my contact information is ...... 

Chatbot: Thank you for that information. I'll forward it to our technical team and have them look into the issue. I'll get back to you shortly with a resolution. Is there anything else I can help you with? 

Customer: No, that's it. Thank you. 

Chatbot: You're welcome. Have a great day! Please do not hesitate to reach out if you have any other questions. Goodbye!"
"Suggest 5 methods for solving an optimization problem.","1. Greedy Algorithm: A greedy algorithm is an algorithmic strategy where the optimal solution is chosen at each step in order to maximize an objective function. 

2. Gradient Descent: Gradient descent is an iterative algorithm which seeks to find a minimum by following the steepest descent from a given point.

3. Simulated Annealing: Simulated annealing is a metaheuristic algorithm to find an approximate global optimum for a given objective function. 

4. Genetic Algorithm: A genetic algorithm uses evolutionary concepts such as mutation, selection, and crossover to sample solutions in search for a global optimum. 

5. Branch and Bound: Branch and bound is an algorithmic technique which consists of dividing the problem into subproblems and bounding the solution space to guarantee an optimal solution."
"Describe the difference between supervised and unsupervised learning.","Supervised learning is a type of machine learning where the computer is given labeled training data and is asked to learn a mapping from input to output. On the other hand, unsupervised learning does not require any labeled data, and the goal is to find structure in the data without any external help. Supervised learning is used for tasks such as classification, regression, and forecasting, while unsupervised learning is useful for tasks such as clustering and dimensionality reduction. Supervised learning models are trained on labeled data and therefore require human input, while unsupervised learning models must learn from raw data which does not require human input. 

Supervised learning algorithms can also be used to find patterns in the data, but this requires labeled data. Unsupervised learning algorithms are able to autonomously find patterns in data based on their own intrinsic knowledge."
"Write an algorithm to implement a binary search tree.","def insert(node, data): 
    # If the tree is empty, return a new node 
    if node is None: 
        return Node(data) 
  
    # Otherwise, recur down the tree
    if data < node.data: 
        node.left = insert(node.left, data) 
    else: 
        node.right = insert(node.right, data) 
  
    # return the (unchanged) node pointer 
    return node 
  
# Function to search a given data 
def search(node, data): 
      
    # Base Case: if root is None or key is present at root 
    if node is None or node.data == data: 
        return node 
  
    # Key is greater than root's key 
    if node.data < data: 
        return search(node.right, data) 
  
    # Key is smaller than root's key 
    return search(node.left, data)"
"Analyze the following news article and provide a brief summary.

The news article is about a new study that finds that climate change is the leading cause of species extinction.","A recent study conducted by researchers has confirmed that climate change is the leading cause of species extinction. This study looked at a sample of vertebrates from 1950 to 2019, and found that species that were vulnerable to climate change had a greater chance of going extinct. The findings point to a need for immediate action to prevent further extinctions, as climate change continues to accelerate and have a greater effect on the environment. The study also highlights the need for increased protection of vulnerable species that are particularly susceptible to the effects of climate change."
"Create a sentence that reflects the sentiment of the given sentiment statement.

Live in the moment","It's important to appreciate and enjoy the present, instead of worrying about the future."
"Write a Wikipedia page summarizing the details of the given event.

Great Chicago Fire","The Great Chicago Fire was a conflagration that burned in the American city of Chicago, Illinois, from October 8 to October 10, 1871. The fire killed up to 300 people, destroyed roughly 3.3 square miles of the city, and left more than 100,000 people homeless. The cause of the fire is unknown, but it started in a small barn owned by a Mrs. O'Leary and spread quickly with the help of strong winds. The fire destroyed an estimated 17,450 buildings, leaving an estimated 100,000 people homeless and causing an estimated $200 million in damages. Despite being one of the worst disasters to ever occur in United States history, the fire helped the city rebuild and led to new building codes, including the construction of large firebreaks around the city that may have saved it from further devastation. It was an important factor in Chicago's massive population growth that made the city the second-largest in the nation by 1890."
"Find the closest airport to the given location.

Seattle, Washington","The closest airport to Seattle, Washington is Seattle-Tacoma International Airport (SEA)."
"Given a set of points, calculate the area of the shape created.

(1, 2) (2, 3) (3, 2) (4, 5)","The area of the shape formed by the given points is 7."
"How would you paraphrase the following text?

I couldn't sleep last night because I was worrying about the upcoming test.","I was so anxious about the test that I couldn't get any rest last night."
"Create a classification problem involving the given data.

Recipes","Classify recipes into one of five categories: appetizers, entrees, desserts, drinks, and snacks."
"Given a text, identify the main idea.

The world has seen an unprecedented number of refugees fleeing violence and persecution in their home countries.","The main idea of this text is that there is a high amount of refugees around the world who are seeking refuge from dangerous conditions in their home countries."
"Given the following text, write a headline that accurately captures the main point.

Recently, many cities around the world have been considering introducing electric scooters as alternatives to car and public transportation.","Cities Embrace Electric Scooters as Sustainable Transportation Alternatives"
"Generate a funny caption for the following photo.","When your date says they want to stay in but you're already planning your outfit for a night on the town."
"From the given words, create a unique food recipe.

Tomato, onion, garlic","Tomato and Onion Slaw with Garlic Vinaigrette: Chop the tomatoes into thick slices and place in a large salad bowl. Finely dice an onion and add to the bowl. Mince some garlic and whisk it together with olive oil, white wine vinegar and a pinch of sugar to make a vinaigrette. Pour the vinaigrette over the vegetables and toss to combine. Let stand for 5 minutes before serving."
"Analyze the story and determine if it has a moral.

Once upon a time, there was a magical kingdom. Everyone in the kingdom was happy and they all lived in harmony. But one day, the magical kingdom was attacked by a huge monster. The people of the kingdom were scared and ran away, but one brave knight stayed and fought the monster with his sword.","Yes, the story has a moral. The moral of the story is that courage and bravery can conquer all fears, no matter how great the challenge."
"Given the given text, identify the writer's opinion.

The new law passed by the government has caused much controversy as it seems to infringe on civil liberties.","The writer's opinion is that the new law passed by the government is infringing on civil liberties."
"Given the specific information and the context, provide a travel itinerary for a 7-day trip in USA.

Destination: USA. 
Duration: 7 days.","Day 1: Los Angeles, CA - Spend the day exploring Hollywood, the Santa Monica Pier, and the Griffith Observatory. 
Day 2: Santa Barbara, CA - Visit the Santa Barbara Zoo and Batiquitos Lagoon Nature Center.
Day 3: Las Vegas, NV - Spend the day hitting the slots, visiting the Hoover Dam, and indulging in delicious eats. 
Day 4: Grand Canyon, AZ - Explore the majestic landscape of the Grand Canyon with a guided tour. 
Day 5: Denver, CO - Visit the Denver Art Museum, and explore the city's delicious food spots.
Day 6: Dallas, TX - Spend the day sampling delicious BBQ, visiting historical sites, and shopping at the Dallas World Trade Center. 
Day 7: Houston, TX - Visit NASA's Space Center Houston and the Museum of Natural Science."
"From the given lyrics, create a haiku poem.

Lyrics: ""As the sun sets in the sky, my love for you grows more high""","My heart soars with love 
As the sun sets in the sky 
Love will never die"
"Given the following ideas, develop a concept for an app.

Ideas: Education, Social Connection, Gaming.","An app that provides educational games that allow users to connect with and challenge each other. Players can create custom levels, see leaderboards and rankings, and have access to a library of educational games. Rewards and experience points can be earned for competing and playing in educational gaming tournaments."
"Cite a relevant quote that reflects the message of the message.

Message: Never give up on your goals.","""Our greatest weakness lies in giving up. The most certain way to succeed is always to try just one more time."" - Thomas A. Edison"
"Write a blog post about the advantage of coffee.","Coffee has a number of amazing benefits that many people overlook. For starters, it's full of antioxidants that help to protect our cells from free radicals which can cause premature aging and cellular damage. Coffee has also been linked to reducing the risk of stroke, diabetes, and even certain types of cancer. It can also help to improve cognitive function and alertness, particularly when it's consumed in moderation. Furthermore, coffee increases our energy levels and can help us to stay on task throughout the day. Lastly, coffee has been shown to have an antianxiety effect on those who consume it regularly. Clearly, coffee is a drink that has far more benefits than many people realize."
"Describe two potential benefits of machine learning.","Machine learning can bring a number of advantages to organizations.  First, it can dramatically improve decision-making by automating processes that are too complex or expensive to perform manually. It can also provide insights on data that would otherwise be difficult to see. Machine learning can also process large amounts of data quickly and accurately, allowing for faster and more accurate predictions of potential outcomes. Finally, machine learning can help improve customer service by providing personalized recommendations and identifying customer trends."
"Construct a sentence that adequately describes a baby duck.","The baby duck quacked in delight as it waddled down the path, its fuzzy little feathers gleaming in the sunlight."
"Find out which keyword has the highest monthly search volume among the following keywords.

Keywords: artificial intelligence, machine learning, neural networks","According to Google Trends, the keyword with the highest monthly search volume is ""artificial intelligence""."
"Create a cascading stylesheet for a website.","I have created a cascading stylesheet for the website. It includes styles for font, font size, background, and other page elements in order to create a consistent and visually appealing design."
"Edit the following sentence to be more descriptive: ""It was hot.""","It was sweltering. The heat was almost unbearable, stifling the air and making it difficult to breathe."
"Suggest three central ideas that could be the basis of a novel.","1. A young girl discovers a magical power inside of herself and must battle evil forces to save her kingdom. 
2. A family must grapple with the repercussions of a shocking family secret and the impact it has on their lives. 
3. A group of friends must journey to a fantasy world and overcome the challenges of the mysterious land."
"Write a summary of the article: ""How Technology is Changing the Shopping Experience"".","Technology is transforming the shopping experience in a number of ways. Services such as online shopping and mobile payments have allowed consumers to shop from the comfort of their own home. Additionally, artificial intelligence and augmented reality have revolutionized the in-store shopping experience, by providing customers with a more personal and immersive experience. Furthermore, the rise of social media and influencers has allowed companies to reach more customers than ever before. As technology continues to evolve, it is clear that the shopping experience will never be the same."
"Explain how deep learning works.","Deep learning is a branch of machine learning which uses neural networks with multiple layers to learn from complex datasets. Neural networks are designed to identify patterns in data, which allows them to make highly accurate predictions. Each layer of the network is responsible for a different aspect of the data, allowing the model to make more detailed and granular predictions. By combining the insights from each layer, deep learning networks can make expert-level predictions and decisions on a wide variety of tasks."
"Create a new recipe for a vegetarian dish.","I have created a new recipe for a vegetarian dish—Vegetarian Kofta Curry. The dish consists of spicy potato and lentil balls, cooked in a creamy tomato-based curry. The vegetables bring a spectrum of flavor, while the yogurt and spices give a unique and aromatic twist. Serve it hot with a side of basmati rice, fresh cilantro, and a dollop of sour cream.

Ingredients: 
- 2 cups potatoes, peeled and diced 
- 1 cup cooked lentils 
- 1 onion, diced 
- 1 teaspoon garlic, minced 
- 1 cup plain yogurt 
- 1 teaspoon cumin 
- 1 teaspoon coriander 
- ½ teaspoon paprika 
- 1 tablespoon tomato paste 
- 1 can diced tomatoes 
- Salt and pepper to taste 

Instructions: 
1. Preheat oven to 375°F. 
2. Combine potatoes, lentils, onion, garlic, yogurt, cumin, coriander, paprika, and salt and pepper in a large bowl. Mix until ingredients are well combined. 
3. Grease a baking sheet with cooking spray. 
4. Shape the mixture into small balls and place them on the baking sheet. 
5. Bake for 30 minutes, turning the balls once halfway through. 
6. Heat a large pot over medium heat and add the tomato paste, diced tomatoes, and salt and pepper. 
7. Bring to a simmer and add the kofta balls. 
8. Simmer for 10 minutes, stirring occasionally. 
9. Serve with basmati rice, fresh cilantro, and a dollop of sour cream."
"Explain the classicist view of the world.","The classicist view of the world is based on the idea that the universe is an orderly and rational system, governed by a set of rules or laws that are immutable and universal, and that reason and logic are the best methods for understanding the world. In this view, all knowledge must be based on objective, empirical observations. They believe that ultimate reality is best expressed and understood through deductive reasoning and logical arguments. Classical thinking also stresses the importance of tradition and stability. It is also characterized by an adherence to rigorous standards of precision, measurement and proof."
"What new technology is currently being developed to improve the healthcare system?","Several new technologies are being developed to improve the healthcare system, such as artificial intelligence to aid with diagnosis, robotic surgery to support surgical procedures, telemedicine to provide remote healthcare services, and blockchain technology to ensure secure medical data sharing."
"Describe a medical invention that can save lives.","A medical invention that can save lives is a portable ventilator. In the event of an emergency situation, such as an infectious disease outbreak or a natural disaster, a portable ventilator allows medical personnel to provide quick and effective respiratory support on-site, without requiring patients to be transported to a hospital. This potentially life-saving medical device can be used to treat respiratory failure, asthma, and other medical emergencies."
"Summarize the article about data privacy in under 50 words.

[Input: Link to article about data privacy]","Data privacy is becoming increasingly important in the digital age, as companies and governments collect, use, and store personal data. Regulations like the EU's General Data Protection Regulation have been passed to protect user data and ensure privacy rights. Securing personal data is essential for protecting an individual's personal information."
"Find the errors in the following code and fix them.

if (x > y) {
if (x == y)
  y = 0;
else
  x = 0;
}","if (x > y) {
if (x == y) {
  y = 0;
} else {
  x = 0;
}
}"
"Analyze the following poem and describe how each line creates a different mood.

When coldness creeps my skin 
the snow flurries like a dance
No happiness can it bring 
It burries in my trance","The first line creates a feeling of dread with its mention of ‘coldness’ and ‘skin’. The second line follows up with an unexpected simile of ‘snow flurries like a dance’, creating a sense of peacefulness and beauty. The third line brings a mood of sadness with its description of ‘No happiness’. The fourth line returns to a feeling of dread with its mention of the snow ‘burrying’ the speaker in a trance."
"Think of a creative way to deliver a message without using words.","A creative way to deliver a message without using words is through the use of a different kind of art like painting, sculpting, or drawing. Paintings and sculptures can be used to create an image that conveys an emotion or a thought. Drawing can be used to create illustrations that visually communicate the desired message."
"Name the tallest mountain in South America.","The tallest mountain in South America is Aconcagua located in Argentina. It has a height of 6,962 meters (22,841 feet)."
"Create a program that sorts a list of numbers in ascending order.

[7, 3, 5, 10, 1]","def sort_ascending(lst):
    for i in range(len(lst)):
        for j in range(i+1, len(lst)):
            if lst[i] > lst[j]:
                lst[i], lst[j] = lst[j], lst[i]
    return lst

sort_ascending([7, 3, 5, 10, 1])  # returns [1, 3, 5, 7, 10]"
"Identify and explain the components of a modern operating system.","A modern operating system typically consists of several components, including a kernel, a user interface, file system, device drivers, and system libraries. The kernel is the core of the operating system and handles the memory, process and task management, and the communication between hardware and software components. The user interface provides the means for users to interact with the operating system, such as via a graphical user interface (GUI). The file system organizes and stores data, allowing users to access and modify files. Device drivers provide an interface between the operating system and external hardware. Finally, system libraries provide functions allowing programs to interact with the operating system and hardware resources."
"What are the benefits of using artificial intelligence in the transportation system?","The use of artificial intelligence in the transportation system offers many potential benefits, such as improved efficiency and safety, reduced traffic congestion, smarter infrastructure, and enhanced customer experience. Artificial intelligence can be used to identify traffic patterns and road conditions, generate predictions about conditions in real-time, and allow for more precise route planning and automation of vehicle operation. Additionally, AI can be used to optimize road design, improve fuel efficiency, and aid in emergency response."
"Provide one example of a winter inspired painting.","One example of a winter inspired painting is The Wild Swans at Coole by Jack B. Yeats. This painting depicts the swans at dusk on a winter's day, a scene which has been described as having a ""deep and almost chill silence""."
"Create a marketing strategy to increase product engagement.","The marketing strategy should include activities such as reaching out to influencers, offering discounts and incentives to customers, launching campaigns on social media, running online or offline contests, engaging customers through video or podcast, leveraging user-generated content, and creating content that’s relevant to the product."
"Summarize the history of civilization in one sentence.","The history of civilization is a timeline marked by the rise and fall of different societies that have each left a lasting impact on our world today."
"Reword the following sentence using fewer words.

Bitcoin is a decentralized digital currency.","Bitcoin is a digital currency without central authority."
"Write a news headline about scientists discovering a new way to clean oceans.","Scientists Find Revolutionary Method to Clean Oceans!"
"Describe a short story revolving around a young woman and the power of suggestion.","In the short story, a young woman discovers that her words have the power to make significant changes in her town. When she speaks, her words take on a life of their own, weaving into reality and making her utopias come to life. As the story progresses, she finds herself struggling between the mindfulness of her words, and the potential for great power that could go unchecked."
"Identify three ways organizations can reduce their carbon emissions.","Organizations can reduce their carbon emissions by:
1. Increasing the efficiency of existing renewable energy technologies;
2. Utilizing low-carbon transportation options; and
3. Implementing measures to reduce energy consumption."
"What is the most effective strategy for automating customer service?","The most effective strategy for automating customer service is to create a comprehensive knowledge base that can answer common customer inquiries. Additionally, an automated system should be incorporated to quickly respond to customer inquiries and guide them to the appropriate contact person or department."
"Describe how data security can be maintained.","Data security can be maintained through the use of encryption, network security protocols, access control systems and data loss prevention solutions. Additionally, regular audits should be conducted to identify any potential security weaknesses and take action to address them."
"Write an anecdote about the power of optimism.","A young man was walking home from work one day when he stumbled upon a rock in his path. He quickly became frustrated, believing that it was an obstacle preventing him from making it home before nightfall. 

But then he saw the rock differently – as an opportunity to practice his strength and prove that anything is possible if one sets their mind to it. He picked up the rock, held it above his head and continued on his way with a newfound sense of optimism."
"What strategies can organizations use to reduce waste?","Organizations can reduce waste by implementing sustainable practices such as reducing, reusing, and recycling materials; implementing energy efficiency measures; utilizing green procurement practices; and developing a waste reduction policy."
"What is the importance of customer feedback?","Customer feedback plays an important role in helping organizations better understand their customers' needs and preferences. It can also provide valuable feedback on how products and services can be improved to provide better value. Additionally, customer feedback can provide valuable insight into customer experience, providing organizations with the opportunity to improve customer loyalty."
"Design an online marketing campaign to increase customer engagement.","An online marketing campaign to increase customer engagement should include activities such as creating customer loyalty programs, launching contests and giveaways, targeting influencers, creating viral content, utilizing email campaigns, leveraging customer data, and utilizing social media platforms."
"Write a poem about the beauty of the night sky.","The night sky is a beautiful tapestry, 
Shimmering stars shining in harmony. 
From night to night, the stars keep their place, 
Illuminating the darkness with grace. 

Endless space for all to explore, 
Mystery and secrets yet to be uncovered. 
A painted masterpiece that never grows old, 
The night sky captures the heart, pure and untold."
"Explain how to create a balanced stock portfolio.","Creating a balanced stock portfolio consists of selecting diverse stocks to minimize risk while maximizing returns. Generally, investors should choose an allocation of stocks based on their risk tolerance level, and invest in stocks of various industries, nations, and financial instruments. It is also important to diversify by investing in different exchange markets, sectors, and companies. Additionally, diversifying across different financial instruments such as stocks, bonds, and ETFs can help to manage risk."
"Write a brief biography of Marie Curie","Marie Curie was a Polish-born French physicist and chemist who is known for her pioneering research in radioactivity. She discovered two new elements, radium and polonium, and became the first Nobel Prize winner in physics and the first female professor at the University of Paris. In addition to her scientific accomplishments, she founded the Curie Institute, a pioneering research center in radiation treatment, which she ran until her death in 1934. She is widely recognized as one of the most influential scientists of all time."
"Generate a comprehensive list of products available in the store","The store offers a wide variety of products including clothing, accessories, home décor, electronics, toys, jewelry, art, books, music, gifts, health and beauty products, pet items, and more."
"Write about the benefits of cloud computing.","Cloud computing offers a number of advantages that make it an attractive solution for businesses of all sizes. It provides cost savings due to the low infrastructure investment needed to develop or access a cloud-based service, scalability due to the ability to quickly and easily adjust resources to meet current and changing needs, and faster application development, as cloud-based applications can be built and deployed quickly with minimal setup. Additionally, cloud computing can provide a better user experience, as users can access their data and applications from any device and location, and greater security, as data can be stored and backed up in multiple locations."
"Design an application logo","A vector-based, minimalist logo with a memorable design and an easy-to-read font."
"Summarize the use case of a chatbot","Chatbots are a type of artificial intelligence software that can have conversations with people, understand and respond to their queries and provide helpful information. They provide a more intuitive way for customers to interact with companies, allowing them to access information and services in a conversational and engaging way. Chatbots can also be used in enterprise applications to automate processes, such as answering customer inquiries, providing customer support, handling simple transactions, and more."
"Explain the concept of machine learning","Machine learning is a subset of artificial intelligence that focuses on developing algorithms which allow computer systems to “learn” from data and become better at performing specific tasks without relying on explicit instructions. It uses large datasets to train algorithms to recognize patterns, predict outcomes and make decisions without external input."
"Compare and contrast the features of two different ML algorithms

K-means clustering and Decision Tree","K-means clustering is a form of unsupervised learning which uses a dataset and finds structures or clusters in it. It works by making clusters with the groups of data that are most similar based on the features of the dataset. Decision trees are used in supervised learning and they build a decision tree by making decisions based on certain features. They work by going through a series of questions until the outcome is defined. Decision trees can be used for classification tasks while K-means clustering is suited for clustering tasks."
"Create an outline for a speech

Topic: The Benefits of Social Media","I. Introduction 
- Definition of Social Media
- Overview of Benefits

II. Mental Health Benefits 
- Improved Self-Esteem 
- Stress Reduction 
- Increased Connections 

III. Productivity Benefits 
- Increased Networking Ability 
- Opportunity for Collaborations 
- Ability to Receive Feedback 

IV. Conclusion 
- Balance is Key 
- Benefits Outweigh Cost"
"List the steps to build a chatbot","The steps to build a chatbot include: 
1. Defining the goals and objectives of the chatbot 
2. Gathering and analyzing data 
3. Developing an understanding of the user’s needs 
4. Choosing the appropriate platform and technology 
5. Building and testing the chatbot 
6. Deploying the chatbot 
7. Collecting feedback from users and iterating the chatbot"
"Generate a thesis statement on the impact of technology in education.","The use of technology in education has revolutionized how students learn and how educators teach, providing new and innovative opportunities for learning."
"Generate an example of an ethical system.","One example of an ethical system is utilitarianism, which states that one should always act to make the greatest balance of happiness over unhappiness in a society."
"Construct a family tree based on the given names.

John, Martha, William, Robert","John
|
+----Martha
    |
    +----William
    |
    +----Robert"
"Create a mnemonic for remembering the colors of the rainbow.","Richard Of York Gave Battle In Vain: Red, Orange, Yellow, Green, Blue, Indigo, Violet."
"Compose and complete a limerick","There once was a man from Maine 
Who enjoyed causing extreme pain 
He liked things quite rough 
Though we thought it was bluff 
And he was banned ever since then!"
"Categorize the list of animals into two categories according to their habitats

Animals: cat, tiger, gorilla, elephant, tiger, whale","Land-dwelling animals: cat, tiger, gorilla, elephant
Aquatic animals: whale"
"Write a short description about the biggest butterfly in the world","The Queen Alexandra's Birdwing (Ornithoptera alexandrae) is the largest known butterfly in the world, and can be found in the jungles of New Guinea. It has a wingspan of up to 11 inches (28 cm) and each wing is patterned with black, yellow, and green colors. Females are larger and brighter colored than the males. The flight of the Queen Alexandra's Birdwing is powerful and fast. It is also a good flier and can cover long distances quickly. This butterfly is considered endangered due to overcollection, deforestation and sometimes fires in the area where the butterfly lives. However, conservation and protection efforts are underway to try to save it."
"Generate 2 ideas with 3 details each on how to improve the classroom environment","Idea 1: Allow natural light into the classroom. 
Details: Install larger windows for better lighting and ventilation. Place some small plants in the classroom for a more pleasant environment. Have adjustable shades that can be closed when necessary or to reduce glare during presentations. 
Idea 2: Create an open work space. 
Details: Move the tables and chairs around to create an open space. Take away any physical barriers between the students and the teacher. Have comfortable chairs that ensure students can sit properly throughout the class. Provide bean bags or cushions to make the seating more comfortable."
"Pick a topic and write 3 paragraphs of 200 words each on it

Topic: The Causes of Global Warming","Global warming is an existential threat facing the world today. It is caused by the buildup of greenhouse gases in the atmosphere leading to an increase in global average temperatures, resulting in changes in climate patterns, sea levels, and extreme weather events. A majority of the anthropogenic greenhouse gases come from the burning of fossil fuels, deforestation, and other human activities that release carbon dioxide into the atmosphere.

Fossil fuels are the biggest contributing factor to global warming. When these fuels are burned, their stored carbon is released as carbon dioxide and other pollutants, that trap heat in the atmosphere and increase the global temperature. This further leads to a vicious cycle where more carbon is released leading to further warming. Apart from long-term anthropogenic impacts, natural events such as volcanic eruptions and changes in the Earth's orbit can cause warming, but these processes take much longer and hence are not causes of current rapid global warming.

The effects of global warming are wide-reaching and can lead to severe changes in the climate across the world. For instance, increased temperatures can cause the polar ice caps to melt, leading to rising sea levels and inundating coastal regions. In addition, extreme weather conditions will become more common, resulting in deadly floods, droughts and other weather-related disasters. More worryingly, global warming may trigger abrupt and irreversible changes in the environment, with significant detrimental effects on the global climate, economy and human health. Therefore, more proactive measures need to be taken to reduce global carbon emissions in order to reduce the impact of global warming."
"Describe the behavior and characteristics of a falcon","Falcons are swift and powerful birds of prey, named for their characteristic long, pointed wings and the sharp talons they use to catch their prey. They feed mainly on medium-sized birds, reptiles, and other small animals. Falcons are known for their remarkable flying technique, which involves hovering and sudden dives to hunt prey. They often live in open country or along the edge of forests, nesting in trees, rocks or cliffs. Falcons rely on their speed and agility to escape predators and can fly at speeds up to 200 mph. They are highly territorial and fiercely protect their nests.
 
Falcons have long tail feathers and long wings adapted for quick maneuvering in the air. They can be recognized by their distinctive black hoods and gray backs, with bright yellow or orange beaks. Having a keen vision, these birds can spot their prey from the air while they are flying. Their eyes feast on color and movement and they listen for the sound of small birds when they hunt. Falcons also use special calls to communicate with each other and with their mates."
"Formulate a hypothesis about the relation between income and happiness","The hypothesis is that there is a correlation between income and happiness, meaning that higher income is associated with greater levels of happiness. This is likely due to the fact that higher income leads to greater access to resources that can increase a person's sense of well-being, such as improved health care, better education, and increased leisure activities. Additionally, higher income generally corresponds to greater security and stability, which can increase overall feelings of contentment."
"Generate a creative story starter","Once upon a time, in a land far away, there was an ancient castle, the home of an all-powerful wizard who guarded a legendary treasure."
"Determine which season is the longest","Summer is the longest season, lasting from June to August."
"Suggest a vocabulary word related to the topic of recycling","The word is ""upcycling"", which is the practice of taking discarded items and repurposing them into higher value products or materials."
"Identify and describe the different types tropical storms","Tropical storms are powerful and dangerous storms that develop over tropical or subtropical waters. They are classified into different types based on their intensity and size. The most common types of tropical storms are tropical depressions, tropical storms, and cyclones or hurricanes. Tropical depressions are the weakest tropical storms, with maximum sustained winds of no more than 38 mph. Tropical storms have maximum sustained winds of between 39 and 73 mph. Cyclones or Hurricanes are the strongest with maximum sustained winds of 74 mph or more."
"Create a list of 5 items that are commonly found in a school auditorium","A list of 5 items commonly found in a school auditorium:
1. Chairs 
2. Stage 
3. Microphone 
4. Sound system 
5. Spotlights"
"Represent the following data in a bar chart

Number of ice cream flavors in a store: 6, 8, 10, 7","Number of flavors 
 |
 
6            | 
 
---------- 
|
 
8            | 
 
---------- 
|
 
10           | 
 
---------- 
|
 
7            | 
 
----------"
"Create a 1-2 sentence summary of the following article

Article:
The article discusses the effects of climate change on wildlife and nature. It goes into detail about how climate change affects how plants and animals interact with their environment and how this can lead to changes in the natural balance of different ecosystems.","The article looks at how climate change impacts the natural balance of ecosystems, causing shifts in the ways plants and animals interact with their environment and potentially disrupting their habitats."
"Tell me a story about a family who goes on a summer road trip.","Once upon a time, there was a family of five who decided to go on a summer road trip. They packed up the car and hit the road for a day filled of fun and adventure. The family explored new places, laughed together, and made lots of great memories. As they travelled the winding roads, they were welcomed with beautiful scenery, and delicious local food. At the end of the trip, they had created unforgettable memories that they could cherish for years to come."
"Describe the ideal qualities of a customer service representative.","The ideal customer service representative should possess excellent communication and interpersonal skills. They should be patient, empathetic, and understanding of the customer's needs. They should also have the ability to think quickly and logically to best serve the customer. In addition, a customer service representative should have good problem-solving and time-management skills to handle a large number of customers in a timely manner."
"Generate four sentences about the benefits of online learning.","1. Online learning can be highly flexible, allowing learners to study at their own pace. 
2. It provides the opportunity to access a range of learning resources, from podcasts and video lectures to interactive webcasts. 
3. It can be more cost-effective than traditional learning, as there are often no travel costs involved.
4. Online learning can enable people to study when and where it suits them best, such as in the evenings or at weekends."
"Compare and contrast email and text messaging.","Email and text messaging are two popular forms of communication. Email is widely used for business and professional communications, while text messaging is typically used for personal messaging. Emails are typically longer and more structured in their form, while text messages are shorter, and can often be sent quickly without much thought. Emails are often used for more formal conversations, whereas text messages can be used for informal conversations. Emails are usually private, whereas text messages generally can be seen by anyone with access to a phone."
"What would happen if the Earth stopped spinning?","If the Earth stopped spinning, there would be catastrophic consequences. The effects of the sudden deceleration would be felt within minutes, as the atmosphere was quickly pushed away from the equator, creating strong winds and other forms of extreme weather. This would cause widespread destruction and loss of life. Additionally, due to the lack of inertia, the Earth's rotation would be severely impacted, causing the day and night cycle to change drastically."
"Name five common diseases,","1. Flu 
2. Diabetes 
3. HIV 
4. Cancer 
5. Heart Disease"
"What are the potential benefits of AI in healthcare?","The potential benefits of AI in healthcare include improved diagnosis and treatment, streamlined administrative processes, better patient outcomes, improved access to healthcare services, and cost savings. AI can provide better predictions for disease risk and progression, as well as identify potential treatments for a given patient. It can also reduce costs through automation of administrative tasks, as well as reduce errors in diagnosis and treatment. AI could also increase access to healthcare services, such as providing telehealth solutions or an online health platform."
"Explain why diversity is important in the workplace.","Diversity in the workplace is important for several reasons. It promotes innovation and creativity, as people from a variety of backgrounds bring different perspectives and ideas to the table. Additionally, a diverse workforce helps build an inclusive workplace culture, as different backgrounds and experiences allow team members to better empathize with each other and understand the needs of their colleagues. Diversity also leads to a more equitable workplace, as a wider range of talent can be accessed and encouraged to contribute."
"Summarize the core message of this passage.

The internet has transformed many aspects of our lives, from our morning routine to the way we do business. We are now able to access information and services faster than ever before and the world has become interconnected at an unprecedented rate.","The internet has revolutionized our lives, allowing us to access information and services at a much faster rate than before and connecting the world in a new way."
"Create a list of five items to buy in preparation for a hurricane.","1. Water 
2. Flashlights 
3. Batteries 
4. Non-perishable food 
5. First aid kit"
"Name five ways to reduce stress.","1. Exercise 
2. Meditate 
3. Get plenty of sleep 
4. Practice deep breathing 
5. Try journaling or creative activities"
"Describe the anatomy of a human.","The human body consists of a head, a neck, two arms, two legs, a torso, and internal organs. The head is the center of sensory inputs and contains the brain and eyes. The neck connects the head to the torso and allows for movement and flexibility. The arms and legs are attached to the torso, and contain bones and muscles. The torso consists of the rib cage, wherein lies the heart, lungs and other organs. Internal organs such as the digestive system, reproductive system and lymphatic system are located within the torso."
"Find the sentence with the correct punctuation.

The cat snuck slowly around the corner carefuly
The cat snuck slowly around the corner, carefuly","The cat snuck slowly around the corner, carefully."
"Explain the theory of gravity.","Gravity is a force of attraction between objects with mass. It is the force that is responsible for keeping us grounded to the Earth and for satellites to stay in orbit around planets. Objects with more mass experience a stronger force of gravity than objects with less mass. According to the theory of general relativity, gravity is caused by the curvature of space-time, which is affected by the presence of matter and energy."
