input,answer
"Ian volunteered to eat Dennis's menudo after already having a bowl because _ despised eating intestine.

Question: In this sentence, who does the blank refer to?

A. Ian
B. Dennis
",B
"Ian volunteered to eat Dennis's menudo after already having a bowl because _ enjoyed eating intestine.

Question: In this sentence, who does the blank refer to?

A. Ian
B. Dennis
",A
"He never comes to my home, but I always go to his house because the _ is smaller.

Question: In this sentence, who does the blank refer to?

A. home
B. house
",A
"He never comes to my home, but I always go to his house because the _ is bigger.

Question: In this sentence, who does the blank refer to?

A. home
B. house
",B
"Kyle doesn't wear leg warmers to bed, while Logan almost always does. _ is more likely to live in a colder climate.

Question: In this sentence, who does the blank refer to?

A. Kyle
B. Logan
",B
"Kyle doesn't wear leg warmers to bed, while Logan almost always does. _ is more likely to live in a warmer climate.

Question: In this sentence, who does the blank refer to?

A. Kyle
B. Logan
",A
"The GPS and map helped me navigate home.  I got lost when the _ got turned upside down.

Question: In this sentence, who does the blank refer to?

A. GPS
B. map
",B
"The GPS and map helped me navigate home.  I got lost when the _ got turned off.

Question: In this sentence, who does the blank refer to?

A. GPS
B. map
",A
"Emily looked up and saw Patricia racing by overhead, as _ was on the ramp .

Question: In this sentence, who does the blank refer to?

A. Emily
B. Patricia
",B
"Emily looked up and saw Patricia racing by overhead, as _ was under the ramp .

Question: In this sentence, who does the blank refer to?

A. Emily
B. Patricia
",A
"The treasury workers took the gold bars off of the trolley and stacked them in the safe until the _ was empty.

Question: In this sentence, who does the blank refer to?

A. safe
B. trolley
",B
"The treasury workers took the gold bars off of the trolley and stacked them in the safe until the _ was full.

Question: In this sentence, who does the blank refer to?

A. safe
B. trolley
",A
"He thought he had time to take the scenic route to the store, but the _ was under construction.

Question: In this sentence, who does the blank refer to?

A. route
B. store
",A
"He thought he had time to take the scenic route to the store, but the _ was closed early.

Question: In this sentence, who does the blank refer to?

A. route
B. store
",B
"She remembered how annoying it is to dust her wood chair so she bought a plastic table instead.  Cleaning the _ is quick.

Question: In this sentence, who does the blank refer to?

A. chair
B. table
",B
"She remembered how annoying it is to dust her wood chair so she bought a plastic table instead.  Cleaning the _ is time consuming.

Question: In this sentence, who does the blank refer to?

A. chair
B. table
",A
"To overcome behavioural bias, we need to focus more on changing the conscious actions instead of the unconscious actions because the _ actions are voluntary.

Question: In this sentence, who does the blank refer to?

A. unconscious
B. conscious
",B
"To overcome behavioural bias, we need to focus more on changing the conscious actions instead of the unconscious actions because the _ actions are involuntary.

Question: In this sentence, who does the blank refer to?

A. unconscious
B. conscious
",A
"Megan has a lot less money than Jessica because _ just bought the winning lottery ticket.

Question: In this sentence, who does the blank refer to?

A. Megan
B. Jessica
",B
"Megan has a lot more money than Jessica because _ just bought the winning lottery ticket.

Question: In this sentence, who does the blank refer to?

A. Megan
B. Jessica
",A
"I picked up a bag of peanuts and raisins for a snack. I wanted a sweeter snack out so I stored the _ for now.

Question: In this sentence, who does the blank refer to?

A. raisins
B. peanuts
",B
"I picked up a bag of peanuts and raisins for a snack. I wanted a sweeter snack out so I ate the _ for now.

Question: In this sentence, who does the blank refer to?

A. raisins
B. peanuts
",A
"Craig really loves to clean all the time but Derrick does not because _ is very neat.

Question: In this sentence, who does the blank refer to?

A. Craig
B. Derrick
",A
"Craig really loves to clean all the time but Derrick does not because _ is very untidy.

Question: In this sentence, who does the blank refer to?

A. Craig
B. Derrick
",B
"Dennis gave his hammer to Robert so he could hammer the nails. _ had plenty of hammers.

Question: In this sentence, who does the blank refer to?

A. Dennis
B. Robert
",A
"Dennis gave his hammer to Robert so he could hammer the nails. _ had no hammers.

Question: In this sentence, who does the blank refer to?

A. Dennis
B. Robert
",B
"The party was more interesting and uplifing than the funeral because the _ was rigid.

Question: In this sentence, who does the blank refer to?

A. party
B. funeral
",B
"The party was more interesting and uplifting than the funeral because the _ was flexible.

Question: In this sentence, who does the blank refer to?

A. party
B. funeral
",A
"The geese prefer to nest in the fields rather than the forests because in the _ predators are more hidden.

Question: In this sentence, who does the blank refer to?

A. fields
B. forests
",B
"The geese prefer to nest in the fields rather than the forests because in the _ predators are very visible.

Question: In this sentence, who does the blank refer to?

A. fields
B. forests
",A
"The plant took up too much room in the urn, because the _ was small.

Question: In this sentence, who does the blank refer to?

A. plant
B. urn
",B
"The plant took up too much room in the urn, because the _ was large.

Question: In this sentence, who does the blank refer to?

A. plant
B. urn
",A
"I installed a new bird house outside above the ground, but had to prop it up higher away from my cat since the _ was too low.

Question: In this sentence, who does the blank refer to?

A. bird house
B. ground
",A
"I installed a new bird house outside above the ground, but had to prop it up higher away from my cat since the _ was too high.

Question: In this sentence, who does the blank refer to?

A. bird house
B. ground
",B
"I prefer spa to the pool and I find the cold water in the _  not relaxing at the end of the day.

Question: In this sentence, who does the blank refer to?

A. spa
B. pool
",B
"I prefer spa to the pool and I find the hot water in the _ relaxing at the end of the day.

Question: In this sentence, who does the blank refer to?

A. spa
B. pool
",A
"Megan said it would be liberating to go out without makeup like Elena does. _ never wore makeup when she left the house.

Question: In this sentence, who does the blank refer to?

A. Megan
B. Elena
",B
"Megan said it would be liberating to go out without makeup like Elena does. _ always wore makeup when she left the house.

Question: In this sentence, who does the blank refer to?

A. Megan
B. Elena
",A
"Donald was richer than Leslie was because companies had found oil on the property of _ .

Question: In this sentence, who does the blank refer to?

A. Donald
B. Leslie
",A
"Donald was poorer than Leslie was because companies had found oil on the property of _ .

Question: In this sentence, who does the blank refer to?

A. Donald
B. Leslie
",B
"Feeling a draft, William asked Neil to please close the front door because _ was closer.

Question: In this sentence, who does the blank refer to?

A. William
B. Neil
",B
"Feeling a draft, William asked Neil to please close the front door because _ was farther away.

Question: In this sentence, who does the blank refer to?

A. William
B. Neil
",A
"Lindsey loved the taste of duck but Megan liked chicken better. _ ordered the kung pao chicken for dinner.

Question: In this sentence, who does the blank refer to?

A. Lindsey
B. Megan
",B
"Lindsey loved the taste of duck but Megan liked chicken better. _ ordered the Peking Duck for dinner.

Question: In this sentence, who does the blank refer to?

A. Lindsey
B. Megan
",A
"Elena would grab their inventory in the back of the store for Megan to sell each time because _ was a loyal customer.

Question: In this sentence, who does the blank refer to?

A. Elena
B. Megan
",B
"Elena would grab their inventory in the back of the store for Megan to sell each time because _ was a businessperson.

Question: In this sentence, who does the blank refer to?

A. Elena
B. Megan
",A
"Kenneth asked Dennis what time the dance was being held, but _ had forgotten.

Question: In this sentence, who does the blank refer to?

A. Kenneth
B. Dennis
",B
"Kenneth asked Dennis what time the dance was being held, because _ had forgotten.

Question: In this sentence, who does the blank refer to?

A. Kenneth
B. Dennis
",A
"Eric was teaching all of the proper stretches to Neil, because _ was using them to get paid.

Question: In this sentence, who does the blank refer to?

A. Eric
B. Neil
",A
"Eric was teaching all of the proper stretches to Neil, because _ was using them to get in shape.

Question: In this sentence, who does the blank refer to?

A. Eric
B. Neil
",B
"When buying a home, Patricia doesn't have as much money to spend as Tanya, so _ buys a 5 bedroom house.

Question: In this sentence, who does the blank refer to?

A. Patricia
B. Tanya
",B
"When buying a home, Patricia doesn't have as much money to spend as Tanya, so _ buys a 1 bedroom house.

Question: In this sentence, who does the blank refer to?

A. Patricia
B. Tanya
",A
"I wanted to buy small tweezer to fit in my wristlet, but they still didn't fit. The _ were too small.

Question: In this sentence, who does the blank refer to?

A. tweezer
B. wristlet
",B
"I wanted to buy small tweezer to fit in my wristlet, but they still didn't fit. The _ were too big.

Question: In this sentence, who does the blank refer to?

A. tweezer
B. wristlet
",A
"Handling emergencies was never very difficult for Kevin but it was for Nelson because _ could remain calm under pressure.

Question: In this sentence, who does the blank refer to?

A. Kevin
B. Nelson
",A
"Handling emergencies was never very difficult for Kevin but it was for Nelson because _ wasn't able to remain calm under pressure.

Question: In this sentence, who does the blank refer to?

A. Kevin
B. Nelson
",B
"Emily asked her sister Sarah if she needed any tampons or pads from the store, even though _ didn't because she had switched to using menstrual cups.

Question: In this sentence, who does the blank refer to?

A. Emily
B. Sarah
",A
"Emily asked her sister Sarah if she needed any tampons or pads from the store, but _ didn't because she had switched to using menstrual cups.

Question: In this sentence, who does the blank refer to?

A. Emily
B. Sarah
",B
"Elena had a horrendous coughing fit from the pollen, unlike Tanya , since _ was immune to allergies.

Question: In this sentence, who does the blank refer to?

A. Elena
B. Tanya
",B
"Elena had a horrendous coughing fit from the pollen, unlike Tanya , since _ was susceptible to allergies.

Question: In this sentence, who does the blank refer to?

A. Elena
B. Tanya
",A
"Rebecca picked up Amy to carpool to work every day, so _ asked for some gas money.

Question: In this sentence, who does the blank refer to?

A. Rebecca
B. Amy
",A
"Rebecca picked up Amy to carpool to work every day, so _ offered some gas money.

Question: In this sentence, who does the blank refer to?

A. Rebecca
B. Amy
",B
"Jennifer discreetly admitted to Erin that she didn't know how to apply eye shadow.  _ was reassuring.

Question: In this sentence, who does the blank refer to?

A. Jennifer
B. Erin
",B
"Jennifer discreetly admitted to Erin that she didn't know how to apply eye shadow.  _ was embarrassed.

Question: In this sentence, who does the blank refer to?

A. Jennifer
B. Erin
",A
"The employees threw a party and drank so much alcohol that they could not go into work the next day. The _ was loud.

Question: In this sentence, who does the blank refer to?

A. party
B. alcohol
",A
"The employees threw a party and drank so much alcohol that they could not go into work the next day. The _ was copious.

Question: In this sentence, who does the blank refer to?

A. party
B. alcohol
",B
"Once in Poland, Dennis enjoyed the trip more than Jason because _ had a shallow understanding of the Polish language.

Question: In this sentence, who does the blank refer to?

A. Dennis
B. Jason
",B
"Once in Poland, Dennis enjoyed the trip more than Jason because _ had a deeper understanding of the Polish language.

Question: In this sentence, who does the blank refer to?

A. Dennis
B. Jason
",A
"The house Benjamin designed for Joseph was beautiful, so _ used it in his portfolio.

Question: In this sentence, who does the blank refer to?

A. Benjamin
B. Joseph
",A
"The house designed for Benjamin by Joseph was beautiful, so _ used it in his portfolio.

Question: In this sentence, who does the blank refer to?

A. Benjamin
B. Joseph
",B
"John poured the entire bowl of fish into the hot pan on the stove until the _ was full.

Question: In this sentence, who does the blank refer to?

A. bowl
B. pan
",B
"John poured the entire bowl of fish into the hot pan on the stove until the _ was empty.

Question: In this sentence, who does the blank refer to?

A. bowl
B. pan
",A
"Sue wanted to practice meditation so she went to the gym with her class but the _ was too busy.

Question: In this sentence, who does the blank refer to?

A. class
B. gym
",B
"Sue wanted to practice meditation so she went to the gym with her class but the _ was too late.

Question: In this sentence, who does the blank refer to?

A. class
B. gym
",A
"Natalie thinks emeralds are beautiful gems but Betty does not. _ bought a necklace featuring a big diamond.

Question: In this sentence, who does the blank refer to?

A. Natalie
B. Betty
",B
"Natalie thinks emeralds are beautiful gems but Betty does not. _ bought a necklace featuring a big emerald.

Question: In this sentence, who does the blank refer to?

A. Natalie
B. Betty
",A
"Aaron hung his hunting rifle over the hearth after the most recent trip ended up with Benjamin making the fatal shot.  _ was happy for him.

Question: In this sentence, who does the blank refer to?

A. Aaron
B. Benjamin
",A
"Aaron hung his hunting rifle over the hearth after the most recent trip ended up with Benjamin making the fatal shot.  _ was happy for himself.

Question: In this sentence, who does the blank refer to?

A. Aaron
B. Benjamin
",B
"Kevin is far more physically versatile than Nick, because _ is an injured athlete in bed.

Question: In this sentence, who does the blank refer to?

A. Kevin
B. Nick
",B
"Kevin is far more physically versatile than Nick, because _ is a seasoned athlete in training.

Question: In this sentence, who does the blank refer to?

A. Kevin
B. Nick
",A
"Adam put handwash only clothes in the washer but Aaron washed them by hand as _ was lazy.

Question: In this sentence, who does the blank refer to?

A. Adam
B. Aaron
",A
"Adam put handwash only clothes in the washer but Aaron washed them by hand as _ was conscientious.

Question: In this sentence, who does the blank refer to?

A. Adam
B. Aaron
",B
"Kyle loves the flavor of apricots but Matthew likes plums better. _ couldn't wait for plum season.

Question: In this sentence, who does the blank refer to?

A. Kyle
B. Matthew
",B
"Kyle loves the flavor of apricots but Matthew likes plums better. _ couldn't wait for apricot season.

Question: In this sentence, who does the blank refer to?

A. Kyle
B. Matthew
",A
"Derrick was unable to stay focused at work unlike Justin, because _ had a fun job.

Question: In this sentence, who does the blank refer to?

A. Derrick
B. Justin
",B
"Derrick was unable to stay focused at work unlike Justin, because _ had a boring job.

Question: In this sentence, who does the blank refer to?

A. Derrick
B. Justin
",A
"Avery was debating on taking up German instead of Latin, because the _ was newer.

Question: In this sentence, who does the blank refer to?

A. Latin
B. German
",B
"Avery was debating on taking up German instead of Latin, because the _ was old.

Question: In this sentence, who does the blank refer to?

A. Latin
B. German
",A
"Kayla dated many more people at once than Betty, because _ was in an open relationship.

Question: In this sentence, who does the blank refer to?

A. Kayla
B. Betty
",B
"Kayla dated many more people at once than Betty, because _ was in an exclusive relationship.

Question: In this sentence, who does the blank refer to?

A. Kayla
B. Betty
",A
"Steven proudly showed Michael the mangoes he grew himself all this summer.  _ is hardworking.

Question: In this sentence, who does the blank refer to?

A. Steven
B. Michael
",A
"Steven proudly showed Michael the mangoes he grew himself all this summer.  _ is astonished.

Question: In this sentence, who does the blank refer to?

A. Steven
B. Michael
",B
"The letter that Joel has written is being read by Adam, so _ is the writer.

Question: In this sentence, who does the blank refer to?

A. Joel
B. Adam
",A
"The letter that Joel has written is being read by Adam, so _ is the editor.

Question: In this sentence, who does the blank refer to?

A. Joel
B. Adam
",B
"Kyle was more comfortable speaking in front of large groups than Nick, because _ had taken public speaking courses in college.

Question: In this sentence, who does the blank refer to?

A. Kyle
B. Nick
",A
"Kyle was more comfortable speaking in front of large groups than Nick, because _ was not able to take public speaking courses in college.

Question: In this sentence, who does the blank refer to?

A. Kyle
B. Nick
",B
"In the lagoon Emily swam in the nude while Felicia opted for a full body swimsuit. _ was very hesitant with showing their body.

Question: In this sentence, who does the blank refer to?

A. Emily
B. Felicia
",B
"In the lagoon Emily swam in the nude while Felicia opted for a full body swimsuit. _ was very free with showing their body.

Question: In this sentence, who does the blank refer to?

A. Emily
B. Felicia
",A
"Sarah Jane's watch smashed when the book hit it since the _ was too strong.

Question: In this sentence, who does the blank refer to?

A. watch
B. book
",B
"Sarah Jane's watch smashed when the book hit it since the _ was too weak.

Question: In this sentence, who does the blank refer to?

A. watch
B. book
",A
"Joseph had to have well manicured nails for work, but not Kevin, because _ worked at a bank.

Question: In this sentence, who does the blank refer to?

A. Joseph
B. Kevin
",A
"Joseph had to have well manicured nails for work, but not Kevin, because _ worked at a farm.

Question: In this sentence, who does the blank refer to?

A. Joseph
B. Kevin
",B
"While out playing golf, Dennis fell in the mud, but Christopher kept their balance because _ had spiked shoes on.

Question: In this sentence, who does the blank refer to?

A. Dennis
B. Christopher
",B
"While out playing golf, Dennis fell in the mud, but Christopher kept their balance, because _ had slippery shoes on.

Question: In this sentence, who does the blank refer to?

A. Dennis
B. Christopher
",A
"I couldn't control the moisture like I controlled the rain, because the _ was coming in at one spot.

Question: In this sentence, who does the blank refer to?

A. moisture
B. rain
",B
"I couldn't control the moisture like I controlled the rain, because the _ was coming in everywhere.

Question: In this sentence, who does the blank refer to?

A. moisture
B. rain
",A
"Leslie was fascinated with collecting new shoes compared to Derrick, because _ loved fashion trends.

Question: In this sentence, who does the blank refer to?

A. Leslie
B. Derrick
",A
"Leslie was fascinated with collecting new shoes compared to Derrick, because _ hated fashion trends.

Question: In this sentence, who does the blank refer to?

A. Leslie
B. Derrick
",B
"Jessica thought Sandstorm was the greatest song ever written but Patricia hated it. _ bought a ticket to the jazz concert.

Question: In this sentence, who does the blank refer to?

A. Jessica
B. Patricia
",B
"Jessica thought Sandstorm was the greatest song ever written but Patricia hated it. _ bought a ticket to the Darude rave.

Question: In this sentence, who does the blank refer to?

A. Jessica
B. Patricia
",A
"Bill poured the entire bowl of cheese snack into his mouth until the _ was empty.

Question: In this sentence, who does the blank refer to?

A. mouth
B. bowl
",B
"Bill poured the entire bowl of cheese snack into his mouth until the _ was full.

Question: In this sentence, who does the blank refer to?

A. mouth
B. bowl
",A
"Ben played soccer and bowling every week. However, it was easy for him to play in the _ game because he hurt his arm.

Question: In this sentence, who does the blank refer to?

A. bowling
B. soccer
",B
"Ben played soccer and bowling every week. However, it was difficult for him to play in the _ game because he hurt his arm.

Question: In this sentence, who does the blank refer to?

A. bowling
B. soccer
",A
"Nick had a bigger dog than Craig because _ fed their dog much more food.

Question: In this sentence, who does the blank refer to?

A. Nick
B. Craig
",A
"Nick had a smaller dog than Craig because _ fed their dog much more food.

Question: In this sentence, who does the blank refer to?

A. Nick
B. Craig
",B
"There was more shade in the yard of Christine than there was in the yard of Victoria because _ had more plants.

Question: In this sentence, who does the blank refer to?

A. Christine
B. Victoria
",A
"There was more shade in the yard of Christine than there was in the yard of Victoria because _ had less plants.

Question: In this sentence, who does the blank refer to?

A. Christine
B. Victoria
",B
"Kyle loves chocolate and candy and Steven loves pickles and lemons. _ loves sour foods.

Question: In this sentence, who does the blank refer to?

A. Kyle
B. Steven
",B
"Kyle loves chocolate and candy and Steven loves pickles and lemons. _ loves sweet foods.

Question: In this sentence, who does the blank refer to?

A. Kyle
B. Steven
",A
"Since Benjamin ate unhealthy desserts far more frequently than Brett, _ had strong will power.

Question: In this sentence, who does the blank refer to?

A. Benjamin
B. Brett
",B
"Since Benjamin ate unhealthy desserts far more frequently than Brett, _ had weak will power.

Question: In this sentence, who does the blank refer to?

A. Benjamin
B. Brett
",A
"Eric asked Michael on a date to go to the movies on Friday night because _ was very confident.

Question: In this sentence, who does the blank refer to?

A. Eric
B. Michael
",A
"Eric asked Michael on a date to go to the movies Friday night because _ was very attractive.

Question: In this sentence, who does the blank refer to?

A. Eric
B. Michael
",B
"Amy hated the smell of bleach, but still Kayla used it all the time to clean so _ tries to use it less.

Question: In this sentence, who does the blank refer to?

A. Amy
B. Kayla
",B
"Amy hated the smell of bleach, but still Kayla used it all the time to clean so _ always leaves the house.

Question: In this sentence, who does the blank refer to?

A. Amy
B. Kayla
",A
"Eric looked at Neil in shock and started to react violently because _ lied to him.

Question: In this sentence, who does the blank refer to?

A. Eric
B. Neil
",B
"Eric looked at Neil in shock and started to react violently because _ felt betrayed.

Question: In this sentence, who does the blank refer to?

A. Eric
B. Neil
",A
"Matthew made sure to use an oil lubricant when expanding his piercing, unlike Jeffrey, so the painful experience from _ made a lot of sense.

Question: In this sentence, who does the blank refer to?

A. Matthew
B. Jeffrey
",B
"Matthew made sure to use an oil lubricant when expanding his piercing, unlike Jeffrey, so the agreeable experience from _ made a lot of sense.

Question: In this sentence, who does the blank refer to?

A. Matthew
B. Jeffrey
",A
"Samantha brought a get well card to the hospital but Emily forgot to because _ was preoccupied.

Question: In this sentence, who does the blank refer to?

A. Samantha
B. Emily
",B
"Samantha brought a get well card to the hospital but Emily forgot to because _ was thoughtful.

Question: In this sentence, who does the blank refer to?

A. Samantha
B. Emily
",A
"Jessica took off the gloves and gave them to Katrina because _ 's hands were cold.

Question: In this sentence, who does the blank refer to?

A. Jessica
B. Katrina
",B
"Jessica took off the gloves and gave them to Katrina because _ 's hands were warm.

Question: In this sentence, who does the blank refer to?

A. Jessica
B. Katrina
",A
"The lawsuit bankrupted the company, causing Megan to be let go from their job while Mary was promoted. _ felt relieved and elated.

Question: In this sentence, who does the blank refer to?

A. Megan
B. Mary
",B
"The lawsuit bankrupted the company, causing Megan to be let go from their job while Mary was promoted. _ felt depressed and hopeless.

Question: In this sentence, who does the blank refer to?

A. Megan
B. Mary
",A
"John's certification was less important that Jim's degree because the _ was from a minor University.

Question: In this sentence, who does the blank refer to?

A. certification
B. degree
",A
"John's certification was less important that Jim's degree because the _ was from a major University.

Question: In this sentence, who does the blank refer to?

A. certification
B. degree
",B
"They opted not to go to the dance but to the movie instead, the _ seemed like a proper destination for their date.

Question: In this sentence, who does the blank refer to?

A. dance
B. movie
",B
"They opted not to go to the dance but to the movie instead, the _ seemed like an inappropriate destination for their date.

Question: In this sentence, who does the blank refer to?

A. dance
B. movie
",A
"The thermostat showed that it was twenty degrees cooler downstairs than it was upstairs, so Byron stayed in the _ because he was hot.

Question: In this sentence, who does the blank refer to?

A. downstairs
B. upstairs
",A
"The thermostat showed that it was twenty degrees cooler downstairs than it was upstairs, so Byron stayed in the _ because he was cold.

Question: In this sentence, who does the blank refer to?

A. downstairs
B. upstairs
",B
"Michael wanted to take Craig out on the water in his new boat. _ said it would be fun to show him the ropes.

Question: In this sentence, who does the blank refer to?

A. Michael
B. Craig
",A
"Michael wanted to take Craig out on the water in his new boat. _ said it would be confusing to see how the boat works.

Question: In this sentence, who does the blank refer to?

A. Michael
B. Craig
",B
"Come over here and take a look at my scalp today  Natalie told Katrina, _ hates providing her  opinion.

Question: In this sentence, who does the blank refer to?

A. Natalie
B. Katrina
",B
"Come over here and take a look at my scalp today  Natalie told Katrina, _ needs a second opinion.

Question: In this sentence, who does the blank refer to?

A. Natalie
B. Katrina
",A
"The sushi rotted on the counter unless it was put in the cooler, as the _ exposed it to contamination.

Question: In this sentence, who does the blank refer to?

A. counter
B. cooler
",A
"The sushi rotted on the counter unless it was put in the cooler, as the _ protected it from contamination.

Question: In this sentence, who does the blank refer to?

A. counter
B. cooler
",B
"The contract could not be drafted at the business during that day because the _ was too small to care about.

Question: In this sentence, who does the blank refer to?

A. contract
B. business
",A
"The contract could not be drafted at the business during that day because the _ was too big to care about it.

Question: In this sentence, who does the blank refer to?

A. contract
B. business
",B
"Laura always had more motivation in life and achieving goals than Katrina, as _ was optimistic.

Question: In this sentence, who does the blank refer to?

A. Laura
B. Katrina
",A
"Laura always had more motivation in life and achieving goals than Katrina, as _ was lazy.

Question: In this sentence, who does the blank refer to?

A. Laura
B. Katrina
",B
"Ben had to either stop eating chocolates or nuts. He chose to stop eating the _ because they were savory.

Question: In this sentence, who does the blank refer to?

A. chocolates
B. nuts
",B
"Ben had to either stop eating chocolates or nuts. He chose to stop eating the _ because they were sweet.

Question: In this sentence, who does the blank refer to?

A. chocolates
B. nuts
",A
"James was looking if there is any space to put the book into the shelf. The _ is small.

Question: In this sentence, who does the blank refer to?

A. space
B. book
",A
"James was looking if there is any space to put the book into the shelf. The _ is big.

Question: In this sentence, who does the blank refer to?

A. space
B. book
",B
"James was writing a poem on his jotter when the ink finished. The _ is a long .

Question: In this sentence, who does the blank refer to?

A. poem
B. ink
",A
"James was writing a poem on his jotter when the ink finished. The _ is a low.

Question: In this sentence, who does the blank refer to?

A. poem
B. ink
",B
"The couple drank wine out of glasses instead of mugs, because the _ were clean.

Question: In this sentence, who does the blank refer to?

A. mugs
B. glasses
",B
"The couple drank wine out of glasses instead of mugs, because the _ were dirty.

Question: In this sentence, who does the blank refer to?

A. mugs
B. glasses
",A
"Dividing the candy was more difficult than dividing the apples because every kid wanted the _ .

Question: In this sentence, who does the blank refer to?

A. candy
B. apples
",A
"Dividing the candy was more difficult than dividing the apples because no kid wanted the _ .

Question: In this sentence, who does the blank refer to?

A. candy
B. apples
",B
"Brian wanted to be a home based administrative assistant and Kenneth didn't because _ liked staying at home.

Question: In this sentence, who does the blank refer to?

A. Brian
B. Kenneth
",A
"Brian wanted to be a home based administrative assistant and Kenneth didn't because _ did not like staying at home.

Question: In this sentence, who does the blank refer to?

A. Brian
B. Kenneth
",B
"Brian had a large collection of coins that Kevin really admired, so _ asked him for some duplicates.

Question: In this sentence, who does the blank refer to?

A. Brian
B. Kevin
",B
"Brian had a large collection of coins that Kevin really admired, so _ offered him some duplicates.

Question: In this sentence, who does the blank refer to?

A. Brian
B. Kevin
",A
"William forgot about all the times when Ian saved them, despite how _ was generally self-sacrificing.

Question: In this sentence, who does the blank refer to?

A. William
B. Ian
",B
"William forgot about all the times when Ian saved them, because _ was generally self-involved.

Question: In this sentence, who does the blank refer to?

A. William
B. Ian
",A
"Katrina's being taught how to speak Korean by Felicia, so _ was most likely born in Korea.

Question: In this sentence, who does the blank refer to?

A. Katrina
B. Felicia
",B
"Katrina's being taught how to speak Korean by Felicia, so _ was most likely born in the US.

Question: In this sentence, who does the blank refer to?

A. Katrina
B. Felicia
",A
"Jason denied Ian's passport application because _ did not provide the correct paperwork in time.

Question: In this sentence, who does the blank refer to?

A. Jason
B. Ian
",B
"Jason denied Ian's passport application because _ did not receive the correct paperwork in time.

Question: In this sentence, who does the blank refer to?

A. Jason
B. Ian
",A
"I wanted a combination of Vanilla and tea tree essence scents but it smelled like Vanilla because the _ essence was too weak.

Question: In this sentence, who does the blank refer to?

A. Vanilla
B. tea tree
",B
"I wanted a combination of Vanilla and tea tree essence scents but it smelled like Vanilla because the _ essence was too strong.

Question: In this sentence, who does the blank refer to?

A. Vanilla
B. tea tree
",A
"I'd rather play on a soccer team than be a kicker on a foot ball team since the _ ball is harder to kick.

Question: In this sentence, who does the blank refer to?

A. soccer
B. foot
",B
"I'd rather play on a soccer team than be a kicker on a foot ball team since the _ ball is easier to kick.

Question: In this sentence, who does the blank refer to?

A. soccer
B. foot
",A
"Kyle thought the temperature was too warm while William thought it was too cold, so _ turned the heat down.

Question: In this sentence, who does the blank refer to?

A. Kyle
B. William
",A
"Kyle thought the temperature was too warm while William thought it was too cold, so _ turned the heat up.

Question: In this sentence, who does the blank refer to?

A. Kyle
B. William
",B
"William wanted an egg for breakfast, but Kevin ate the last one, so _ had to give them cereal.

Question: In this sentence, who does the blank refer to?

A. William
B. Kevin
",B
"William wanted an egg for breakfast, but Kevin ate the last one, so _ had to eat cereal.

Question: In this sentence, who does the blank refer to?

A. William
B. Kevin
",A
"The woman sprayed cleaner on the mirror but skipped the countertop because the _ was clean.

Question: In this sentence, who does the blank refer to?

A. mirror
B. countertop
",B
"The woman sprayed cleaner on the mirror but skipped the countertop because the _ was dirty.

Question: In this sentence, who does the blank refer to?

A. mirror
B. countertop
",A
"Justin wrote a paragraph in his planner every day unlike Matthew because _ was disorganized.

Question: In this sentence, who does the blank refer to?

A. Justin
B. Matthew
",B
"Justin wrote a paragraph in his planner every day unlike Matthew because _ was organized.

Question: In this sentence, who does the blank refer to?

A. Justin
B. Matthew
",A
"The children could only count the number of balls in one jar and not the beans in the other because the _ were too numerous.

Question: In this sentence, who does the blank refer to?

A. balls
B. beans
",B
"The children could only count the number of balls in one jar and not the beans in the other because the _ were more manageable.

Question: In this sentence, who does the blank refer to?

A. balls
B. beans
",A
"Erin is known an an entrepreneur while Victoria is only an employee because _ owns a business.

Question: In this sentence, who does the blank refer to?

A. Erin
B. Victoria
",A
"Erin is known as an entrepreneur while Victoria is only an employee because _ doesn't yet own a business.

Question: In this sentence, who does the blank refer to?

A. Erin
B. Victoria
",B
"Since _ arrived at work later Dennis would eat their lunch before Adam in the break room at their job.

Question: In this sentence, who does the blank refer to?

A. Dennis
B. Adam
",B
"Since _ arrived at work sooner Dennis would eat their lunch before Adam in the break room at their job.

Question: In this sentence, who does the blank refer to?

A. Dennis
B. Adam
",A
"The stomach of Neil was rumbling, but Samuel seemed fine, due to _ being hungry.

Question: In this sentence, who does the blank refer to?

A. Neil
B. Samuel
",A
"The stomach of Neil was rumbling, but Samuel seemed fine, due to _ being satiated.

Question: In this sentence, who does the blank refer to?

A. Neil
B. Samuel
",B
"After Logan contracted the chickenpox from Joseph so _ spent the day sending nice texts about it.

Question: In this sentence, who does the blank refer to?

A. Logan
B. Joseph
",B
"After Logan contracted the chickenpox from Joseph so _ spent the day sending mean texts about it.

Question: In this sentence, who does the blank refer to?

A. Logan
B. Joseph
",A
"The man wanted to put the luggage in the house but the _ was too small.

Question: In this sentence, who does the blank refer to?

A. house
B. luggage
",A
"The man wanted to put the luggage in the house but the _ was too large.

Question: In this sentence, who does the blank refer to?

A. house
B. luggage
",B
"The experience was totally unforgettable for Betty but not Samantha because _ had dreaded it for months.

Question: In this sentence, who does the blank refer to?

A. Betty
B. Samantha
",B
"The experience was totally unforgettable for Betty but not Samantha because _ had anticipated it for months.

Question: In this sentence, who does the blank refer to?

A. Betty
B. Samantha
",A
"Kyle got a new cell phone and showed it to Leslie because _ was happy about the new phone.

Question: In this sentence, who does the blank refer to?

A. Kyle
B. Leslie
",A
"Kyle got a new cell phone and showed it to Leslie but _ was upset about the new phone.

Question: In this sentence, who does the blank refer to?

A. Kyle
B. Leslie
",B
"When one experiences cramps they can get into a warm bath or use a heating pad, but the _ is more of an inconvenience.

Question: In this sentence, who does the blank refer to?

A. bath
B. heating pad
",A
"When one experiences cramps they can get into a warm bath or use a heating pad, but the _ is more convenient.

Question: In this sentence, who does the blank refer to?

A. bath
B. heating pad
",B
"Neil agreed to help wash Adam's large dog, and _ was very eager to help.

Question: In this sentence, who does the blank refer to?

A. Neil
B. Adam
",A
"Neil agreed to help wash Adam's large dog, and _ was very grateful for the help.

Question: In this sentence, who does the blank refer to?

A. Neil
B. Adam
",B
"Cricket is a favorite past time of Lindsey, while Rachel has never heard of it. _ is more likely to be American.

Question: In this sentence, who does the blank refer to?

A. Lindsey
B. Rachel
",B
"Cricket is a favorite past time of Lindsey, while Rachel has never heard of it. _ is more likely to be British.

Question: In this sentence, who does the blank refer to?

A. Lindsey
B. Rachel
",A
"It was clear that Jessica understood and was entertained by the article from Monica because _ was the reader.

Question: In this sentence, who does the blank refer to?

A. Jessica
B. Monica
",A
"It was clear that Jessica understood and was entertained by the article from Monica because _ was the writer.

Question: In this sentence, who does the blank refer to?

A. Jessica
B. Monica
",B
"In an effort to control kennel cough, Emily sent Maria to get the medication but _ was busy examining the animals.

Question: In this sentence, who does the blank refer to?

A. Emily
B. Maria
",B
"In an effort to control kennel cough, Emily sent Maria to get the medication because _ was busy examining the animals.

Question: In this sentence, who does the blank refer to?

A. Emily
B. Maria
",A
"Jan poured the entire cup of lemon juice into the bowl bananas until the _ was empty.

Question: In this sentence, who does the blank refer to?

A. cup
B. bowl
",A
"Jan poured the entire cup of lemon juice into the bowl bananas until the _ was full.

Question: In this sentence, who does the blank refer to?

A. cup
B. bowl
",B
"The insurance company blamed Leslie instead of Logan for the accident since _ had a green light.

Question: In this sentence, who does the blank refer to?

A. Leslie
B. Logan
",B
"The insurance company blamed Leslie instead of Logan for the accident since _ ran a red light.

Question: In this sentence, who does the blank refer to?

A. Leslie
B. Logan
",A
"The chef decided to store the food in the container but the _ was too large.

Question: In this sentence, who does the blank refer to?

A. food
B. container
",A
"The chef decided to store the food in the container but the _ was too small.

Question: In this sentence, who does the blank refer to?

A. food
B. container
",B
"My sister enjoyed writing on the blog more than in her journal, because the _ for everyone to see.

Question: In this sentence, who does the blank refer to?

A. blog
B. journal
",A
"My sister enjoyed writing on the blog more than in her journal, because the _ for nobody to see.

Question: In this sentence, who does the blank refer to?

A. blog
B. journal
",B
"Derrick spent the entire summer laying on the hot beach, while Jeffrey spent the summer indoors, so _ 's hair had more sun damage.

Question: In this sentence, who does the blank refer to?

A. Derrick
B. Jeffrey
",A
"Derrick spent the entire summer laying on the hot beach, while Jeffrey spent the summer indoors, so _ 's hair had less sun damage.

Question: In this sentence, who does the blank refer to?

A. Derrick
B. Jeffrey
",B
"This menu was very eclectic. They served everything from  a three tiered burger to sushi to omeletes. The _ was juicy.

Question: In this sentence, who does the blank refer to?

A. burger
B. sushi
",A
"This menu was very eclectic. They served everything from  a three tiered burger to sushi to omeletes. The _ was raw.

Question: In this sentence, who does the blank refer to?

A. burger
B. sushi
",B
"the statistics show many females compared to the males are being born everyday, the _ are few.

Question: In this sentence, who does the blank refer to?

A. females
B. males
",B
"the statistics show many females compared to the males are being born everyday, the _ are many.

Question: In this sentence, who does the blank refer to?

A. females
B. males
",A
"Robert made the choice to buy Neil's house, so _ had a lot more money in the bank afterwards.

Question: In this sentence, who does the blank refer to?

A. Robert
B. Neil
",B
"Robert made the choice to buy Neil's house, so _ had a lot less money in the bank afterwards.

Question: In this sentence, who does the blank refer to?

A. Robert
B. Neil
",A
"The medical exam for the broken arm was longer than the exam on the heart because the _ was a serious problem.

Question: In this sentence, who does the blank refer to?

A. heart
B. arm
",B
"The medical exam for the broken arm was shorter than the exam on the heart because the _ was a serious problem.

Question: In this sentence, who does the blank refer to?

A. heart
B. arm
",A
"When opening up about their crushes, Kenneth sighed at Jeffrey because _ forgot who their crush was.

Question: In this sentence, who does the blank refer to?

A. Kenneth
B. Jeffrey
",B
"When opening up about their crushes, Kenneth laughed at Jeffrey because _ remembered who their crush was.

Question: In this sentence, who does the blank refer to?

A. Kenneth
B. Jeffrey
",A
"Jack loved math and disliked social sciences, so when deciding to take sociology or math that semester, the counselor entered the _ because Jack was receptive to it.

Question: In this sentence, who does the blank refer to?

A. math
B. sociology
",A
"Jack loved math and disliked social sciences, so when deciding to take sociology or math that semester, the counselor deleted the _ because Jack was resistant to it.

Question: In this sentence, who does the blank refer to?

A. math
B. sociology
",B
"Christopher wanted to be a specialist but not Adam because _ had an interest in a limited number of subjects.

Question: In this sentence, who does the blank refer to?

A. Christopher
B. Adam
",A
"Christopher wanted to be a specialist but not Adam because _ had an interest in a many number of subjects.

Question: In this sentence, who does the blank refer to?

A. Christopher
B. Adam
",B
"Megan enjoyed summer while Felicia did not.   _  spent much time indoors.

Question: In this sentence, who does the blank refer to?

A. Megan
B. Felicia
",B
"Megan enjoyed summer while Felicia did not.  _  spent much time at the beach.

Question: In this sentence, who does the blank refer to?

A. Megan
B. Felicia
",A
"John could not remove the wallpaper attached to the wall with a glue without the wallpaper tearing apart. The _ is weak.

Question: In this sentence, who does the blank refer to?

A. glue
B. wallpaper
",B
"John could not remove the wallpaper attached to the wall with a glue without the wallpaper tearing apart. The _ is strong.

Question: In this sentence, who does the blank refer to?

A. glue
B. wallpaper
",A
"The counselor treated the child who suffered from abuse by giving her a teddy instead of a blanket because the _ was boring.

Question: In this sentence, who does the blank refer to?

A. teddy
B. blanket
",B
"The counselor treated the child who suffered from abuse by giving her a teddy instead of a blanket because the _ was comforting.

Question: In this sentence, who does the blank refer to?

A. teddy
B. blanket
",A
"John cared for the pot while it was being transported in the box but it eventually got broken. The _ is hard.

Question: In this sentence, who does the blank refer to?

A. pot
B. box
",B
"John cared for the pot while it was being transported in the box but it eventually got broken. The _ is fragile.

Question: In this sentence, who does the blank refer to?

A. pot
B. box
",A
"Donald offered Leslie their last stick of  mint gum as _ had a minty breath already.

Question: In this sentence, who does the blank refer to?

A. Donald
B. Leslie
",A
"Donald offered Leslie their last sick some mint gum as _ had a stinky breath already.

Question: In this sentence, who does the blank refer to?

A. Donald
B. Leslie
",B
"After Samuel won the cherry jam contest, Kyle still believed they should have won since _ sweetened with low calorie sweetener and the judges went by taste.

Question: In this sentence, who does the blank refer to?

A. Samuel
B. Kyle
",B
"After Samuel won the cherry jam contest, Kyle still believed they should have won since _ sweetened with high calorie sweetener and the judges went by taste.

Question: In this sentence, who does the blank refer to?

A. Samuel
B. Kyle
",A
"Felicia looked sad and disappointed after she asked Christine refused to be her girlfriend because _ liked her.

Question: In this sentence, who does the blank refer to?

A. Felicia
B. Christine
",A
"Felicia looked sad and disappointed after she asked Christine refused to be her girlfriend because _ she was not lesbian.

Question: In this sentence, who does the blank refer to?

A. Felicia
B. Christine
",B
"Matthew wants to sell Kevin tickets to the football game because _ needs the money.

Question: In this sentence, who does the blank refer to?

A. Matthew
B. Kevin
",A
"Matthew wants to sell Kevin tickets to the football game but _ has no money.

Question: In this sentence, who does the blank refer to?

A. Matthew
B. Kevin
",B
"Elena told Natalie to put the hood of her jacket up because _ was likely to get cold.

Question: In this sentence, who does the blank refer to?

A. Elena
B. Natalie
",B
"Elena told Natalie to put the hood of her jacket up because _ didn't want her to get cold.

Question: In this sentence, who does the blank refer to?

A. Elena
B. Natalie
",A
"Lawrence made a bowl at the pottery store and Randy accidentally broke it. _ decided to make another.

Question: In this sentence, who does the blank refer to?

A. Lawrence
B. Randy
",A
"Lawrence made a bowl at the pottery store and Randy accidentally broke it. _ offered to make another.

Question: In this sentence, who does the blank refer to?

A. Lawrence
B. Randy
",B
"The node on the head needed medication applied to its area because the _ was swollen.

Question: In this sentence, who does the blank refer to?

A. node
B. medication
",A
"The node on the head needed medication applied to its area because the _ would contract it.

Question: In this sentence, who does the blank refer to?

A. node
B. medication
",B
"Sue traditionally donated old clothes to her favorite charity but in recent years has just written them checks as the _ were better received.

Question: In this sentence, who does the blank refer to?

A. checks
B. clothes
",A
"Sue traditionally donated old clothes to her favorite charity but in recent years has just written them checks as the _ were worse received.

Question: In this sentence, who does the blank refer to?

A. checks
B. clothes
",B
"Matthew offered to help write a fitness plan for Christopher because _ was out of shape.

Question: In this sentence, who does the blank refer to?

A. Matthew
B. Christopher
",B
"Matthew offered to help write a fitness plan for Christopher because _ was a personal trainer.

Question: In this sentence, who does the blank refer to?

A. Matthew
B. Christopher
",A
"The waves destroyed the garage but left the house intact because the _ was so close to the shore.

Question: In this sentence, who does the blank refer to?

A. garage
B. house
",A
"The waves destroyed the garage but left the house intact because the _ was so far from the shore.

Question: In this sentence, who does the blank refer to?

A. garage
B. house
",B
"Katrina sells Maria a rug at the local flea market because _ is a customer.

Question: In this sentence, who does the blank refer to?

A. Katrina
B. Maria
",B
"Katrina sells Maria a rug at the local flea market because _ is a vendor.

Question: In this sentence, who does the blank refer to?

A. Katrina
B. Maria
",A
"Joan's grandmother always wanted a hug and a kiss, but Joan preferred the _ because she was afraid of germs.

Question: In this sentence, who does the blank refer to?

A. kiss
B. hug
",B
"Joan's grandmother always wanted a hug and a kiss, but Joan didn't like the _ because she was afraid of germs.

Question: In this sentence, who does the blank refer to?

A. kiss
B. hug
",A
"The library kept an enormous collection of novels but not comics because the _ were dull.

Question: In this sentence, who does the blank refer to?

A. novels
B. comics
",B
"The library kept an enormous collection of novels but not comics because the _ were popular.

Question: In this sentence, who does the blank refer to?

A. novels
B. comics
",A
"Carrie's store has more loyal customers than Patricia's store does because _ 's store is older.

Question: In this sentence, who does the blank refer to?

A. Carrie
B. Patricia
",A
"Carrie's store has more loyal customers than Patricia's store does because _ 's store is newer.

Question: In this sentence, who does the blank refer to?

A. Carrie
B. Patricia
",B
"Christine didn't pass the lie detection test that Jessica did because _ had something to hide.

Question: In this sentence, who does the blank refer to?

A. Christine
B. Jessica
",A
"Christine didn't pass the lie detection test that Jessica did because _ had nothing to hide.

Question: In this sentence, who does the blank refer to?

A. Christine
B. Jessica
",B
"Carrie faced the fan away from Angela because _ was getting too warm in the kitchen.

Question: In this sentence, who does the blank refer to?

A. Carrie
B. Angela
",A
"Carrie faced the fan toward Angela because _ was getting too warm in the kitchen.

Question: In this sentence, who does the blank refer to?

A. Carrie
B. Angela
",B
"The winter made Jason's hands dry, but not Leslie's, since _ always forgot to moisturize at night.

Question: In this sentence, who does the blank refer to?

A. Jason
B. Leslie
",A
"The winter made Jason's hands dry, but not Leslie's, since _ never forgot to moisturize at night.

Question: In this sentence, who does the blank refer to?

A. Jason
B. Leslie
",B
"Because Carrie lost a bet to Cynthia over the basketball game, _ spent hours having the cleaning done for them.

Question: In this sentence, who does the blank refer to?

A. Carrie
B. Cynthia
",B
"Because Carrie lost a bet to Cynthia over the basketball game, _ spent hours doing the cleaning.

Question: In this sentence, who does the blank refer to?

A. Carrie
B. Cynthia
",A
"I would rather listen to the radio than watch the TV at night since I find the _ disruptive.

Question: In this sentence, who does the blank refer to?

A. radio
B. TV
",B
"I would rather listen to the radio than watch the TV at night since I find the _ soothing.

Question: In this sentence, who does the blank refer to?

A. radio
B. TV
",A
"Randy started his own business while Ryan worked for someone else so _ had self-employment taxes.

Question: In this sentence, who does the blank refer to?

A. Randy
B. Ryan
",A
"Randy started his own business while Ryan worked for someone else so _ had W4 taxes.

Question: In this sentence, who does the blank refer to?

A. Randy
B. Ryan
",B
"Her boyfriend regretted buying her a jacket and got her a new hat instead, as he knew she thought the _ was a perfect match for her wardrobe.

Question: In this sentence, who does the blank refer to?

A. jacket
B. hat
",B
"Her boyfriend regretted buying her a jacket and got her a new hat instead, as he knew she thought the _ was a bad match for her wardrobe.

Question: In this sentence, who does the blank refer to?

A. jacket
B. hat
",A
"Monica wanted to use a vacuum to clean the floor, but Victoria wanted to use a broom. _ cleaned the floor much slower.

Question: In this sentence, who does the blank refer to?

A. Monica
B. Victoria
",B
"Monica wanted to use a vacuum to clean the floor, but Victoria wanted to use a broom. _ cleaned the floor much quicker.

Question: In this sentence, who does the blank refer to?

A. Monica
B. Victoria
",A
"I used several sprays to get rid of the bedbugs but they didn't work, because the _ were powerless.

Question: In this sentence, who does the blank refer to?

A. sprays
B. bedbugs
",A
"I used several sprays to get rid of the bedbugs but they didn't work, because the _ were powerful.

Question: In this sentence, who does the blank refer to?

A. sprays
B. bedbugs
",B
"Monica enjoyed watching Western films while Natalie enjoyed romantic ones more because _ grew up on a farm.

Question: In this sentence, who does the blank refer to?

A. Monica
B. Natalie
",A
"Monica enjoyed watching Western films while Natalie enjoyed romantic ones more because _ grew up watching soap operas.

Question: In this sentence, who does the blank refer to?

A. Monica
B. Natalie
",B
"There were more books at the library than at the bookstore because the _ was bigger.

Question: In this sentence, who does the blank refer to?

A. library
B. bookstore
",A
"There were more books at the library than at the bookstore because the _ was smaller.

Question: In this sentence, who does the blank refer to?

A. library
B. bookstore
",B
"Drawing was a talent of Sarah but not Carrie so _ was always eager to see her artwork .

Question: In this sentence, who does the blank refer to?

A. Sarah
B. Carrie
",B
"Drawing was a talent of Sarah but not Carrie so _ was always eager to show her her artwork .

Question: In this sentence, who does the blank refer to?

A. Sarah
B. Carrie
",A
"Emily spent a lot of money on their smartphone but Rachel bought a cheap one because _ was very dowdy.

Question: In this sentence, who does the blank refer to?

A. Emily
B. Rachel
",B
"Emily spent a lot of money on their smartphone but Rachel bought a cheap one because _ was very stylish.

Question: In this sentence, who does the blank refer to?

A. Emily
B. Rachel
",A
"Tea and coffee should be drunk out of different vessels, cups and mugs respectively. Coffee is usually served in the _ , with milk and sometimes sugar.

Question: In this sentence, who does the blank refer to?

A. cup
B. mug
",B
"Tea and coffee should be drunk out of different vessels, cups and mugs respectively. Tea is usually served in the _ , with milk and sometimes sugar.

Question: In this sentence, who does the blank refer to?

A. cup
B. mug
",A
"Neil asked Michael what it was like to go to war because _ was a pacifist.

Question: In this sentence, who does the blank refer to?

A. Neil
B. Michael
",A
"Neil asked Michael what it was like to go to war because _ was ex-military.

Question: In this sentence, who does the blank refer to?

A. Neil
B. Michael
",B
"I went into the mine looking for diamonds but all I found was quartz and topaz.  I settled on the _ because it was almost clear.

Question: In this sentence, who does the blank refer to?

A. topaz
B. quartz
",B
"I went into the mine looking for diamonds but all I found was quartz and topaz.  I settled on the _ because it shined yellow.

Question: In this sentence, who does the blank refer to?

A. topaz
B. quartz
",A
"The chef thinks it's more healthy to eat apples than beets, so he hates putting the _ in his smoothies.

Question: In this sentence, who does the blank refer to?

A. apples
B. beets
",B
"The chef thinks it's more healthy to eat apples than beets, so he likes putting the _ in his smoothies.

Question: In this sentence, who does the blank refer to?

A. apples
B. beets
",A
"Jennifer was at risk of encountering a shark during their swim, but Emily was not, because _ swam in the ocean.

Question: In this sentence, who does the blank refer to?

A. Jennifer
B. Emily
",A
"Jennifer was at risk of encountering a shark during their swim, but Emily was not, because _ swam in the lake.

Question: In this sentence, who does the blank refer to?

A. Jennifer
B. Emily
",B
"The documents contained in the files could not fit properly. The _ were too small.

Question: In this sentence, who does the blank refer to?

A. Files
B. Documents
",A
"The documents contained in the files could not fit properly. The _ were too large.

Question: In this sentence, who does the blank refer to?

A. Files
B. Documents
",B
"Avid bookworms, Lawrence read fiction while Jason read non-fiction. _ liked to escape into an imaginary world.

Question: In this sentence, who does the blank refer to?

A. Lawrence
B. Jason
",A
"Avid bookworms, Lawrence read fiction while Jason read non-fiction. _ struggled to escape into an imaginary world.

Question: In this sentence, who does the blank refer to?

A. Lawrence
B. Jason
",B
"Mary only wore stripes to work and not plaids because the _ made her look sloppy.

Question: In this sentence, who does the blank refer to?

A. plaids
B. stripes
",A
"Mary only wore stripes to work and not plaids because the _ made her look professional.

Question: In this sentence, who does the blank refer to?

A. plaids
B. stripes
",B
"The bumper on the car shone brighter than the handle on the car because the _ was dirtier.

Question: In this sentence, who does the blank refer to?

A. bumper
B. handle
",B
"The bumper on the car shone brighter than the handle on the car because the _ was cleaner.

Question: In this sentence, who does the blank refer to?

A. bumper
B. handle
",A
"Ian is making a pool party for Neil and needs to raise pH in a pool, so _ could safely enjoy party.

Question: In this sentence, who does the blank refer to?

A. Ian
B. Neil
",B
"Ian is making a pool party for Neil and needs to raise pH in a pool, so _ buys pH raising preparates.

Question: In this sentence, who does the blank refer to?

A. Ian
B. Neil
",A
"While Billie brought a pencil, I brought a pen to the realtor’s office. I gave Billie my pen and she gladly used the _ to sign the document.

Question: In this sentence, who does the blank refer to?

A. pencil
B. pen
",B
"While Billie brought a pencil, I brought a pen to the realtor’s office. I gave Billie my pen but she stubbornly used  the _ to sign the document.

Question: In this sentence, who does the blank refer to?

A. pencil
B. pen
",A
"No one was able to enjoy the story and we started to listen to the music. The _ is boring.

Question: In this sentence, who does the blank refer to?

A. story
B. music
",A
"No one was able to enjoy the story and we started to listen to the music. The _ is interesting.

Question: In this sentence, who does the blank refer to?

A. story
B. music
",B
"The teeth of Katrina are more yellow than Laura's due to _ drinking mostly water all the time.

Question: In this sentence, who does the blank refer to?

A. Katrina
B. Laura
",B
"The teeth of Katrina are more yellow than Laura's due to _ drinking mostly coffee all the time.

Question: In this sentence, who does the blank refer to?

A. Katrina
B. Laura
",A
"It was necessary to hit the iron with the sledgehammer after the _ got heated.

Question: In this sentence, who does the blank refer to?

A. iron
B. sledgehammer
",A
"It was necessary to hit the iron with the sledgehammer before the _ got heated.

Question: In this sentence, who does the blank refer to?

A. iron
B. sledgehammer
",B
"Kevin didn't consider the costs when they bought the house from Derrick, so _ was rid of the money pit.

Question: In this sentence, who does the blank refer to?

A. Kevin
B. Derrick
",B
"Kevin didn't consider the costs when they bought the house from Derrick, so _ was stuck with the money pit.

Question: In this sentence, who does the blank refer to?

A. Kevin
B. Derrick
",A
"Robert helped create an internet viral video sensation of Kyle when _ danced in video.

Question: In this sentence, who does the blank refer to?

A. Robert
B. Kyle
",B
"Robert helped create an internet viral video sensation of Kyle when _ directed the video.

Question: In this sentence, who does the blank refer to?

A. Robert
B. Kyle
",A
"Rebecca invited Maria to a concert, then _ had to get permission to attend from their parents.

Question: In this sentence, who does the blank refer to?

A. Rebecca
B. Maria
",B
"Rebecca was invited to a concert by Maria, then _ had to get permission to attend from their parents.

Question: In this sentence, who does the blank refer to?

A. Rebecca
B. Maria
",A
"Betty was able to hold the pigeon longer than Angela because _ is scared of birds.

Question: In this sentence, who does the blank refer to?

A. Betty
B. Angela
",B
"Betty was able to hold the pigeon longer than Angela because _ wasn't scared of birds.

Question: In this sentence, who does the blank refer to?

A. Betty
B. Angela
",A
"Nick gets jock itch a lot, while Jason has never even worn a jock strap. _ is the artist.

Question: In this sentence, who does the blank refer to?

A. Nick
B. Jason
",B
"Nick gets jock itch a lot, while Jason has never even worn a jock strap. _ is the athlete.

Question: In this sentence, who does the blank refer to?

A. Nick
B. Jason
",A
"The theraband that Jill purchased for herself would not fit around her leg, the _ was too wide.

Question: In this sentence, who does the blank refer to?

A. theraband
B. leg
",B
"The theraband that Jill purchased for herself would not fit around her leg, the _ was too narrow.

Question: In this sentence, who does the blank refer to?

A. theraband
B. leg
",A
"James could not get the bag closed because of the clothe in it. The _ is small.

Question: In this sentence, who does the blank refer to?

A. cloth
B. bag
",B
"James could not get the bag closed because of the clothe in it. The _ is plenty.

Question: In this sentence, who does the blank refer to?

A. cloth
B. bag
",A
"Michelle made her biscuits with shortening and no butter at all, because she thought the _ made them taste lighter.

Question: In this sentence, who does the blank refer to?

A. butter
B. shortening
",B
"Michelle made her biscuits with shortening and no butter at all, because she thought the _ made them too heavy.

Question: In this sentence, who does the blank refer to?

A. butter
B. shortening
",A
"Dennis has been away on vacation, while Nelson stayed home so the lettuce in _ 's fridge was rotten.

Question: In this sentence, who does the blank refer to?

A. Dennis
B. Nelson
",A
"Dennis has been away on vacation, while Nelson stayed at home so the lettuce in _ 's fridge was used to make a salad.

Question: In this sentence, who does the blank refer to?

A. Dennis
B. Nelson
",B
"Jen put her derma roller into the water, so that the cleaner could sterilize it with the _ .

Question: In this sentence, who does the blank refer to?

A. derma roller
B. water
",B
"Jen put her derma roller into the water, so that the cleaner could sterilize the _ .

Question: In this sentence, who does the blank refer to?

A. derma roller
B. water
",A
"The case James used to carry the file still got more space in it. I wonder why he chose the _ that is small.

Question: In this sentence, who does the blank refer to?

A. case
B. file
",B
"The case James used to carry the file still got more space in it. I wonder why he chose the _ that is big.

Question: In this sentence, who does the blank refer to?

A. case
B. file
",A
"Learning to play a glockenspiel was instinctual for Derrick but not Adam because _ is arty.

Question: In this sentence, who does the blank refer to?

A. Derrick
B. Adam
",A
"Learning to play a glockenspiel was instinctual for Derrick but not Adam because _ is unmusical.

Question: In this sentence, who does the blank refer to?

A. Derrick
B. Adam
",B
"My knee joint is less injured than my ankle joint so I'm trying not to put too much stress on the _ if I can help it.

Question: In this sentence, who does the blank refer to?

A. knee joint
B. ankle joint
",B
"My knee joint is more injured than my ankle joint so I'm trying not to put too much stress on the _ if I can help it.

Question: In this sentence, who does the blank refer to?

A. knee joint
B. ankle joint
",A
"Donald didn't like to keep clean the way Matthew did, so _ tended to smell nice.

Question: In this sentence, who does the blank refer to?

A. Donald
B. Matthew
",B
"Donald didn't like to keep clean the way Matthew did, so _ tended to smell nasty.

Question: In this sentence, who does the blank refer to?

A. Donald
B. Matthew
",A
"The man realized he had gotten the lens for his glasses instead of his camera, the _ lens was much thicker.

Question: In this sentence, who does the blank refer to?

A. camera
B. glasses
",A
"The man realized he had gotten the lens for his glasses instead of his camera, the _ lens was much thinner.

Question: In this sentence, who does the blank refer to?

A. camera
B. glasses
",B
"Sunday afternoon Laura made some buttermilk biscuits for Victoria, and _ made quick work of making them.

Question: In this sentence, who does the blank refer to?

A. Laura
B. Victoria
",A
"Sunday afternoon Laura made some buttermilk biscuits for Victoria, and _ made quick work of eating them.

Question: In this sentence, who does the blank refer to?

A. Laura
B. Victoria
",B
"To cope with her problems the teenager wrote in the journal and not the diary since the _ 's pages were bigger.

Question: In this sentence, who does the blank refer to?

A. journal
B. diary
",A
"To cope with her problems the teenager wrote in the journal and not the diary since the _ 's pages were smaller.

Question: In this sentence, who does the blank refer to?

A. journal
B. diary
",B
"Bob tore his shirt that was a night shirt. He decided to get a tuxedo shirt because the _ is new.

Question: In this sentence, who does the blank refer to?

A. night shirt
B. tuxedo shirt
",B
"Bob tore his shirt that was a night shirt. He decided to get a tuxedo shirt because the _ is old.

Question: In this sentence, who does the blank refer to?

A. night shirt
B. tuxedo shirt
",A
"Hunter was suicidal and Robert responded for the reason that _ had never been in this critical situation.

Question: In this sentence, who does the blank refer to?

A. Hunter
B. Robert
",A
"Hunter was suicidal and Robert responded for the reason that _ had previously been in this critical situation.

Question: In this sentence, who does the blank refer to?

A. Hunter
B. Robert
",B
"Rachel included Tanya in her YouTube video, but _ was furious because she had failed to obtain permission.

Question: In this sentence, who does the blank refer to?

A. Rachel
B. Tanya
",B
"Rachel included Tanya in her YouTube video, but _ was sorry because she had failed to obtain permission.

Question: In this sentence, who does the blank refer to?

A. Rachel
B. Tanya
",A
"A conductor on the train Felicia has been for years today Elena will present them with a award _ is being honored.

Question: In this sentence, who does the blank refer to?

A. Felicia
B. Elena
",A
"A conductor on the train Felicia has been for years today Elena will present them with a award, _ is honored to be presenting..

Question: In this sentence, who does the blank refer to?

A. Felicia
B. Elena
",B
"The police could escort the prisoner to the gate but not to the cell, as entry to _ was permitted .

Question: In this sentence, who does the blank refer to?

A. gate
B. cell
",A
"The police could escort the prisoner to the gate but not to the cell, as entry to _ was forbidden .

Question: In this sentence, who does the blank refer to?

A. gate
B. cell
",B
"When Brenda coated her wood panels with varnish, the concrete surface beneath got stained. The varnish protected and beautified the _ .

Question: In this sentence, who does the blank refer to?

A. wood
B. concrete
",A
"When Brenda coated her wood panels with varnish, the concrete surface beneath got stained. The varnish harmed and uglified the _ .

Question: In this sentence, who does the blank refer to?

A. wood
B. concrete
",B
"John was eager to put his fish in the new fish tank on a table but the _ was too delicate.

Question: In this sentence, who does the blank refer to?

A. table
B. tank
",A
"John was eager to put his fish in the new fish tank on a table but the _ was too heavy.

Question: In this sentence, who does the blank refer to?

A. table
B. tank
",B
"The tea was hurting Ben's teeth, though the coffee was not because the _ was loaded with sugar.

Question: In this sentence, who does the blank refer to?

A. tea
B. coffee
",A
"The tea was hurting Ben's teeth, though the coffee was not because the _ was lacking any sugar.

Question: In this sentence, who does the blank refer to?

A. tea
B. coffee
",B
"He preferred to clean with the soap instead of the body wash, because the _ left him feeling itchy.

Question: In this sentence, who does the blank refer to?

A. body wash
B. soap
",A
"He preferred to clean with the soap instead of the body wash, because the _ left him feeling refreshed.

Question: In this sentence, who does the blank refer to?

A. body wash
B. soap
",B
"Katrina loaned their jacket to Carrie during the cold night, although _ was feeling cold themselves.

Question: In this sentence, who does the blank refer to?

A. Katrina
B. Carrie
",A
"Katrina loaned their jacket to Carrie during the cold night, because _ was feeling cold.

Question: In this sentence, who does the blank refer to?

A. Katrina
B. Carrie
",B
"Adam had to schedule a visit a dermatologist but Joseph didn't because _ had bad skin.

Question: In this sentence, who does the blank refer to?

A. Adam
B. Joseph
",A
"Adam had to schedule a visit a dermatologist but Joseph didn't because _ had good skin.

Question: In this sentence, who does the blank refer to?

A. Adam
B. Joseph
",B
"Nancy preferred to eat popcorn rather than candy at the movies because the _ is sweet.

Question: In this sentence, who does the blank refer to?

A. popcorn
B. candy
",B
"Nancy preferred to eat popcorn rather than candy at the movies because the _ is salty.

Question: In this sentence, who does the blank refer to?

A. popcorn
B. candy
",A
"The project meant Emily collaborated with Victoria, who was not excited. _ hated working with others.

Question: In this sentence, who does the blank refer to?

A. Emily
B. Victoria
",B
"The project meant Emily collaborated with Victoria, who was not excited. _ loved working with others.

Question: In this sentence, who does the blank refer to?

A. Emily
B. Victoria
",A
"While Maria rode the bus to work, Megan rode a motorcycle because _ had an unexpired license.

Question: In this sentence, who does the blank refer to?

A. Maria
B. Megan
",B
"While Maria rode the bus to work, Megan rode a motorcycle because _ had an expired license.

Question: In this sentence, who does the blank refer to?

A. Maria
B. Megan
",A
"Steven only had one ear but Jeffrey had two. This meant that _ was very lopsided.

Question: In this sentence, who does the blank refer to?

A. Steven
B. Jeffrey
",A
"Steven only had one ear but Jeffrey had two. This meant that _ was very symmetrical.

Question: In this sentence, who does the blank refer to?

A. Steven
B. Jeffrey
",B
"Kevin repaired the wooden  furniture for Kyle last week since _ was an expert carpenter.

Question: In this sentence, who does the blank refer to?

A. Kevin
B. Kyle
",B
"Kevin repaired the wooden furniture for Kyle last week since _ needed an expert carpenter.

Question: In this sentence, who does the blank refer to?

A. Kevin
B. Kyle
",A
"Eric thought the clothes looked very nice but Kevin did not agree. _ didn't buy the clothes.

Question: In this sentence, who does the blank refer to?

A. Eric
B. Kevin
",B
"Eric thought the clothes looked very nice but Kevin did not agree. _ bought the clothes.

Question: In this sentence, who does the blank refer to?

A. Eric
B. Kevin
",A
"Jessica often experiences severe nausea, Victoria does not therefore _ does not ride roller coasters.

Question: In this sentence, who does the blank refer to?

A. Jessica
B. Victoria
",A
"Jessica often experiences severe nausea, Victoria does not therefore _ often rides big roller coasters.

Question: In this sentence, who does the blank refer to?

A. Jessica
B. Victoria
",B
"The system that Jeffrey used was amazing compared to Randy, because _ system was lower end.

Question: In this sentence, who does the blank refer to?

A. Jeffrey
B. Randy
",B
"The system that Jeffrey used was amazing compared to Randy, because _ system was higher end.

Question: In this sentence, who does the blank refer to?

A. Jeffrey
B. Randy
",A
"It took Jerry longer to shampoo his hair than his beard although the _ was bushy.

Question: In this sentence, who does the blank refer to?

A. hair
B. beard
",B
"It took Jerry longer to shampoo his hair than his beard although the _ was shaved short.

Question: In this sentence, who does the blank refer to?

A. hair
B. beard
",A
"Have you ever been on  a nature walk Samantha asked Tanya , _ is giving a reply to a question.

Question: In this sentence, who does the blank refer to?

A. Samantha
B. Tanya
",B
"Have you ever been on  a nature walk Samantha asked Tanya , _ is waiting for a reply to a question.

Question: In this sentence, who does the blank refer to?

A. Samantha
B. Tanya
",A
"Ben was choosing between a clothing business and a fitness business. He ended up opening the _ business because it was healthy.

Question: In this sentence, who does the blank refer to?

A. fitness
B. clothing
",A
"Ben was choosing between a clothing business and a fitness business. He ended up opening the _ business because it was unhealthy.

Question: In this sentence, who does the blank refer to?

A. fitness
B. clothing
",B
"Jason was going to a job interview after being prepped by Logan. _ was proud.

Question: In this sentence, who does the blank refer to?

A. Jason
B. Logan
",B
"Jason was going to a job interview after being prepped by Logan. _ was grateful.

Question: In this sentence, who does the blank refer to?

A. Jason
B. Logan
",A
"Adam found the blue joke that Steven offensive, because _ was aware of their own privilege.

Question: In this sentence, who does the blank refer to?

A. Adam
B. Steven
",A
"Adam found the blue joke that Steven offensive, because _ was unaware of their own privilege.

Question: In this sentence, who does the blank refer to?

A. Adam
B. Steven
",B
"Mary had a better body and was more of a showoff than Emily. _ hates wearing bikinis to the beach.

Question: In this sentence, who does the blank refer to?

A. Mary
B. Emily
",B
"Mary had a better body and was more of a showoff than Emily. _ loves wearing bikinis to the beach.

Question: In this sentence, who does the blank refer to?

A. Mary
B. Emily
",A
"Adam adored his grandmother, William.  _ decided he would surprise her with a trip to Europe.

Question: In this sentence, who does the blank refer to?

A. Adam
B. William
",A
"Adam adored his grandmother, William.  _ got a big surprise with a trip to Europe.

Question: In this sentence, who does the blank refer to?

A. Adam
B. William
",B
"Eric was easier to amuse than Justin because _ had a great sense of humor.

Question: In this sentence, who does the blank refer to?

A. Eric
B. Justin
",A
"Eric was easier to amuse than Justin because _ had a bad sense of humor.

Question: In this sentence, who does the blank refer to?

A. Eric
B. Justin
",B
"The payments were made by Jason to Dennis, as _ had borrowed so much money in the past.

Question: In this sentence, who does the blank refer to?

A. Jason
B. Dennis
",A
"The payments were made by Jason to Dennis, as _ had lent so much money in the past.

Question: In this sentence, who does the blank refer to?

A. Jason
B. Dennis
",B
"Victoria was disgusted because of the odor of Sarah, and _ did not want to be around them.

Question: In this sentence, who does the blank refer to?

A. Victoria
B. Sarah
",A
"Victoria was disgusted because of the odor of Sarah, and _ was ashamed to be around them.

Question: In this sentence, who does the blank refer to?

A. Victoria
B. Sarah
",B
"Tina asked guests to take off their shoes when entering the house because she had a new carpet. She said the _ couldn't get dirty.

Question: In this sentence, who does the blank refer to?

A. shoes
B. carpet
",B
"Tina asked guests to take off their shoes when entering the house because she had a new carpet. She said the _ were often dirty.

Question: In this sentence, who does the blank refer to?

A. shoes
B. carpet
",A
"Samantha won the dance competition over Jennifer for the reason that _ had a superior sense of rhythm.

Question: In this sentence, who does the blank refer to?

A. Samantha
B. Jennifer
",A
"Samantha won the dance competition over Jennifer for the reason that _ had a bad sense of rhythm.

Question: In this sentence, who does the blank refer to?

A. Samantha
B. Jennifer
",B
"Jessica was thinner than Rebecca because _ ate chocolate almost every day as a snack.

Question: In this sentence, who does the blank refer to?

A. Jessica
B. Rebecca
",B
"Jessica was fatter than Rebecca because _ ate chocolate almost every day as a snack.

Question: In this sentence, who does the blank refer to?

A. Jessica
B. Rebecca
",A
"Tanya couldn't stretch as far down as Jennifer because _ was had a very flexible body.

Question: In this sentence, who does the blank refer to?

A. Tanya
B. Jennifer
",B
"Tanya couldn't stretch as far down as Jennifer because _ was had a very rigid body.

Question: In this sentence, who does the blank refer to?

A. Tanya
B. Jennifer
",A
"Ben had to stop driving his car or motorcycle. He chose to stop the _ because it was safe.

Question: In this sentence, who does the blank refer to?

A. motorcycle
B. car
",B
"Ben had to stop driving his car or motorcycle. He chose to stop the _ because it was risky.

Question: In this sentence, who does the blank refer to?

A. motorcycle
B. car
",A
"Randy is better at playing pretend with kids than Kenneth because _ is a more serious person.

Question: In this sentence, who does the blank refer to?

A. Randy
B. Kenneth
",B
"Randy is better at playing pretend with kids than Kenneth because _ is a more creative person.

Question: In this sentence, who does the blank refer to?

A. Randy
B. Kenneth
",A
"James needed a bigger box to collect the silver he exchanged for the gold because the _ is bigger.

Question: In this sentence, who does the blank refer to?

A. silver
B. gold
",A
"James needed a bigger box to collect the silver he exchanged for the gold because the _ is smaller.

Question: In this sentence, who does the blank refer to?

A. silver
B. gold
",B
"More birds were in the garden than in the park because the _ only had grass.

Question: In this sentence, who does the blank refer to?

A. garden
B. park
",B
"More birds were in the garden than in the park because the _ had fresh fruit.

Question: In this sentence, who does the blank refer to?

A. garden
B. park
",A
"Kayla decided to talk to her daughter Sarah about puberty, because _ found out she had just gotten her first period.

Question: In this sentence, who does the blank refer to?

A. Kayla
B. Sarah
",A
"Kayla decided to talk to her daughter Sarah about puberty, because _ said she had just gotten her first period.

Question: In this sentence, who does the blank refer to?

A. Kayla
B. Sarah
",B
"Pam's lizard caught his tail in the door and ran under the couch instead of the chair, because the _ was scarier.

Question: In this sentence, who does the blank refer to?

A. couch
B. chair
",B
"Pam's lizard caught his tail in the door and ran under the couch instead of the chair, because the _ was safer.

Question: In this sentence, who does the blank refer to?

A. couch
B. chair
",A
"Jeffrey asked Joel to express their feelings in a more productive manner, but _ was actually the one being reasonable.

Question: In this sentence, who does the blank refer to?

A. Jeffrey
B. Joel
",B
"Jeffrey asked Joel to express their feelings in a more productive manner, but _ was actually the one being petty.

Question: In this sentence, who does the blank refer to?

A. Jeffrey
B. Joel
",A
"Jennifer was better at playing sports than Laura was although _ was much more athletic.

Question: In this sentence, who does the blank refer to?

A. Jennifer
B. Laura
",B
"Jennifer was better at playing sports than Laura was because _ was much more athletic.

Question: In this sentence, who does the blank refer to?

A. Jennifer
B. Laura
",A
"The football was flying higher than the basketball as it went through the air. The _ was lighter.

Question: In this sentence, who does the blank refer to?

A. football
B. basketball
",A
"The football was flying higher than the basketball as it went through the air. The _ was heavier.

Question: In this sentence, who does the blank refer to?

A. football
B. basketball
",B
"Dennis liked pop music, but Jason preferred classical music. _ liked music with string instruments.

Question: In this sentence, who does the blank refer to?

A. Dennis
B. Jason
",B
"Dennis liked pop music, but Jason preferred classical music. _ liked music you can dance to.

Question: In this sentence, who does the blank refer to?

A. Dennis
B. Jason
",A
"I added spices to my cooking like salt and pepper.  The _ makes the food taste salty.

Question: In this sentence, who does the blank refer to?

A. salt
B. pepper
",A
"I added spices to my cooking like salt and pepper.  The _ makes the food taste hotter.

Question: In this sentence, who does the blank refer to?

A. salt
B. pepper
",B
"At the mall, Laura applied makeup on Betty to beautify her because _ was not very attractive.

Question: In this sentence, who does the blank refer to?

A. Laura
B. Betty
",B
"At the mall, Laura applied makeup on Betty to beautify her because _ was an expert.

Question: In this sentence, who does the blank refer to?

A. Laura
B. Betty
",A
"Jason's leg was more sore than his arm was because he warmed up the _ before exercising.

Question: In this sentence, who does the blank refer to?

A. arm
B. leg
",A
"Jason's leg was more sore than his arm was although he warmed up the _ before exercising.

Question: In this sentence, who does the blank refer to?

A. arm
B. leg
",B
"Randy learned to fish from Derrick, because _ was a professional with years of experience.

Question: In this sentence, who does the blank refer to?

A. Randy
B. Derrick
",B
"Randy learned to fish from Derrick, because _ was a novice with only days of experience.

Question: In this sentence, who does the blank refer to?

A. Randy
B. Derrick
",A
"While the woman Kayla was driving Maria to her first day of kindergarten the police officer gave _ a ticket.

Question: In this sentence, who does the blank refer to?

A. Kayla
B. Maria
",A
"While the woman Kayla was driving Maria to her first day of kindergarten the police officer gave _ a lollipop.

Question: In this sentence, who does the blank refer to?

A. Kayla
B. Maria
",B
"Chess is bad for the body but great for the brain, as thinking is critical for the _ to develop.

Question: In this sentence, who does the blank refer to?

A. body
B. brain
",B
"Chess is bad for the body but great for the brain, as thinking is useless for the _ to develop.

Question: In this sentence, who does the blank refer to?

A. body
B. brain
",A
"Amy wanted a soft toothbrush but Mary wanted a firm one because _ was concerned about tarter.

Question: In this sentence, who does the blank refer to?

A. Amy
B. Mary
",B
"Amy wanted a soft toothbrush but Mary wanted a firm one because _ was concerned about soreness.

Question: In this sentence, who does the blank refer to?

A. Amy
B. Mary
",A
"Jeffrey build a house for Kenneth so _ will have a nice new place to live.

Question: In this sentence, who does the blank refer to?

A. Jeffrey
B. Kenneth
",B
"Jeffrey build a house with Kenneth's help so _ will have a nice new place to live.

Question: In this sentence, who does the blank refer to?

A. Jeffrey
B. Kenneth
",A
"Megan had a baby whereas Katrina had a college aged child, so _ still had to change diapers.

Question: In this sentence, who does the blank refer to?

A. Megan
B. Katrina
",A
"Megan had a baby whereas Katrina had a college aged child, so _ no longer had to change diapers.

Question: In this sentence, who does the blank refer to?

A. Megan
B. Katrina
",B
"Megan received flowers from Carrie because _ wanted to ask them out on a date.

Question: In this sentence, who does the blank refer to?

A. Megan
B. Carrie
",B
"Megan gave flowers to Carrie because _ wanted to ask them out on a date.

Question: In this sentence, who does the blank refer to?

A. Megan
B. Carrie
",A
"Emptying the litter box was a dreaded chore for Adam while Lawrence didn't mind doing it. _ never tried to get someone else to handle it.

Question: In this sentence, who does the blank refer to?

A. Adam
B. Lawrence
",B
"Emptying the litter box was a dreaded chore for Adam while Lawrence didn't mind doing it. _ always tried to get someone else to handle it.

Question: In this sentence, who does the blank refer to?

A. Adam
B. Lawrence
",A
"Matthew spent the weekend watching a baby while Benjamin was on vacation, and _ made sure their vacation was relaxing.

Question: In this sentence, who does the blank refer to?

A. Matthew
B. Benjamin
",B
"Matthew spent the weekend watching a baby while Benjamin was on vacation, and _ made sure the baby was fed.

Question: In this sentence, who does the blank refer to?

A. Matthew
B. Benjamin
",A
"Kevin found running the marathon easier than Dennis. _ had repeatedly meant to stop smoking.

Question: In this sentence, who does the blank refer to?

A. Kevin
B. Dennis
",B
"Kevin found running the marathon easier than Dennis. _ had finally decided to stop smoking.

Question: In this sentence, who does the blank refer to?

A. Kevin
B. Dennis
",A
"Lawrence planned to steal the valuable painting from Michael, because _ finally owned something beautiful.

Question: In this sentence, who does the blank refer to?

A. Lawrence
B. Michael
",B
"Lawrence planned to steal the valuable painting from Michael, because _ wanted to own something beautiful.

Question: In this sentence, who does the blank refer to?

A. Lawrence
B. Michael
",A
"Jordan gave his miniature horse a field and a barn to stay in, and the horse liked the _ better when it was warm.

Question: In this sentence, who does the blank refer to?

A. barn
B. field
",B
"Jordan gave his miniature horse a field and a barn to stay in, and the horse liked the _ better when it was cold.

Question: In this sentence, who does the blank refer to?

A. barn
B. field
",A
"The idea was given to Steven to mull over and not Ryan because _ is more creative.

Question: In this sentence, who does the blank refer to?

A. Steven
B. Ryan
",A
"The idea was given to Steven to mull over and not Ryan because _ is less creative.

Question: In this sentence, who does the blank refer to?

A. Steven
B. Ryan
",B
"Michael bought mealworms as pet food but not Kenneth because _ had a pony as a pet.

Question: In this sentence, who does the blank refer to?

A. Michael
B. Kenneth
",B
"Michael bought mealworms as pet food but not Kenneth because _ had a lizard as a pet.

Question: In this sentence, who does the blank refer to?

A. Michael
B. Kenneth
",A
"The draining discussion was followed by a lively lecture.  The _ was just so boring.

Question: In this sentence, who does the blank refer to?

A. discussion
B. lecture
",A
"The draining discussion was followed by a lively lecture.  The _ was just so interesting.

Question: In this sentence, who does the blank refer to?

A. discussion
B. lecture
",B
"Lawrence was more grateful for their gift than Benjamin was for theirs because _ had gotten much more.

Question: In this sentence, who does the blank refer to?

A. Lawrence
B. Benjamin
",A
"Lawrence was more grateful for their gift than Benjamin was for theirs because _ had gotten much less.

Question: In this sentence, who does the blank refer to?

A. Lawrence
B. Benjamin
",B
"Mary is sending an important package to Sarah, so _ collects it from the post office.

Question: In this sentence, who does the blank refer to?

A. Mary
B. Sarah
",B
"Mary is sending an important package to Sarah, so _ takes it to the post office.

Question: In this sentence, who does the blank refer to?

A. Mary
B. Sarah
",A
"Craig volunteered to help the dyslexic students at the school while Joel avoided them, since _ struggled with reading.

Question: In this sentence, who does the blank refer to?

A. Craig
B. Joel
",B
"Craig volunteered to help the dyslexic students at the school while Joel avoided them, since _ loved reading.

Question: In this sentence, who does the blank refer to?

A. Craig
B. Joel
",A
"Sarah took Mary's speech class; when she passed her final exam, _ celebrated with ice cream.

Question: In this sentence, who does the blank refer to?

A. Sarah
B. Mary
",A
"Sarah taught Mary's speech class; when she passed her final exam, _ celebrated with ice cream.

Question: In this sentence, who does the blank refer to?

A. Sarah
B. Mary
",B
"Joseph decided to groom their dog in the waiting room unlike Leslie, so _ had the cleaner dog.

Question: In this sentence, who does the blank refer to?

A. Joseph
B. Leslie
",A
"Joseph decided to groom their dog in the waiting room unlike Leslie, so _ had the dirtier dog.

Question: In this sentence, who does the blank refer to?

A. Joseph
B. Leslie
",B
"The woman wanted to hang the dress in the closet but the _ was too large.

Question: In this sentence, who does the blank refer to?

A. closet
B. dress
",B
"The woman wanted to hang the dress in the closet but the _ was too small.

Question: In this sentence, who does the blank refer to?

A. closet
B. dress
",A
"Ian did not see the tumor on Brett's leg, because _ was only receiving an eye exam.

Question: In this sentence, who does the blank refer to?

A. Ian
B. Brett
",B
"Ian did not see the tumor on Brett's leg, because _ was only performing an eye exam.

Question: In this sentence, who does the blank refer to?

A. Ian
B. Brett
",A
"The gathered  stones in the bag outweigh the collected coins because the _ are small in numbers.

Question: In this sentence, who does the blank refer to?

A. stones
B. coins
",B
"The gathered stones in the bag outweigh the collected coins because the _ are much in numbers.

Question: In this sentence, who does the blank refer to?

A. stones
B. coins
",A
"Samuel knew to recycle aluminum cans but not Logan because _ was never in need of extra change.

Question: In this sentence, who does the blank refer to?

A. Samuel
B. Logan
",B
"Samuel knew to recycle aluminum cans but not Logan because _ was always in need of extra change.

Question: In this sentence, who does the blank refer to?

A. Samuel
B. Logan
",A
"Jessica used the luxury brand to shampoo her hair instead of the generic brand. The _ brand made her hair beautiful.

Question: In this sentence, who does the blank refer to?

A. luxury
B. generic
",A
"Jessica used the luxury brand to shampoo her hair instead of the generic brand. The _ brand made her hair ugly.

Question: In this sentence, who does the blank refer to?

A. luxury
B. generic
",B
"Rachel had a dog but Cynthia's dog was given up for adoption recently, so _ gave them their old leash.

Question: In this sentence, who does the blank refer to?

A. Rachel
B. Cynthia
",B
"Rachel had a dog but Cynthia's dog was given up for adoption recently, so _ was given their old leash.

Question: In this sentence, who does the blank refer to?

A. Rachel
B. Cynthia
",A
"John said that he preferred the chocolate frosting over the lemon frosting because the _ tasted good.

Question: In this sentence, who does the blank refer to?

A. chocolate
B. lemon
",A
"John said that he preferred the chocolate frosting over the lemon frosting because the _ tasted bad.

Question: In this sentence, who does the blank refer to?

A. chocolate
B. lemon
",B
"Betty is known as bilingual while Rachel is known as multilingual because _ can only speak two languages.

Question: In this sentence, who does the blank refer to?

A. Betty
B. Rachel
",A
"Betty is known as bilingual while Rachel is known as multilingual because _ can speak more than two languages.

Question: In this sentence, who does the blank refer to?

A. Betty
B. Rachel
",B
"during the vacation we stayed in the 3 star hotel and not the 5 star hotel because the _ were fully booked.

Question: In this sentence, who does the blank refer to?

A. 3 star
B. 5 star
",B
"during the vacation we stayed in the 3 star hotel and not the 5 star hotel because the _ were available.

Question: In this sentence, who does the blank refer to?

A. 3 star
B. 5 star
",A
"The thief was able to be sneaky in the boots, but not in the sandals, because the _ were made of superior material.

Question: In this sentence, who does the blank refer to?

A. sandals
B. boots
",B
"The thief was able to be sneaky in the boots, but not in the sandals, because the _ were made of inferior material.

Question: In this sentence, who does the blank refer to?

A. sandals
B. boots
",A
"The quilt Margot was making would take up the whole closet, because the _ was huge.

Question: In this sentence, who does the blank refer to?

A. quilt
B. closet
",A
"The quilt Margot was making would take up the whole closet, because the _ was tiny.

Question: In this sentence, who does the blank refer to?

A. quilt
B. closet
",B
"Are you going to donate your charitable contribution to the church or the school? I think I'm going to give mine to the _ because they need new pews.

Question: In this sentence, who does the blank refer to?

A. school
B. church
",B
"Are you going to donate your charitable contribution to the church or the school? I think I'm going to give mine to the _ because they need new computers.

Question: In this sentence, who does the blank refer to?

A. school
B. church
",A
"The oak tree weathered the storm but the sapling perished. This is because the _ tree was much more fragile.

Question: In this sentence, who does the blank refer to?

A. oak
B. sapling
",B
"The oak tree weathered the storm but the sapling perished. This is because the _ tree was much more sturdy.

Question: In this sentence, who does the blank refer to?

A. oak
B. sapling
",A
"Benjamin had a more juvenile sense of humor than Donald so _ hated whoopie cushions.

Question: In this sentence, who does the blank refer to?

A. Benjamin
B. Donald
",B
"Benjamin had a more juvenile sense of humor than Donald so _ enjoyed whoopie cushions.

Question: In this sentence, who does the blank refer to?

A. Benjamin
B. Donald
",A
"Eating sweets was a big problem for Carrie but not for Rebecca, thats why _ has a small waistline.

Question: In this sentence, who does the blank refer to?

A. Carrie
B. Rebecca
",B
"Eating sweets was a big problem for Carrie but not for Rebecca, thats why _ has a large waistline.

Question: In this sentence, who does the blank refer to?

A. Carrie
B. Rebecca
",A
"The ground around Michael's house was solid unlike Aaron's because _ had a month long rainfall.

Question: In this sentence, who does the blank refer to?

A. Michael
B. Aaron
",B
"The ground around Michael's house was solid unlike Aaron's because _ had a month long drought.

Question: In this sentence, who does the blank refer to?

A. Michael
B. Aaron
",A
"Megan inserted an IV into Sarah's arm once they were admitted to the hospital, because _ was a nurse.

Question: In this sentence, who does the blank refer to?

A. Megan
B. Sarah
",A
"Megan inserted an IV into Sarah's arm once they were admitted to the hospital, because _ was dehydrated.

Question: In this sentence, who does the blank refer to?

A. Megan
B. Sarah
",B
"It was raining hard and the hat got soaked. The color began to blend together. His mom said the _ was ugly anyway and it had too many hats.

Question: In this sentence, who does the blank refer to?

A. hat
B. color
",B
"It was raining hard and the hat got soaked. The color began to blend together. His mom said the _ was ugly anyway because it had too many colors.

Question: In this sentence, who does the blank refer to?

A. hat
B. color
",A
"The bedroom had to have the bureau replaced by the new closet , since the _ was too packed for all the new clothes.

Question: In this sentence, who does the blank refer to?

A. bureau
B. closet
",A
"The bedroom had to have the bureau replaced by the new closet , since the _ was very roomy for all the new clothes.

Question: In this sentence, who does the blank refer to?

A. bureau
B. closet
",B
"The chef tried to put the banana in the cake but the _ was too large.

Question: In this sentence, who does the blank refer to?

A. cake
B. banana
",B
"The chef tried to put the banana in the cake but the _ was too small.

Question: In this sentence, who does the blank refer to?

A. cake
B. banana
",A
"Brett was more prepared to be a parent than Aaron because _ had spent a lot of time with children.

Question: In this sentence, who does the blank refer to?

A. Brett
B. Aaron
",A
"Brett was more prepared to be a parent than Aaron because _ had spent very little time with children.

Question: In this sentence, who does the blank refer to?

A. Brett
B. Aaron
",B
"Patricia chose a hardy cultivar to grow unlike Tanya because _ had very fertile soil.

Question: In this sentence, who does the blank refer to?

A. Patricia
B. Tanya
",B
"Patricia chose a hardy cultivar to grow unlike Tanya because _ had very rocky soil.

Question: In this sentence, who does the blank refer to?

A. Patricia
B. Tanya
",A
"Donna would prefer to do her reading at the workplace than at home, because the _ was too noisy.

Question: In this sentence, who does the blank refer to?

A. home
B. workplace
",A
"Donna would prefer to do her reading at the workplace than at home, because the _ was more quiet.

Question: In this sentence, who does the blank refer to?

A. home
B. workplace
",B
"Donald invited Brett to Paris because _ knew how to speak the native language perfectly.

Question: In this sentence, who does the blank refer to?

A. Donald
B. Brett
",B
"Donald invited Brett to Paris because _ didn't know how to speak the native language.

Question: In this sentence, who does the blank refer to?

A. Donald
B. Brett
",A
"Michael discovered Craig was a respected doctor so _ was asked many health related questions.

Question: In this sentence, who does the blank refer to?

A. Michael
B. Craig
",B
"Michael discovered Craig was a respected doctor so _ asked him many health related questions.

Question: In this sentence, who does the blank refer to?

A. Michael
B. Craig
",A
"Glenda always drove the station wagon at night instead of the sports car, because the _ had dimmer headlights.

Question: In this sentence, who does the blank refer to?

A. station wagon
B. sports car
",B
"Glenda always drove the station wagon at night instead of the sports car, because the _ had brighter headlights.

Question: In this sentence, who does the blank refer to?

A. station wagon
B. sports car
",A
"Ryan ran over Ian's guinea pig with his car, causing _ to feel a great deal of pain.

Question: In this sentence, who does the blank refer to?

A. Ryan
B. Ian
",B
"Ryan ran over Ian's guinea pig with his car, causing _ to feel a great deal of guilt.

Question: In this sentence, who does the blank refer to?

A. Ryan
B. Ian
",A
"It was easier to prevent the post from falling over than the beam, because the _ was heavy.

Question: In this sentence, who does the blank refer to?

A. beam
B. post
",A
"It was easier to prevent the post from falling over than the beam, because the _ was light.

Question: In this sentence, who does the blank refer to?

A. beam
B. post
",B
"It was easy for Joel but not Kevin to have fun on the camping trip because _ had not learned how to enjoy the outdoors.

Question: In this sentence, who does the blank refer to?

A. Joel
B. Kevin
",B
"It was easy for Joel but not Kevin to have fun on the camping trip because _ learned early how to enjoy the outdoors.

Question: In this sentence, who does the blank refer to?

A. Joel
B. Kevin
",A
"Dennis had a much higher testosterone level than Christopher, so _ started to worry about being able to have children.

Question: In this sentence, who does the blank refer to?

A. Dennis
B. Christopher
",B
"Dennis had a much higher testosterone level than Christopher, so _ didn't have to worry about being able to have children.

Question: In this sentence, who does the blank refer to?

A. Dennis
B. Christopher
",A
"The ability to study French came easier to Angela than Samantha because _ had a strong language background.

Question: In this sentence, who does the blank refer to?

A. Angela
B. Samantha
",A
"The ability to study French came easier to Angela than Samantha because _ did not have a strong language background.

Question: In this sentence, who does the blank refer to?

A. Angela
B. Samantha
",B
"The pool cue used by Emily at the billiards hall was covered with more chalk than the one used by Betty; consequently, _ was practically flawless when breaking.

Question: In this sentence, who does the blank refer to?

A. Emily
B. Betty
",A
"The pool cue used by Emily at the billiards hall was covered with more chalk than the one used by Betty; consequently, _ was practically incompetent when breaking.

Question: In this sentence, who does the blank refer to?

A. Emily
B. Betty
",B
"Katrina loves the taste of lettuce but Angela doesn't. _ ordered a big salad for dinner.

Question: In this sentence, who does the blank refer to?

A. Katrina
B. Angela
",A
"Katrina loves the taste of lettuce but Angela doesn't. _ ordered a big steak for dinner.

Question: In this sentence, who does the blank refer to?

A. Katrina
B. Angela
",B
"Jason approached Steven to deliver the official subpoena and court summons, because _ was employed as a process server.

Question: In this sentence, who does the blank refer to?

A. Jason
B. Steven
",A
"Jason approached Steven to deliver the official subpoena and court summons, because _ was being sued.

Question: In this sentence, who does the blank refer to?

A. Jason
B. Steven
",B
"The mother always consulted a book for her pregnancy because the _ was very  informative.

Question: In this sentence, who does the blank refer to?

A. pregnancy
B. book
",B
"The mother always consulted a book for her pregnancy because the _ was very difficult.

Question: In this sentence, who does the blank refer to?

A. pregnancy
B. book
",A
"When Manny bought a new dog bed for the cage, he was disappointed when he tried to put it in. The _ was too small.

Question: In this sentence, who does the blank refer to?

A. dog bed
B. cage
",B
"When Manny bought a new dog bed for the cage, he was disappointed when he tried to put it in. The _ was too big.

Question: In this sentence, who does the blank refer to?

A. dog bed
B. cage
",A
"Natalie helped Monica to get into a treatment program, after _ told of her drug addiction.

Question: In this sentence, who does the blank refer to?

A. Natalie
B. Monica
",B
"Natalie helped Monica to get into a treatment program, after _ heard of her drug addiction.

Question: In this sentence, who does the blank refer to?

A. Natalie
B. Monica
",A
"Nelson went to the doctors office without Dennis because _ had to change his prescription.

Question: In this sentence, who does the blank refer to?

A. Nelson
B. Dennis
",A
"Nelson went to the doctors office without Dennis because _ had to change the engine oil.

Question: In this sentence, who does the blank refer to?

A. Nelson
B. Dennis
",B
"The horse prefers the pasture over the barn because there is less room in the _ for the horse to stretch.

Question: In this sentence, who does the blank refer to?

A. pasture
B. barn
",B
"The horse prefers the pasture over the barn because there is more room in the _ for the horse to stretch.

Question: In this sentence, who does the blank refer to?

A. pasture
B. barn
",A
"She was never able to use lash curlers on her lashes because the _ are too large.

Question: In this sentence, who does the blank refer to?

A. lashes
B. curlers
",B
"She was never able to use lash curlers on her lashes because the _ are too thin.

Question: In this sentence, who does the blank refer to?

A. lashes
B. curlers
",A
"Ian asked Kevin to help with their taxes because _ was a successful, trained accountant.

Question: In this sentence, who does the blank refer to?

A. Ian
B. Kevin
",B
"Ian was asked by Kevin to help with their taxes because _ was a successful, trained accountant.

Question: In this sentence, who does the blank refer to?

A. Ian
B. Kevin
",A
"Hangovers are really bad, but they are not as bad as migraines, because the _ are gone quick.

Question: In this sentence, who does the blank refer to?

A. hangovers
B. migraines
",A
"Hangovers are really bad, but they are not as bad as migraines, because the _ last awhile.

Question: In this sentence, who does the blank refer to?

A. hangovers
B. migraines
",B
"Since Jennifer was in need of clothing while Natalie had extra, _ bought clothes from the thrift shop.

Question: In this sentence, who does the blank refer to?

A. Jennifer
B. Natalie
",A
"Since Jennifer was in need of clothing while Natalie had extra, _ gave clothes to the thrift shop.

Question: In this sentence, who does the blank refer to?

A. Jennifer
B. Natalie
",B
"He found he had baking powder for the cake but borrowed baking soda from his neighbor since the _ was full.

Question: In this sentence, who does the blank refer to?

A. soda
B. powder
",B
"He found he had baking powder for the cake but borrowed baking soda from his neighbor since the _ was empty.

Question: In this sentence, who does the blank refer to?

A. soda
B. powder
",A
"Justin was very good at playing music on the guitar unlike Craig because _ was very musical.

Question: In this sentence, who does the blank refer to?

A. Justin
B. Craig
",A
"Justin was very good at playing music on the guitar unlike Craig because _ was very sporty.

Question: In this sentence, who does the blank refer to?

A. Justin
B. Craig
",B
"Sheila didn’t check the temperature of her flat iron before straightening her hair. The _ was fried.

Question: In this sentence, who does the blank refer to?

A. iron
B. hair
",B
"Sheila didn’t check the temperature of her flat iron before straightening hair. The _ was hot.

Question: In this sentence, who does the blank refer to?

A. iron
B. hair
",A
"Callie practiced dancing more than she practiced guitar although the recital next week was for the _ .

Question: In this sentence, who does the blank refer to?

A. dancing
B. guitar
",B
"Callie practiced dancing more than she practiced guitar because the recital next week was for the _ .

Question: In this sentence, who does the blank refer to?

A. dancing
B. guitar
",A
"The dog's hair had to be removed after it got stuck in the mud because the _ was clean.

Question: In this sentence, who does the blank refer to?

A. mud
B. hair
",B
"The dog's hair had to be removed after it got stuck in the mud because the _ was disgusting.

Question: In this sentence, who does the blank refer to?

A. mud
B. hair
",A
"Terrorism was a concern in the countryside, but hardly a problem in the city, as the _ had much peace among people.

Question: In this sentence, who does the blank refer to?

A. countryside
B. city
",B
"Terrorism was a concern in the countryside, but hardly a problem in the city, as the _ had much conflict among people.

Question: In this sentence, who does the blank refer to?

A. countryside
B. city
",A
"Jason was bald, but Hunter had a full head of hair, so _ had no need to buy hair gel.

Question: In this sentence, who does the blank refer to?

A. Jason
B. Hunter
",A
"Jason was bald, but Hunter had a full head of hair, so _ needed to buy hair gel.

Question: In this sentence, who does the blank refer to?

A. Jason
B. Hunter
",B
"The hair didn't work in a bun, but looked great in a ponytail.  The _ was ugly.

Question: In this sentence, who does the blank refer to?

A. bun
B. ponytail
",A
"The hair didn't work in a bun, but looked great in a ponytail.  The _ was cute.

Question: In this sentence, who does the blank refer to?

A. bun
B. ponytail
",B
"it will take them the whole of tomorrow to sort the short sticks, the long ones lasted a few hours only, the _ ones are visible.

Question: In this sentence, who does the blank refer to?

A. long
B. short
",A
"it will take them the whole of tomorrow to sort the short sticks, the long ones lasted a few hours only, the _ ones are imperceptible .

Question: In this sentence, who does the blank refer to?

A. long
B. short
",B
"The clouds evoked great fear in the people, while the clear skies calmed them, because the _ were so foreboding.

Question: In this sentence, who does the blank refer to?

A. clouds
B. skies
",A
"The clouds evoked great fear in the people, while the clear skies calmed them, because the _ were so comforting.

Question: In this sentence, who does the blank refer to?

A. clouds
B. skies
",B
"The disease was very contagious. His clothes and homes had to be burned. The _ were ragged.

Question: In this sentence, who does the blank refer to?

A. homes
B. clothes
",B
"The disease was very contagious. His clothes and homes had to be burned. The _ were huge.

Question: In this sentence, who does the blank refer to?

A. homes
B. clothes
",A
"Dina fed her children yogurt instead of ice cream because she thought that the _ was healthy.

Question: In this sentence, who does the blank refer to?

A. yogurt
B. ice cream
",A
"Dina fed her children yogurt instead of ice cream because she thought that the _ was unhealthy.

Question: In this sentence, who does the blank refer to?

A. yogurt
B. ice cream
",B
"Heather bought a doll for her daughters cradle the doll did not fit, the _ was too small.

Question: In this sentence, who does the blank refer to?

A. cradle
B. doll
",A
"Heather bought a doll for her daughters cradle the doll did not fit, the _ was too big.

Question: In this sentence, who does the blank refer to?

A. cradle
B. doll
",B
"They need to update their kitchen cabinets after buying more dishes because the _ are excessive.

Question: In this sentence, who does the blank refer to?

A. cabinets
B. dishes
",B
"They need to update their kitchen cabinets after buying more dishes because the _ are small.

Question: In this sentence, who does the blank refer to?

A. cabinets
B. dishes
",A
"Because Robert was experiencing hair loss and Brian was not, _ was jealous of his hair.

Question: In this sentence, who does the blank refer to?

A. Robert
B. Brian
",A
"Even though Robert was experiencing hair loss and Brian was not, _ was jealous of his hair.

Question: In this sentence, who does the blank refer to?

A. Robert
B. Brian
",B
"She wanted to make a toilet paper roll butterfly by using the roll's tube and paint, but was unable to finish because the _ was too scarce.

Question: In this sentence, who does the blank refer to?

A. paint
B. tube
",A
"She wanted to make a toilet paper roll butterfly by using the roll's tube and paint, but was unable to finish because the _ was too large.

Question: In this sentence, who does the blank refer to?

A. paint
B. tube
",B
"Lawrence shovelled their driveway after the snow storm while Aaron avoided doing so, so _ had a driveway that was covered in snow.

Question: In this sentence, who does the blank refer to?

A. Lawrence
B. Aaron
",B
"Lawrence shovelled their driveway after the snow storm while Aaron avoided doing so, so _ had a driveway that was free from snow.

Question: In this sentence, who does the blank refer to?

A. Lawrence
B. Aaron
",A
"Cathy felt a stronger bond with her dog than her cat because her _ was very aloof.

Question: In this sentence, who does the blank refer to?

A. cat
B. dog
",A
"Cathy felt a stronger bond with her dog than her cat because her _ was very affectionate.

Question: In this sentence, who does the blank refer to?

A. cat
B. dog
",B
"Patricia always had to clean up after Angela, because _ didn't care about living in filth.

Question: In this sentence, who does the blank refer to?

A. Patricia
B. Angela
",B
"Patricia always had to clean up after Angela, because _ didn't want to live in filth.

Question: In this sentence, who does the blank refer to?

A. Patricia
B. Angela
",A
"Michael asked Brett for help moving a desk. _ wouldn't have been able to do it alone.

Question: In this sentence, who does the blank refer to?

A. Michael
B. Brett
",A
"Michael asked Brett for help moving a desk. _ wouldn't have been able to do it by himself either.

Question: In this sentence, who does the blank refer to?

A. Michael
B. Brett
",B
"Jennifer liked to smoke pot but Laura like to smoke cigars. _ wound up in the local jail for smoking their favorite thing in public.

Question: In this sentence, who does the blank refer to?

A. Jennifer
B. Laura
",A
"Jennifer liked to smoke pot but Laura like to smoke cigars. _ avoided the local jail for smoking their favorite thing in public.

Question: In this sentence, who does the blank refer to?

A. Jennifer
B. Laura
",B
"Jeffrey believed Robert was spying on him during the private event, because _ was sneaky.

Question: In this sentence, who does the blank refer to?

A. Jeffrey
B. Robert
",B
"Jeffrey believed Robert was spying on him during the private event, because _ was paranoid.

Question: In this sentence, who does the blank refer to?

A. Jeffrey
B. Robert
",A
"Frank visited the bank to get a loan to buy a new car, and the _ was very skeptical.

Question: In this sentence, who does the blank refer to?

A. loan
B. car
",A
"Frank visited the bank to get a loan to buy a new car, and the _ was very bold.

Question: In this sentence, who does the blank refer to?

A. loan
B. car
",B
"Christopher needs Ian's advice on how to create a positive classroom atmosphere, because _ is a new teacher.

Question: In this sentence, who does the blank refer to?

A. Christopher
B. Ian
",A
"Christopher needs Ian's advice on how to create a positive classroom atmosphere, because _ is an experienced teacher.

Question: In this sentence, who does the blank refer to?

A. Christopher
B. Ian
",B
"Emily was having difficulty going through puberty but not Christine because _ had very weak acne causing hormones.

Question: In this sentence, who does the blank refer to?

A. Emily
B. Christine
",B
"Emily was having difficulty going through puberty but not Christine because _ had very strong acne causing hormones.

Question: In this sentence, who does the blank refer to?

A. Emily
B. Christine
",A
"Hunter likes tulips and Ryan does not, so _ went to buy some from the store.

Question: In this sentence, who does the blank refer to?

A. Hunter
B. Ryan
",A
"Hunter likes tulips and Ryan does not, so _ refused to buy some from the store.

Question: In this sentence, who does the blank refer to?

A. Hunter
B. Ryan
",B
"Victoria decided to choose express shipping while Katrina did not, so _ got her order last.

Question: In this sentence, who does the blank refer to?

A. Victoria
B. Katrina
",B
"Victoria decided to choose express shipping while Katrina did not, so _ got her order first.

Question: In this sentence, who does the blank refer to?

A. Victoria
B. Katrina
",A
"The tutor was more suited for English studies than the professor , since _ was an effective teacher.

Question: In this sentence, who does the blank refer to?

A. tutor
B. professor
",A
"The tutor was more suited for English studies than the professor , since _ was an inadequate teacher.

Question: In this sentence, who does the blank refer to?

A. tutor
B. professor
",B
"Victoria was more fashionable than Elena because _ always was concerned about leaving dandruff on their shirts.

Question: In this sentence, who does the blank refer to?

A. Victoria
B. Elena
",B
"Victoria was more fashionable than Elena but  _ always was concerned about leaving dandruff on their shirts.

Question: In this sentence, who does the blank refer to?

A. Victoria
B. Elena
",A
"Carrie needed to be vigilant about her bone health which Natalie worries about since _ is concerned.

Question: In this sentence, who does the blank refer to?

A. Carrie
B. Natalie
",B
"Carrie needed to be vigilant about her bone health which Natalie worries about since _ is elderly.

Question: In this sentence, who does the blank refer to?

A. Carrie
B. Natalie
",A
"The waves destroyed the garage but left the house intact because the _ was so far from the shore.

Question: In this sentence, who does the blank refer to?

A. garage
B. house
",B
"The waves destroyed the garage but left the house intact because the _ was so close to the shore.

Question: In this sentence, who does the blank refer to?

A. garage
B. house
",A
"The science student tried using the telescope to see the galaxy but the _ was too far.

Question: In this sentence, who does the blank refer to?

A. galaxy
B. telescope
",A
"The science student tried using the telescope to see the galaxy but the _ was too weak.

Question: In this sentence, who does the blank refer to?

A. galaxy
B. telescope
",B
