input,answer
"Ian volunteered to eat Dennis's menudo after already having a bowl because _ despised eating intestine.

Question: In this sentence, who does the blank refer to?

A. Ian
B. Dennis
",B
"Ian volunteered to eat Dennis's menudo after already having a bowl because _ enjoyed eating intestine.

Question: In this sentence, who does the blank refer to?

A. Ian
B. Dennis
",A
"He never comes to my home, but I always go to his house because the _ is smaller.

Question: In this sentence, who does the blank refer to?

A. home
B. house
",A
"He never comes to my home, but I always go to his house because the _ is bigger.

Question: In this sentence, who does the blank refer to?

A. home
B. house
",B
"Kyle doesn't wear leg warmers to bed, while Logan almost always does. _ is more likely to live in a colder climate.

Question: In this sentence, who does the blank refer to?

A. Kyle
B. Logan
",B
"Kyle doesn't wear leg warmers to bed, while Logan almost always does. _ is more likely to live in a warmer climate.

Question: In this sentence, who does the blank refer to?

A. Kyle
B. Logan
",A
"The GPS and map helped me navigate home.  I got lost when the _ got turned upside down.

Question: In this sentence, who does the blank refer to?

A. GPS
B. map
",B
"The GPS and map helped me navigate home.  I got lost when the _ got turned off.

Question: In this sentence, who does the blank refer to?

A. GPS
B. map
",A
"Emily looked up and saw Patricia racing by overhead, as _ was on the ramp .

Question: In this sentence, who does the blank refer to?

A. Emily
B. Patricia
",B
"Emily looked up and saw Patricia racing by overhead, as _ was under the ramp .

Question: In this sentence, who does the blank refer to?

A. Emily
B. Patricia
",A
"The treasury workers took the gold bars off of the trolley and stacked them in the safe until the _ was empty.

Question: In this sentence, who does the blank refer to?

A. safe
B. trolley
",B
"The treasury workers took the gold bars off of the trolley and stacked them in the safe until the _ was full.

Question: In this sentence, who does the blank refer to?

A. safe
B. trolley
",A
"He thought he had time to take the scenic route to the store, but the _ was under construction.

Question: In this sentence, who does the blank refer to?

A. route
B. store
",A
"He thought he had time to take the scenic route to the store, but the _ was closed early.

Question: In this sentence, who does the blank refer to?

A. route
B. store
",B
"She remembered how annoying it is to dust her wood chair so she bought a plastic table instead.  Cleaning the _ is quick.

Question: In this sentence, who does the blank refer to?

A. chair
B. table
",B
"She remembered how annoying it is to dust her wood chair so she bought a plastic table instead.  Cleaning the _ is time consuming.

Question: In this sentence, who does the blank refer to?

A. chair
B. table
",A
"To overcome behavioural bias, we need to focus more on changing the conscious actions instead of the unconscious actions because the _ actions are voluntary.

Question: In this sentence, who does the blank refer to?

A. unconscious
B. conscious
",B
"To overcome behavioural bias, we need to focus more on changing the conscious actions instead of the unconscious actions because the _ actions are involuntary.

Question: In this sentence, who does the blank refer to?

A. unconscious
B. conscious
",A
"Megan has a lot less money than Jessica because _ just bought the winning lottery ticket.

Question: In this sentence, who does the blank refer to?

A. Megan
B. Jessica
",B
"Megan has a lot more money than Jessica because _ just bought the winning lottery ticket.

Question: In this sentence, who does the blank refer to?

A. Megan
B. Jessica
",A
"I picked up a bag of peanuts and raisins for a snack. I wanted a sweeter snack out so I stored the _ for now.

Question: In this sentence, who does the blank refer to?

A. raisins
B. peanuts
",B
"I picked up a bag of peanuts and raisins for a snack. I wanted a sweeter snack out so I ate the _ for now.

Question: In this sentence, who does the blank refer to?

A. raisins
B. peanuts
",A
"Craig really loves to clean all the time but Derrick does not because _ is very neat.

Question: In this sentence, who does the blank refer to?

A. Craig
B. Derrick
",A
"Craig really loves to clean all the time but Derrick does not because _ is very untidy.

Question: In this sentence, who does the blank refer to?

A. Craig
B. Derrick
",B
"Dennis gave his hammer to Robert so he could hammer the nails. _ had plenty of hammers.

Question: In this sentence, who does the blank refer to?

A. Dennis
B. Robert
",A
"Dennis gave his hammer to Robert so he could hammer the nails. _ had no hammers.

Question: In this sentence, who does the blank refer to?

A. Dennis
B. Robert
",B
"The party was more interesting and uplifing than the funeral because the _ was rigid.

Question: In this sentence, who does the blank refer to?

A. party
B. funeral
",B
"The party was more interesting and uplifting than the funeral because the _ was flexible.

Question: In this sentence, who does the blank refer to?

A. party
B. funeral
",A
"The geese prefer to nest in the fields rather than the forests because in the _ predators are more hidden.

Question: In this sentence, who does the blank refer to?

A. fields
B. forests
",B
"The geese prefer to nest in the fields rather than the forests because in the _ predators are very visible.

Question: In this sentence, who does the blank refer to?

A. fields
B. forests
",A
"The plant took up too much room in the urn, because the _ was small.

Question: In this sentence, who does the blank refer to?

A. plant
B. urn
",B
"The plant took up too much room in the urn, because the _ was large.

Question: In this sentence, who does the blank refer to?

A. plant
B. urn
",A
"I installed a new bird house outside above the ground, but had to prop it up higher away from my cat since the _ was too low.

Question: In this sentence, who does the blank refer to?

A. bird house
B. ground
",A
"I installed a new bird house outside above the ground, but had to prop it up higher away from my cat since the _ was too high.

Question: In this sentence, who does the blank refer to?

A. bird house
B. ground
",B
"I prefer spa to the pool and I find the cold water in the _  not relaxing at the end of the day.

Question: In this sentence, who does the blank refer to?

A. spa
B. pool
",B
"I prefer spa to the pool and I find the hot water in the _ relaxing at the end of the day.

Question: In this sentence, who does the blank refer to?

A. spa
B. pool
",A
"Megan said it would be liberating to go out without makeup like Elena does. _ never wore makeup when she left the house.

Question: In this sentence, who does the blank refer to?

A. Megan
B. Elena
",B
"Megan said it would be liberating to go out without makeup like Elena does. _ always wore makeup when she left the house.

Question: In this sentence, who does the blank refer to?

A. Megan
B. Elena
",A
"Donald was richer than Leslie was because companies had found oil on the property of _ .

Question: In this sentence, who does the blank refer to?

A. Donald
B. Leslie
",A
"Donald was poorer than Leslie was because companies had found oil on the property of _ .

Question: In this sentence, who does the blank refer to?

A. Donald
B. Leslie
",B
"Feeling a draft, William asked Neil to please close the front door because _ was closer.

Question: In this sentence, who does the blank refer to?

A. William
B. Neil
",B
"Feeling a draft, William asked Neil to please close the front door because _ was farther away.

Question: In this sentence, who does the blank refer to?

A. William
B. Neil
",A
"Lindsey loved the taste of duck but Megan liked chicken better. _ ordered the kung pao chicken for dinner.

Question: In this sentence, who does the blank refer to?

A. Lindsey
B. Megan
",B
"Lindsey loved the taste of duck but Megan liked chicken better. _ ordered the Peking Duck for dinner.

Question: In this sentence, who does the blank refer to?

A. Lindsey
B. Megan
",A
"Elena would grab their inventory in the back of the store for Megan to sell each time because _ was a loyal customer.

Question: In this sentence, who does the blank refer to?

A. Elena
B. Megan
",B
"Elena would grab their inventory in the back of the store for Megan to sell each time because _ was a businessperson.

Question: In this sentence, who does the blank refer to?

A. Elena
B. Megan
",A
"Kenneth asked Dennis what time the dance was being held, but _ had forgotten.

Question: In this sentence, who does the blank refer to?

A. Kenneth
B. Dennis
",B
"Kenneth asked Dennis what time the dance was being held, because _ had forgotten.

Question: In this sentence, who does the blank refer to?

A. Kenneth
B. Dennis
",A
"Eric was teaching all of the proper stretches to Neil, because _ was using them to get paid.

Question: In this sentence, who does the blank refer to?

A. Eric
B. Neil
",A
"Eric was teaching all of the proper stretches to Neil, because _ was using them to get in shape.

Question: In this sentence, who does the blank refer to?

A. Eric
B. Neil
",B
"When buying a home, Patricia doesn't have as much money to spend as Tanya, so _ buys a 5 bedroom house.

Question: In this sentence, who does the blank refer to?

A. Patricia
B. Tanya
",B
"When buying a home, Patricia doesn't have as much money to spend as Tanya, so _ buys a 1 bedroom house.

Question: In this sentence, who does the blank refer to?

A. Patricia
B. Tanya
",A
"I wanted to buy small tweezer to fit in my wristlet, but they still didn't fit. The _ were too small.

Question: In this sentence, who does the blank refer to?

A. tweezer
B. wristlet
",B
"I wanted to buy small tweezer to fit in my wristlet, but they still didn't fit. The _ were too big.

Question: In this sentence, who does the blank refer to?

A. tweezer
B. wristlet
",A
"Handling emergencies was never very difficult for Kevin but it was for Nelson because _ could remain calm under pressure.

Question: In this sentence, who does the blank refer to?

A. Kevin
B. Nelson
",A
"Handling emergencies was never very difficult for Kevin but it was for Nelson because _ wasn't able to remain calm under pressure.

Question: In this sentence, who does the blank refer to?

A. Kevin
B. Nelson
",B
"Emily asked her sister Sarah if she needed any tampons or pads from the store, even though _ didn't because she had switched to using menstrual cups.

Question: In this sentence, who does the blank refer to?

A. Emily
B. Sarah
",A
"Emily asked her sister Sarah if she needed any tampons or pads from the store, but _ didn't because she had switched to using menstrual cups.

Question: In this sentence, who does the blank refer to?

A. Emily
B. Sarah
",B
"Elena had a horrendous coughing fit from the pollen, unlike Tanya , since _ was immune to allergies.

Question: In this sentence, who does the blank refer to?

A. Elena
B. Tanya
",B
"Elena had a horrendous coughing fit from the pollen, unlike Tanya , since _ was susceptible to allergies.

Question: In this sentence, who does the blank refer to?

A. Elena
B. Tanya
",A
"Rebecca picked up Amy to carpool to work every day, so _ asked for some gas money.

Question: In this sentence, who does the blank refer to?

A. Rebecca
B. Amy
",A
"Rebecca picked up Amy to carpool to work every day, so _ offered some gas money.

Question: In this sentence, who does the blank refer to?

A. Rebecca
B. Amy
",B
"Jennifer discreetly admitted to Erin that she didn't know how to apply eye shadow.  _ was reassuring.

Question: In this sentence, who does the blank refer to?

A. Jennifer
B. Erin
",B
"Jennifer discreetly admitted to Erin that she didn't know how to apply eye shadow.  _ was embarrassed.

Question: In this sentence, who does the blank refer to?

A. Jennifer
B. Erin
",A
"The employees threw a party and drank so much alcohol that they could not go into work the next day. The _ was loud.

Question: In this sentence, who does the blank refer to?

A. party
B. alcohol
",A
"The employees threw a party and drank so much alcohol that they could not go into work the next day. The _ was copious.

Question: In this sentence, who does the blank refer to?

A. party
B. alcohol
",B
"Once in Poland, Dennis enjoyed the trip more than Jason because _ had a shallow understanding of the Polish language.

Question: In this sentence, who does the blank refer to?

A. Dennis
B. Jason
",B
"Once in Poland, Dennis enjoyed the trip more than Jason because _ had a deeper understanding of the Polish language.

Question: In this sentence, who does the blank refer to?

A. Dennis
B. Jason
",A
"The house Benjamin designed for Joseph was beautiful, so _ used it in his portfolio.

Question: In this sentence, who does the blank refer to?

A. Benjamin
B. Joseph
",A
"The house designed for Benjamin by Joseph was beautiful, so _ used it in his portfolio.

Question: In this sentence, who does the blank refer to?

A. Benjamin
B. Joseph
",B
"John poured the entire bowl of fish into the hot pan on the stove until the _ was full.

Question: In this sentence, who does the blank refer to?

A. bowl
B. pan
",B
"John poured the entire bowl of fish into the hot pan on the stove until the _ was empty.

Question: In this sentence, who does the blank refer to?

A. bowl
B. pan
",A
"Sue wanted to practice meditation so she went to the gym with her class but the _ was too busy.

Question: In this sentence, who does the blank refer to?

A. class
B. gym
",B
"Sue wanted to practice meditation so she went to the gym with her class but the _ was too late.

Question: In this sentence, who does the blank refer to?

A. class
B. gym
",A
"Natalie thinks emeralds are beautiful gems but Betty does not. _ bought a necklace featuring a big diamond.

Question: In this sentence, who does the blank refer to?

A. Natalie
B. Betty
",B
"Natalie thinks emeralds are beautiful gems but Betty does not. _ bought a necklace featuring a big emerald.

Question: In this sentence, who does the blank refer to?

A. Natalie
B. Betty
",A
"Aaron hung his hunting rifle over the hearth after the most recent trip ended up with Benjamin making the fatal shot.  _ was happy for him.

Question: In this sentence, who does the blank refer to?

A. Aaron
B. Benjamin
",A
"Aaron hung his hunting rifle over the hearth after the most recent trip ended up with Benjamin making the fatal shot.  _ was happy for himself.

Question: In this sentence, who does the blank refer to?

A. Aaron
B. Benjamin
",B
"Kevin is far more physically versatile than Nick, because _ is an injured athlete in bed.

Question: In this sentence, who does the blank refer to?

A. Kevin
B. Nick
",B
"Kevin is far more physically versatile than Nick, because _ is a seasoned athlete in training.

Question: In this sentence, who does the blank refer to?

A. Kevin
B. Nick
",A
"Adam put handwash only clothes in the washer but Aaron washed them by hand as _ was lazy.

Question: In this sentence, who does the blank refer to?

A. Adam
B. Aaron
",A
"Adam put handwash only clothes in the washer but Aaron washed them by hand as _ was conscientious.

Question: In this sentence, who does the blank refer to?

A. Adam
B. Aaron
",B
"Kyle loves the flavor of apricots but Matthew likes plums better. _ couldn't wait for plum season.

Question: In this sentence, who does the blank refer to?

A. Kyle
B. Matthew
",B
"Kyle loves the flavor of apricots but Matthew likes plums better. _ couldn't wait for apricot season.

Question: In this sentence, who does the blank refer to?

A. Kyle
B. Matthew
",A
"Derrick was unable to stay focused at work unlike Justin, because _ had a fun job.

Question: In this sentence, who does the blank refer to?

A. Derrick
B. Justin
",B
"Derrick was unable to stay focused at work unlike Justin, because _ had a boring job.

Question: In this sentence, who does the blank refer to?

A. Derrick
B. Justin
",A
"Avery was debating on taking up German instead of Latin, because the _ was newer.

Question: In this sentence, who does the blank refer to?

A. Latin
B. German
",B
"Avery was debating on taking up German instead of Latin, because the _ was old.

Question: In this sentence, who does the blank refer to?

A. Latin
B. German
",A
"Kayla dated many more people at once than Betty, because _ was in an open relationship.

Question: In this sentence, who does the blank refer to?

A. Kayla
B. Betty
",B
"Kayla dated many more people at once than Betty, because _ was in an exclusive relationship.

Question: In this sentence, who does the blank refer to?

A. Kayla
B. Betty
",A
"Steven proudly showed Michael the mangoes he grew himself all this summer.  _ is hardworking.

Question: In this sentence, who does the blank refer to?

A. Steven
B. Michael
",A
"Steven proudly showed Michael the mangoes he grew himself all this summer.  _ is astonished.

Question: In this sentence, who does the blank refer to?

A. Steven
B. Michael
",B
"The letter that Joel has written is being read by Adam, so _ is the writer.

Question: In this sentence, who does the blank refer to?

A. Joel
B. Adam
",A
"The letter that Joel has written is being read by Adam, so _ is the editor.

Question: In this sentence, who does the blank refer to?

A. Joel
B. Adam
",B
"Kyle was more comfortable speaking in front of large groups than Nick, because _ had taken public speaking courses in college.

Question: In this sentence, who does the blank refer to?

A. Kyle
B. Nick
",A
"Kyle was more comfortable speaking in front of large groups than Nick, because _ was not able to take public speaking courses in college.

Question: In this sentence, who does the blank refer to?

A. Kyle
B. Nick
",B
"In the lagoon Emily swam in the nude while Felicia opted for a full body swimsuit. _ was very hesitant with showing their body.

Question: In this sentence, who does the blank refer to?

A. Emily
B. Felicia
",B
"In the lagoon Emily swam in the nude while Felicia opted for a full body swimsuit. _ was very free with showing their body.

Question: In this sentence, who does the blank refer to?

A. Emily
B. Felicia
",A
"Sarah Jane's watch smashed when the book hit it since the _ was too strong.

Question: In this sentence, who does the blank refer to?

A. watch
B. book
",B
"Sarah Jane's watch smashed when the book hit it since the _ was too weak.

Question: In this sentence, who does the blank refer to?

A. watch
B. book
",A
"Joseph had to have well manicured nails for work, but not Kevin, because _ worked at a bank.

Question: In this sentence, who does the blank refer to?

A. Joseph
B. Kevin
",A
"Joseph had to have well manicured nails for work, but not Kevin, because _ worked at a farm.

Question: In this sentence, who does the blank refer to?

A. Joseph
B. Kevin
",B
"While out playing golf, Dennis fell in the mud, but Christopher kept their balance because _ had spiked shoes on.

Question: In this sentence, who does the blank refer to?

A. Dennis
B. Christopher
",B
"While out playing golf, Dennis fell in the mud, but Christopher kept their balance, because _ had slippery shoes on.

Question: In this sentence, who does the blank refer to?

A. Dennis
B. Christopher
",A
"I couldn't control the moisture like I controlled the rain, because the _ was coming in at one spot.

Question: In this sentence, who does the blank refer to?

A. moisture
B. rain
",B
"I couldn't control the moisture like I controlled the rain, because the _ was coming in everywhere.

Question: In this sentence, who does the blank refer to?

A. moisture
B. rain
",A
"Leslie was fascinated with collecting new shoes compared to Derrick, because _ loved fashion trends.

Question: In this sentence, who does the blank refer to?

A. Leslie
B. Derrick
",A
"Leslie was fascinated with collecting new shoes compared to Derrick, because _ hated fashion trends.

Question: In this sentence, who does the blank refer to?

A. Leslie
B. Derrick
",B
"Jessica thought Sandstorm was the greatest song ever written but Patricia hated it. _ bought a ticket to the jazz concert.

Question: In this sentence, who does the blank refer to?

A. Jessica
B. Patricia
",B
"Jessica thought Sandstorm was the greatest song ever written but Patricia hated it. _ bought a ticket to the Darude rave.

Question: In this sentence, who does the blank refer to?

A. Jessica
B. Patricia
",A
"Bill poured the entire bowl of cheese snack into his mouth until the _ was empty.

Question: In this sentence, who does the blank refer to?

A. mouth
B. bowl
",B
"Bill poured the entire bowl of cheese snack into his mouth until the _ was full.

Question: In this sentence, who does the blank refer to?

A. mouth
B. bowl
",A
"Ben played soccer and bowling every week. However, it was easy for him to play in the _ game because he hurt his arm.

Question: In this sentence, who does the blank refer to?

A. bowling
B. soccer
",B
"Ben played soccer and bowling every week. However, it was difficult for him to play in the _ game because he hurt his arm.

Question: In this sentence, who does the blank refer to?

A. bowling
B. soccer
",A
"Nick had a bigger dog than Craig because _ fed their dog much more food.

Question: In this sentence, who does the blank refer to?

A. Nick
B. Craig
",A
"Nick had a smaller dog than Craig because _ fed their dog much more food.

Question: In this sentence, who does the blank refer to?

A. Nick
B. Craig
",B
"There was more shade in the yard of Christine than there was in the yard of Victoria because _ had more plants.

Question: In this sentence, who does the blank refer to?

A. Christine
B. Victoria
",A
"There was more shade in the yard of Christine than there was in the yard of Victoria because _ had less plants.

Question: In this sentence, who does the blank refer to?

A. Christine
B. Victoria
",B
"Kyle loves chocolate and candy and Steven loves pickles and lemons. _ loves sour foods.

Question: In this sentence, who does the blank refer to?

A. Kyle
B. Steven
",B
"Kyle loves chocolate and candy and Steven loves pickles and lemons. _ loves sweet foods.

Question: In this sentence, who does the blank refer to?

A. Kyle
B. Steven
",A
"Since Benjamin ate unhealthy desserts far more frequently than Brett, _ had strong will power.

Question: In this sentence, who does the blank refer to?

A. Benjamin
B. Brett
",B
"Since Benjamin ate unhealthy desserts far more frequently than Brett, _ had weak will power.

Question: In this sentence, who does the blank refer to?

A. Benjamin
B. Brett
",A
"Eric asked Michael on a date to go to the movies on Friday night because _ was very confident.

Question: In this sentence, who does the blank refer to?

A. Eric
B. Michael
",A
"Eric asked Michael on a date to go to the movies Friday night because _ was very attractive.

Question: In this sentence, who does the blank refer to?

A. Eric
B. Michael
",B
"Amy hated the smell of bleach, but still Kayla used it all the time to clean so _ tries to use it less.

Question: In this sentence, who does the blank refer to?

A. Amy
B. Kayla
",B
"Amy hated the smell of bleach, but still Kayla used it all the time to clean so _ always leaves the house.

Question: In this sentence, who does the blank refer to?

A. Amy
B. Kayla
",A
"Eric looked at Neil in shock and started to react violently because _ lied to him.

Question: In this sentence, who does the blank refer to?

A. Eric
B. Neil
",B
"Eric looked at Neil in shock and started to react violently because _ felt betrayed.

Question: In this sentence, who does the blank refer to?

A. Eric
B. Neil
",A
"Matthew made sure to use an oil lubricant when expanding his piercing, unlike Jeffrey, so the painful experience from _ made a lot of sense.

Question: In this sentence, who does the blank refer to?

A. Matthew
B. Jeffrey
",B
"Matthew made sure to use an oil lubricant when expanding his piercing, unlike Jeffrey, so the agreeable experience from _ made a lot of sense.

Question: In this sentence, who does the blank refer to?

A. Matthew
B. Jeffrey
",A
"Samantha brought a get well card to the hospital but Emily forgot to because _ was preoccupied.

Question: In this sentence, who does the blank refer to?

A. Samantha
B. Emily
",B
"Samantha brought a get well card to the hospital but Emily forgot to because _ was thoughtful.

Question: In this sentence, who does the blank refer to?

A. Samantha
B. Emily
",A
"Jessica took off the gloves and gave them to Katrina because _ 's hands were cold.

Question: In this sentence, who does the blank refer to?

A. Jessica
B. Katrina
",B
"Jessica took off the gloves and gave them to Katrina because _ 's hands were warm.

Question: In this sentence, who does the blank refer to?

A. Jessica
B. Katrina
",A
"The lawsuit bankrupted the company, causing Megan to be let go from their job while Mary was promoted. _ felt relieved and elated.

Question: In this sentence, who does the blank refer to?

A. Megan
B. Mary
",B
"The lawsuit bankrupted the company, causing Megan to be let go from their job while Mary was promoted. _ felt depressed and hopeless.

Question: In this sentence, who does the blank refer to?

A. Megan
B. Mary
",A
"John's certification was less important that Jim's degree because the _ was from a minor University.

Question: In this sentence, who does the blank refer to?

A. certification
B. degree
",A
"John's certification was less important that Jim's degree because the _ was from a major University.

Question: In this sentence, who does the blank refer to?

A. certification
B. degree
",B
"They opted not to go to the dance but to the movie instead, the _ seemed like a proper destination for their date.

Question: In this sentence, who does the blank refer to?

A. dance
B. movie
",B
"They opted not to go to the dance but to the movie instead, the _ seemed like an inappropriate destination for their date.

Question: In this sentence, who does the blank refer to?

A. dance
B. movie
",A
"The thermostat showed that it was twenty degrees cooler downstairs than it was upstairs, so Byron stayed in the _ because he was hot.

Question: In this sentence, who does the blank refer to?

A. downstairs
B. upstairs
",A
"The thermostat showed that it was twenty degrees cooler downstairs than it was upstairs, so Byron stayed in the _ because he was cold.

Question: In this sentence, who does the blank refer to?

A. downstairs
B. upstairs
",B
"Michael wanted to take Craig out on the water in his new boat. _ said it would be fun to show him the ropes.

Question: In this sentence, who does the blank refer to?

A. Michael
B. Craig
",A
"Michael wanted to take Craig out on the water in his new boat. _ said it would be confusing to see how the boat works.

Question: In this sentence, who does the blank refer to?

A. Michael
B. Craig
",B
"Come over here and take a look at my scalp today  Natalie told Katrina, _ hates providing her  opinion.

Question: In this sentence, who does the blank refer to?

A. Natalie
B. Katrina
",B
"Come over here and take a look at my scalp today  Natalie told Katrina, _ needs a second opinion.

Question: In this sentence, who does the blank refer to?

A. Natalie
B. Katrina
",A
"The sushi rotted on the counter unless it was put in the cooler, as the _ exposed it to contamination.

Question: In this sentence, who does the blank refer to?

A. counter
B. cooler
",A
"The sushi rotted on the counter unless it was put in the cooler, as the _ protected it from contamination.

Question: In this sentence, who does the blank refer to?

A. counter
B. cooler
",B
"The contract could not be drafted at the business during that day because the _ was too small to care about.

Question: In this sentence, who does the blank refer to?

A. contract
B. business
",A
"The contract could not be drafted at the business during that day because the _ was too big to care about it.

Question: In this sentence, who does the blank refer to?

A. contract
B. business
",B
"Laura always had more motivation in life and achieving goals than Katrina, as _ was optimistic.

Question: In this sentence, who does the blank refer to?

A. Laura
B. Katrina
",A
"Laura always had more motivation in life and achieving goals than Katrina, as _ was lazy.

Question: In this sentence, who does the blank refer to?

A. Laura
B. Katrina
",B
"Ben had to either stop eating chocolates or nuts. He chose to stop eating the _ because they were savory.

Question: In this sentence, who does the blank refer to?

A. chocolates
B. nuts
",B
"Ben had to either stop eating chocolates or nuts. He chose to stop eating the _ because they were sweet.

Question: In this sentence, who does the blank refer to?

A. chocolates
B. nuts
",A
"James was looking if there is any space to put the book into the shelf. The _ is small.

Question: In this sentence, who does the blank refer to?

A. space
B. book
",A
"James was looking if there is any space to put the book into the shelf. The _ is big.

Question: In this sentence, who does the blank refer to?

A. space
B. book
",B
"James was writing a poem on his jotter when the ink finished. The _ is a long .

Question: In this sentence, who does the blank refer to?

A. poem
B. ink
",A
"James was writing a poem on his jotter when the ink finished. The _ is a low.

Question: In this sentence, who does the blank refer to?

A. poem
B. ink
",B
"The couple drank wine out of glasses instead of mugs, because the _ were clean.

Question: In this sentence, who does the blank refer to?

A. mugs
B. glasses
",B
"The couple drank wine out of glasses instead of mugs, because the _ were dirty.

Question: In this sentence, who does the blank refer to?

A. mugs
B. glasses
",A
"Dividing the candy was more difficult than dividing the apples because every kid wanted the _ .

Question: In this sentence, who does the blank refer to?

A. candy
B. apples
",A
"Dividing the candy was more difficult than dividing the apples because no kid wanted the _ .

Question: In this sentence, who does the blank refer to?

A. candy
B. apples
",B
"Brian wanted to be a home based administrative assistant and Kenneth didn't because _ liked staying at home.

Question: In this sentence, who does the blank refer to?

A. Brian
B. Kenneth
",A
"Brian wanted to be a home based administrative assistant and Kenneth didn't because _ did not like staying at home.

Question: In this sentence, who does the blank refer to?

A. Brian
B. Kenneth
",B
"Brian had a large collection of coins that Kevin really admired, so _ asked him for some duplicates.

Question: In this sentence, who does the blank refer to?

A. Brian
B. Kevin
",B
"Brian had a large collection of coins that Kevin really admired, so _ offered him some duplicates.

Question: In this sentence, who does the blank refer to?

A. Brian
B. Kevin
",A
"William forgot about all the times when Ian saved them, despite how _ was generally self-sacrificing.

Question: In this sentence, who does the blank refer to?

A. William
B. Ian
",B
"William forgot about all the times when Ian saved them, because _ was generally self-involved.

Question: In this sentence, who does the blank refer to?

A. William
B. Ian
",A
"Katrina's being taught how to speak Korean by Felicia, so _ was most likely born in Korea.

Question: In this sentence, who does the blank refer to?

A. Katrina
B. Felicia
",B
"Katrina's being taught how to speak Korean by Felicia, so _ was most likely born in the US.

Question: In this sentence, who does the blank refer to?

A. Katrina
B. Felicia
",A
"Jason denied Ian's passport application because _ did not provide the correct paperwork in time.

Question: In this sentence, who does the blank refer to?

A. Jason
B. Ian
",B
"Jason denied Ian's passport application because _ did not receive the correct paperwork in time.

Question: In this sentence, who does the blank refer to?

A. Jason
B. Ian
",A
"I wanted a combination of Vanilla and tea tree essence scents but it smelled like Vanilla because the _ essence was too weak.

Question: In this sentence, who does the blank refer to?

A. Vanilla
B. tea tree
",B
"I wanted a combination of Vanilla and tea tree essence scents but it smelled like Vanilla because the _ essence was too strong.

Question: In this sentence, who does the blank refer to?

A. Vanilla
B. tea tree
",A
"I'd rather play on a soccer team than be a kicker on a foot ball team since the _ ball is harder to kick.

Question: In this sentence, who does the blank refer to?

A. soccer
B. foot
",B
"I'd rather play on a soccer team than be a kicker on a foot ball team since the _ ball is easier to kick.

Question: In this sentence, who does the blank refer to?

A. soccer
B. foot
",A
"Kyle thought the temperature was too warm while William thought it was too cold, so _ turned the heat down.

Question: In this sentence, who does the blank refer to?

A. Kyle
B. William
",A
"Kyle thought the temperature was too warm while William thought it was too cold, so _ turned the heat up.

Question: In this sentence, who does the blank refer to?

A. Kyle
B. William
",B
"William wanted an egg for breakfast, but Kevin ate the last one, so _ had to give them cereal.

Question: In this sentence, who does the blank refer to?

A. William
B. Kevin
",B
"William wanted an egg for breakfast, but Kevin ate the last one, so _ had to eat cereal.

Question: In this sentence, who does the blank refer to?

A. William
B. Kevin
",A
"The woman sprayed cleaner on the mirror but skipped the countertop because the _ was clean.

Question: In this sentence, who does the blank refer to?

A. mirror
B. countertop
",B
"The woman sprayed cleaner on the mirror but skipped the countertop because the _ was dirty.

Question: In this sentence, who does the blank refer to?

A. mirror
B. countertop
",A
"Justin wrote a paragraph in his planner every day unlike Matthew because _ was disorganized.

Question: In this sentence, who does the blank refer to?

A. Justin
B. Matthew
",B
"Justin wrote a paragraph in his planner every day unlike Matthew because _ was organized.

Question: In this sentence, who does the blank refer to?

A. Justin
B. Matthew
",A
"The children could only count the number of balls in one jar and not the beans in the other because the _ were too numerous.

Question: In this sentence, who does the blank refer to?

A. balls
B. beans
",B
"The children could only count the number of balls in one jar and not the beans in the other because the _ were more manageable.

Question: In this sentence, who does the blank refer to?

A. balls
B. beans
",A
"Erin is known an an entrepreneur while Victoria is only an employee because _ owns a business.

Question: In this sentence, who does the blank refer to?

A. Erin
B. Victoria
",A
"Erin is known as an entrepreneur while Victoria is only an employee because _ doesn't yet own a business.

Question: In this sentence, who does the blank refer to?

A. Erin
B. Victoria
",B
"Since _ arrived at work later Dennis would eat their lunch before Adam in the break room at their job.

Question: In this sentence, who does the blank refer to?

A. Dennis
B. Adam
",B
"Since _ arrived at work sooner Dennis would eat their lunch before Adam in the break room at their job.

Question: In this sentence, who does the blank refer to?

A. Dennis
B. Adam
",A
"The stomach of Neil was rumbling, but Samuel seemed fine, due to _ being hungry.

Question: In this sentence, who does the blank refer to?

A. Neil
B. Samuel
",A
"The stomach of Neil was rumbling, but Samuel seemed fine, due to _ being satiated.

Question: In this sentence, who does the blank refer to?

A. Neil
B. Samuel
",B
"After Logan contracted the chickenpox from Joseph so _ spent the day sending nice texts about it.

Question: In this sentence, who does the blank refer to?

A. Logan
B. Joseph
",B
"After Logan contracted the chickenpox from Joseph so _ spent the day sending mean texts about it.

Question: In this sentence, who does the blank refer to?

A. Logan
B. Joseph
",A
"The man wanted to put the luggage in the house but the _ was too small.

Question: In this sentence, who does the blank refer to?

A. house
B. luggage
",A
"The man wanted to put the luggage in the house but the _ was too large.

Question: In this sentence, who does the blank refer to?

A. house
B. luggage
",B
"The experience was totally unforgettable for Betty but not Samantha because _ had dreaded it for months.

Question: In this sentence, who does the blank refer to?

A. Betty
B. Samantha
",B
"The experience was totally unforgettable for Betty but not Samantha because _ had anticipated it for months.

Question: In this sentence, who does the blank refer to?

A. Betty
B. Samantha
",A
"Kyle got a new cell phone and showed it to Leslie because _ was happy about the new phone.

Question: In this sentence, who does the blank refer to?

A. Kyle
B. Leslie
",A
"Kyle got a new cell phone and showed it to Leslie but _ was upset about the new phone.

Question: In this sentence, who does the blank refer to?

A. Kyle
B. Leslie
",B
"When one experiences cramps they can get into a warm bath or use a heating pad, but the _ is more of an inconvenience.

Question: In this sentence, who does the blank refer to?

A. bath
B. heating pad
",A
"When one experiences cramps they can get into a warm bath or use a heating pad, but the _ is more convenient.

Question: In this sentence, who does the blank refer to?

A. bath
B. heating pad
",B
"Neil agreed to help wash Adam's large dog, and _ was very eager to help.

Question: In this sentence, who does the blank refer to?

A. Neil
B. Adam
",A
"Neil agreed to help wash Adam's large dog, and _ was very grateful for the help.

Question: In this sentence, who does the blank refer to?

A. Neil
B. Adam
",B
"Cricket is a favorite past time of Lindsey, while Rachel has never heard of it. _ is more likely to be American.

Question: In this sentence, who does the blank refer to?

A. Lindsey
B. Rachel
",B
"Cricket is a favorite past time of Lindsey, while Rachel has never heard of it. _ is more likely to be British.

Question: In this sentence, who does the blank refer to?

A. Lindsey
B. Rachel
",A
"It was clear that Jessica understood and was entertained by the article from Monica because _ was the reader.

Question: In this sentence, who does the blank refer to?

A. Jessica
B. Monica
",A
"It was clear that Jessica understood and was entertained by the article from Monica because _ was the writer.

Question: In this sentence, who does the blank refer to?

A. Jessica
B. Monica
",B
"In an effort to control kennel cough, Emily sent Maria to get the medication but _ was busy examining the animals.

Question: In this sentence, who does the blank refer to?

A. Emily
B. Maria
",B
"In an effort to control kennel cough, Emily sent Maria to get the medication because _ was busy examining the animals.

Question: In this sentence, who does the blank refer to?

A. Emily
B. Maria
",A
"Jan poured the entire cup of lemon juice into the bowl bananas until the _ was empty.

Question: In this sentence, who does the blank refer to?

A. cup
B. bowl
",A
"Jan poured the entire cup of lemon juice into the bowl bananas until the _ was full.

Question: In this sentence, who does the blank refer to?

A. cup
B. bowl
",B
"The insurance company blamed Leslie instead of Logan for the accident since _ had a green light.

Question: In this sentence, who does the blank refer to?

A. Leslie
B. Logan
",B
"The insurance company blamed Leslie instead of Logan for the accident since _ ran a red light.

Question: In this sentence, who does the blank refer to?

A. Leslie
B. Logan
",A
"The chef decided to store the food in the container but the _ was too large.

Question: In this sentence, who does the blank refer to?

A. food
B. container
",A
"The chef decided to store the food in the container but the _ was too small.

Question: In this sentence, who does the blank refer to?

A. food
B. container
",B
"My sister enjoyed writing on the blog more than in her journal, because the _ for everyone to see.

Question: In this sentence, who does the blank refer to?

A. blog
B. journal
",A
"My sister enjoyed writing on the blog more than in her journal, because the _ for nobody to see.

Question: In this sentence, who does the blank refer to?

A. blog
B. journal
",B
"Derrick spent the entire summer laying on the hot beach, while Jeffrey spent the summer indoors, so _ 's hair had more sun damage.

Question: In this sentence, who does the blank refer to?

A. Derrick
B. Jeffrey
",A
"Derrick spent the entire summer laying on the hot beach, while Jeffrey spent the summer indoors, so _ 's hair had less sun damage.

Question: In this sentence, who does the blank refer to?

A. Derrick
B. Jeffrey
",B
"This menu was very eclectic. They served everything from  a three tiered burger to sushi to omeletes. The _ was juicy.

Question: In this sentence, who does the blank refer to?

A. burger
B. sushi
",A
"This menu was very eclectic. They served everything from  a three tiered burger to sushi to omeletes. The _ was raw.

Question: In this sentence, who does the blank refer to?

A. burger
B. sushi
",B
"the statistics show many females compared to the males are being born everyday, the _ are few.

Question: In this sentence, who does the blank refer to?

A. females
B. males
",B
"the statistics show many females compared to the males are being born everyday, the _ are many.

Question: In this sentence, who does the blank refer to?

A. females
B. males
",A
"Robert made the choice to buy Neil's house, so _ had a lot more money in the bank afterwards.

Question: In this sentence, who does the blank refer to?

A. Robert
B. Neil
",B
"Robert made the choice to buy Neil's house, so _ had a lot less money in the bank afterwards.

Question: In this sentence, who does the blank refer to?

A. Robert
B. Neil
",A
"The medical exam for the broken arm was longer than the exam on the heart because the _ was a serious problem.

Question: In this sentence, who does the blank refer to?

A. heart
B. arm
",B
"The medical exam for the broken arm was shorter than the exam on the heart because the _ was a serious problem.

Question: In this sentence, who does the blank refer to?

A. heart
B. arm
",A
"When opening up about their crushes, Kenneth sighed at Jeffrey because _ forgot who their crush was.

Question: In this sentence, who does the blank refer to?

A. Kenneth
B. Jeffrey
",B
"When opening up about their crushes, Kenneth laughed at Jeffrey because _ remembered who their crush was.

Question: In this sentence, who does the blank refer to?

A. Kenneth
B. Jeffrey
",A
"Jack loved math and disliked social sciences, so when deciding to take sociology or math that semester, the counselor entered the _ because Jack was receptive to it.

Question: In this sentence, who does the blank refer to?

A. math
B. sociology
",A
"Jack loved math and disliked social sciences, so when deciding to take sociology or math that semester, the counselor deleted the _ because Jack was resistant to it.

Question: In this sentence, who does the blank refer to?

A. math
B. sociology
",B
"Christopher wanted to be a specialist but not Adam because _ had an interest in a limited number of subjects.

Question: In this sentence, who does the blank refer to?

A. Christopher
B. Adam
",A
"Christopher wanted to be a specialist but not Adam because _ had an interest in a many number of subjects.

Question: In this sentence, who does the blank refer to?

A. Christopher
B. Adam
",B
"Megan enjoyed summer while Felicia did not.   _  spent much time indoors.

Question: In this sentence, who does the blank refer to?

A. Megan
B. Felicia
",B
"Megan enjoyed summer while Felicia did not.  _  spent much time at the beach.

Question: In this sentence, who does the blank refer to?

A. Megan
B. Felicia
",A
"John could not remove the wallpaper attached to the wall with a glue without the wallpaper tearing apart. The _ is weak.

Question: In this sentence, who does the blank refer to?

A. glue
B. wallpaper
",B
"John could not remove the wallpaper attached to the wall with a glue without the wallpaper tearing apart. The _ is strong.

Question: In this sentence, who does the blank refer to?

A. glue
B. wallpaper
",A
"The counselor treated the child who suffered from abuse by giving her a teddy instead of a blanket because the _ was boring.

Question: In this sentence, who does the blank refer to?

A. teddy
B. blanket
",B
"The counselor treated the child who suffered from abuse by giving her a teddy instead of a blanket because the _ was comforting.

Question: In this sentence, who does the blank refer to?

A. teddy
B. blanket
",A
"John cared for the pot while it was being transported in the box but it eventually got broken. The _ is hard.

Question: In this sentence, who does the blank refer to?

A. pot
B. box
",B
"John cared for the pot while it was being transported in the box but it eventually got broken. The _ is fragile.

Question: In this sentence, who does the blank refer to?

A. pot
B. box
",A
"Donald offered Leslie their last stick of  mint gum as _ had a minty breath already.

Question: In this sentence, who does the blank refer to?

A. Donald
B. Leslie
",A
"Donald offered Leslie their last sick some mint gum as _ had a stinky breath already.

Question: In this sentence, who does the blank refer to?

A. Donald
B. Leslie
",B
"After Samuel won the cherry jam contest, Kyle still believed they should have won since _ sweetened with low calorie sweetener and the judges went by taste.

Question: In this sentence, who does the blank refer to?

A. Samuel
B. Kyle
",B
"After Samuel won the cherry jam contest, Kyle still believed they should have won since _ sweetened with high calorie sweetener and the judges went by taste.

Question: In this sentence, who does the blank refer to?

A. Samuel
B. Kyle
",A
"Felicia looked sad and disappointed after she asked Christine refused to be her girlfriend because _ liked her.

Question: In this sentence, who does the blank refer to?

A. Felicia
B. Christine
",A
"Felicia looked sad and disappointed after she asked Christine refused to be her girlfriend because _ she was not lesbian.

Question: In this sentence, who does the blank refer to?

A. Felicia
B. Christine
",B
"Matthew wants to sell Kevin tickets to the football game because _ needs the money.

Question: In this sentence, who does the blank refer to?

A. Matthew
B. Kevin
",A
"Matthew wants to sell Kevin tickets to the football game but _ has no money.

Question: In this sentence, who does the blank refer to?

A. Matthew
B. Kevin
",B
"Elena told Natalie to put the hood of her jacket up because _ was likely to get cold.

Question: In this sentence, who does the blank refer to?

A. Elena
B. Natalie
",B
"Elena told Natalie to put the hood of her jacket up because _ didn't want her to get cold.

Question: In this sentence, who does the blank refer to?

A. Elena
B. Natalie
",A
"Lawrence made a bowl at the pottery store and Randy accidentally broke it. _ decided to make another.

Question: In this sentence, who does the blank refer to?

A. Lawrence
B. Randy
",A
"Lawrence made a bowl at the pottery store and Randy accidentally broke it. _ offered to make another.

Question: In this sentence, who does the blank refer to?

A. Lawrence
B. Randy
",B
"The node on the head needed medication applied to its area because the _ was swollen.

Question: In this sentence, who does the blank refer to?

A. node
B. medication
",A
"The node on the head needed medication applied to its area because the _ would contract it.

Question: In this sentence, who does the blank refer to?

A. node
B. medication
",B
"Sue traditionally donated old clothes to her favorite charity but in recent years has just written them checks as the _ were better received.

Question: In this sentence, who does the blank refer to?

A. checks
B. clothes
",A
"Sue traditionally donated old clothes to her favorite charity but in recent years has just written them checks as the _ were worse received.

Question: In this sentence, who does the blank refer to?

A. checks
B. clothes
",B
"Matthew offered to help write a fitness plan for Christopher because _ was out of shape.

Question: In this sentence, who does the blank refer to?

A. Matthew
B. Christopher
",B
"Matthew offered to help write a fitness plan for Christopher because _ was a personal trainer.

Question: In this sentence, who does the blank refer to?

A. Matthew
B. Christopher
",A
"The waves destroyed the garage but left the house intact because the _ was so close to the shore.

Question: In this sentence, who does the blank refer to?

A. garage
B. house
",A
"The waves destroyed the garage but left the house intact because the _ was so far from the shore.

Question: In this sentence, who does the blank refer to?

A. garage
B. house
",B
"Katrina sells Maria a rug at the local flea market because _ is a customer.

Question: In this sentence, who does the blank refer to?

A. Katrina
B. Maria
",B
"Katrina sells Maria a rug at the local flea market because _ is a vendor.

Question: In this sentence, who does the blank refer to?

A. Katrina
B. Maria
",A
"Joan's grandmother always wanted a hug and a kiss, but Joan preferred the _ because she was afraid of germs.

Question: In this sentence, who does the blank refer to?

A. kiss
B. hug
",B
"Joan's grandmother always wanted a hug and a kiss, but Joan didn't like the _ because she was afraid of germs.

Question: In this sentence, who does the blank refer to?

A. kiss
B. hug
",A
"The library kept an enormous collection of novels but not comics because the _ were dull.

Question: In this sentence, who does the blank refer to?

A. novels
B. comics
",B
"The library kept an enormous collection of novels but not comics because the _ were popular.

Question: In this sentence, who does the blank refer to?

A. novels
B. comics
",A
"Carrie's store has more loyal customers than Patricia's store does because _ 's store is older.

Question: In this sentence, who does the blank refer to?

A. Carrie
B. Patricia
",A
"Carrie's store has more loyal customers than Patricia's store does because _ 's store is newer.

Question: In this sentence, who does the blank refer to?

A. Carrie
B. Patricia
",B
"Christine didn't pass the lie detection test that Jessica did because _ had something to hide.

Question: In this sentence, who does the blank refer to?

A. Christine
B. Jessica
",A
"Christine didn't pass the lie detection test that Jessica did because _ had nothing to hide.

Question: In this sentence, who does the blank refer to?

A. Christine
B. Jessica
",B
"Carrie faced the fan away from Angela because _ was getting too warm in the kitchen.

Question: In this sentence, who does the blank refer to?

A. Carrie
B. Angela
",A
"Carrie faced the fan toward Angela because _ was getting too warm in the kitchen.

Question: In this sentence, who does the blank refer to?

A. Carrie
B. Angela
",B
"The winter made Jason's hands dry, but not Leslie's, since _ always forgot to moisturize at night.

Question: In this sentence, who does the blank refer to?

A. Jason
B. Leslie
",A
"The winter made Jason's hands dry, but not Leslie's, since _ never forgot to moisturize at night.

Question: In this sentence, who does the blank refer to?

A. Jason
B. Leslie
",B
"Because Carrie lost a bet to Cynthia over the basketball game, _ spent hours having the cleaning done for them.

Question: In this sentence, who does the blank refer to?

A. Carrie
B. Cynthia
",B
"Because Carrie lost a bet to Cynthia over the basketball game, _ spent hours doing the cleaning.

Question: In this sentence, who does the blank refer to?

A. Carrie
B. Cynthia
",A
"I would rather listen to the radio than watch the TV at night since I find the _ disruptive.

Question: In this sentence, who does the blank refer to?

A. radio
B. TV
",B
"I would rather listen to the radio than watch the TV at night since I find the _ soothing.

Question: In this sentence, who does the blank refer to?

A. radio
B. TV
",A
"Randy started his own business while Ryan worked for someone else so _ had self-employment taxes.

Question: In this sentence, who does the blank refer to?

A. Randy
B. Ryan
",A
"Randy started his own business while Ryan worked for someone else so _ had W4 taxes.

Question: In this sentence, who does the blank refer to?

A. Randy
B. Ryan
",B
"Her boyfriend regretted buying her a jacket and got her a new hat instead, as he knew she thought the _ was a perfect match for her wardrobe.

Question: In this sentence, who does the blank refer to?

A. jacket
B. hat
",B
"Her boyfriend regretted buying her a jacket and got her a new hat instead, as he knew she thought the _ was a bad match for her wardrobe.

Question: In this sentence, who does the blank refer to?

A. jacket
B. hat
",A
"Monica wanted to use a vacuum to clean the floor, but Victoria wanted to use a broom. _ cleaned the floor much slower.

Question: In this sentence, who does the blank refer to?

A. Monica
B. Victoria
",B
"Monica wanted to use a vacuum to clean the floor, but Victoria wanted to use a broom. _ cleaned the floor much quicker.

Question: In this sentence, who does the blank refer to?

A. Monica
B. Victoria
",A
"I used several sprays to get rid of the bedbugs but they didn't work, because the _ were powerless.

Question: In this sentence, who does the blank refer to?

A. sprays
B. bedbugs
",A
"I used several sprays to get rid of the bedbugs but they didn't work, because the _ were powerful.

Question: In this sentence, who does the blank refer to?

A. sprays
B. bedbugs
",B
"Monica enjoyed watching Western films while Natalie enjoyed romantic ones more because _ grew up on a farm.

Question: In this sentence, who does the blank refer to?

A. Monica
B. Natalie
",A
"Monica enjoyed watching Western films while Natalie enjoyed romantic ones more because _ grew up watching soap operas.

Question: In this sentence, who does the blank refer to?

A. Monica
B. Natalie
",B
"There were more books at the library than at the bookstore because the _ was bigger.

Question: In this sentence, who does the blank refer to?

A. library
B. bookstore
",A
"There were more books at the library than at the bookstore because the _ was smaller.

Question: In this sentence, who does the blank refer to?

A. library
B. bookstore
",B
"Drawing was a talent of Sarah but not Carrie so _ was always eager to see her artwork .

Question: In this sentence, who does the blank refer to?

A. Sarah
B. Carrie
",B
"Drawing was a talent of Sarah but not Carrie so _ was always eager to show her her artwork .

Question: In this sentence, who does the blank refer to?

A. Sarah
B. Carrie
",A
"Emily spent a lot of money on their smartphone but Rachel bought a cheap one because _ was very dowdy.

Question: In this sentence, who does the blank refer to?

A. Emily
B. Rachel
",B
"Emily spent a lot of money on their smartphone but Rachel bought a cheap one because _ was very stylish.

Question: In this sentence, who does the blank refer to?

A. Emily
B. Rachel
",A
"Tea and coffee should be drunk out of different vessels, cups and mugs respectively. Coffee is usually served in the _ , with milk and sometimes sugar.

Question: In this sentence, who does the blank refer to?

A. cup
B. mug
",B
"Tea and coffee should be drunk out of different vessels, cups and mugs respectively. Tea is usually served in the _ , with milk and sometimes sugar.

Question: In this sentence, who does the blank refer to?

A. cup
B. mug
",A
"Neil asked Michael what it was like to go to war because _ was a pacifist.

Question: In this sentence, who does the blank refer to?

A. Neil
B. Michael
",A
"Neil asked Michael what it was like to go to war because _ was ex-military.

Question: In this sentence, who does the blank refer to?

A. Neil
B. Michael
",B
"I went into the mine looking for diamonds but all I found was quartz and topaz.  I settled on the _ because it was almost clear.

Question: In this sentence, who does the blank refer to?

A. topaz
B. quartz
",B
"I went into the mine looking for diamonds but all I found was quartz and topaz.  I settled on the _ because it shined yellow.

Question: In this sentence, who does the blank refer to?

A. topaz
B. quartz
",A
"The chef thinks it's more healthy to eat apples than beets, so he hates putting the _ in his smoothies.

Question: In this sentence, who does the blank refer to?

A. apples
B. beets
",B
"The chef thinks it's more healthy to eat apples than beets, so he likes putting the _ in his smoothies.

Question: In this sentence, who does the blank refer to?

A. apples
B. beets
",A
"Jennifer was at risk of encountering a shark during their swim, but Emily was not, because _ swam in the ocean.

Question: In this sentence, who does the blank refer to?

A. Jennifer
B. Emily
",A
"Jennifer was at risk of encountering a shark during their swim, but Emily was not, because _ swam in the lake.

Question: In this sentence, who does the blank refer to?

A. Jennifer
B. Emily
",B
"The documents contained in the files could not fit properly. The _ were too small.

Question: In this sentence, who does the blank refer to?

A. Files
B. Documents
",A
"The documents contained in the files could not fit properly. The _ were too large.

Question: In this sentence, who does the blank refer to?

A. Files
B. Documents
",B
"Avid bookworms, Lawrence read fiction while Jason read non-fiction. _ liked to escape into an imaginary world.

Question: In this sentence, who does the blank refer to?

A. Lawrence
B. Jason
",A
"Avid bookworms, Lawrence read fiction while Jason read non-fiction. _ struggled to escape into an imaginary world.

Question: In this sentence, who does the blank refer to?

A. Lawrence
B. Jason
",B
"Mary only wore stripes to work and not plaids because the _ made her look sloppy.

Question: In this sentence, who does the blank refer to?

A. plaids
B. stripes
",A
"Mary only wore stripes to work and not plaids because the _ made her look professional.

Question: In this sentence, who does the blank refer to?

A. plaids
B. stripes
",B
"The bumper on the car shone brighter than the handle on the car because the _ was dirtier.

Question: In this sentence, who does the blank refer to?

A. bumper
B. handle
",B
"The bumper on the car shone brighter than the handle on the car because the _ was cleaner.

Question: In this sentence, who does the blank refer to?

A. bumper
B. handle
",A
"Ian is making a pool party for Neil and needs to raise pH in a pool, so _ could safely enjoy party.

Question: In this sentence, who does the blank refer to?

A. Ian
B. Neil
",B
"Ian is making a pool party for Neil and needs to raise pH in a pool, so _ buys pH raising preparates.

Question: In this sentence, who does the blank refer to?

A. Ian
B. Neil
",A
"While Billie brought a pencil, I brought a pen to the realtor’s office. I gave Billie my pen and she gladly used the _ to sign the document.

Question: In this sentence, who does the blank refer to?

A. pencil
B. pen
",B
"While Billie brought a pencil, I brought a pen to the realtor’s office. I gave Billie my pen but she stubbornly used  the _ to sign the document.

Question: In this sentence, who does the blank refer to?

A. pencil
B. pen
",A
"No one was able to enjoy the story and we started to listen to the music. The _ is boring.

Question: In this sentence, who does the blank refer to?

A. story
B. music
",A
"No one was able to enjoy the story and we started to listen to the music. The _ is interesting.

Question: In this sentence, who does the blank refer to?

A. story
B. music
",B
"The teeth of Katrina are more yellow than Laura's due to _ drinking mostly water all the time.

Question: In this sentence, who does the blank refer to?

A. Katrina
B. Laura
",B
"The teeth of Katrina are more yellow than Laura's due to _ drinking mostly coffee all the time.

Question: In this sentence, who does the blank refer to?

A. Katrina
B. Laura
",A
"It was necessary to hit the iron with the sledgehammer after the _ got heated.

Question: In this sentence, who does the blank refer to?

A. iron
B. sledgehammer
",A
"It was necessary to hit the iron with the sledgehammer before the _ got heated.

Question: In this sentence, who does the blank refer to?

A. iron
B. sledgehammer
",B
"Kevin didn't consider the costs when they bought the house from Derrick, so _ was rid of the money pit.

Question: In this sentence, who does the blank refer to?

A. Kevin
B. Derrick
",B
"Kevin didn't consider the costs when they bought the house from Derrick, so _ was stuck with the money pit.

Question: In this sentence, who does the blank refer to?

A. Kevin
B. Derrick
",A
"Robert helped create an internet viral video sensation of Kyle when _ danced in video.

Question: In this sentence, who does the blank refer to?

A. Robert
B. Kyle
",B
"Robert helped create an internet viral video sensation of Kyle when _ directed the video.

Question: In this sentence, who does the blank refer to?

A. Robert
B. Kyle
",A
"Rebecca invited Maria to a concert, then _ had to get permission to attend from their parents.

Question: In this sentence, who does the blank refer to?

A. Rebecca
B. Maria
",B
"Rebecca was invited to a concert by Maria, then _ had to get permission to attend from their parents.

Question: In this sentence, who does the blank refer to?

A. Rebecca
B. Maria
",A
"Betty was able to hold the pigeon longer than Angela because _ is scared of birds.

Question: In this sentence, who does the blank refer to?

A. Betty
B. Angela
",B
"Betty was able to hold the pigeon longer than Angela because _ wasn't scared of birds.

Question: In this sentence, who does the blank refer to?

A. Betty
B. Angela
",A
"Nick gets jock itch a lot, while Jason has never even worn a jock strap. _ is the artist.

Question: In this sentence, who does the blank refer to?

A. Nick
B. Jason
",B
"Nick gets jock itch a lot, while Jason has never even worn a jock strap. _ is the athlete.

Question: In this sentence, who does the blank refer to?

A. Nick
B. Jason
",A
"The theraband that Jill purchased for herself would not fit around her leg, the _ was too wide.

Question: In this sentence, who does the blank refer to?

A. theraband
B. leg
",B
"The theraband that Jill purchased for herself would not fit around her leg, the _ was too narrow.

Question: In this sentence, who does the blank refer to?

A. theraband
B. leg
",A
"James could not get the bag closed because of the clothe in it. The _ is small.

Question: In this sentence, who does the blank refer to?

A. cloth
B. bag
",B
"James could not get the bag closed because of the clothe in it. The _ is plenty.

Question: In this sentence, who does the blank refer to?

A. cloth
B. bag
",A
"Michelle made her biscuits with shortening and no butter at all, because she thought the _ made them taste lighter.

Question: In this sentence, who does the blank refer to?

A. butter
B. shortening
",B
"Michelle made her biscuits with shortening and no butter at all, because she thought the _ made them too heavy.

Question: In this sentence, who does the blank refer to?

A. butter
B. shortening
",A
"Dennis has been away on vacation, while Nelson stayed home so the lettuce in _ 's fridge was rotten.

Question: In this sentence, who does the blank refer to?

A. Dennis
B. Nelson
",A
"Dennis has been away on vacation, while Nelson stayed at home so the lettuce in _ 's fridge was used to make a salad.

Question: In this sentence, who does the blank refer to?

A. Dennis
B. Nelson
",B
"Jen put her derma roller into the water, so that the cleaner could sterilize it with the _ .

Question: In this sentence, who does the blank refer to?

A. derma roller
B. water
",B
"Jen put her derma roller into the water, so that the cleaner could sterilize the _ .

Question: In this sentence, who does the blank refer to?

A. derma roller
B. water
",A
"The case James used to carry the file still got more space in it. I wonder why he chose the _ that is small.

Question: In this sentence, who does the blank refer to?

A. case
B. file
",B
"The case James used to carry the file still got more space in it. I wonder why he chose the _ that is big.

Question: In this sentence, who does the blank refer to?

A. case
B. file
",A
"Learning to play a glockenspiel was instinctual for Derrick but not Adam because _ is arty.

Question: In this sentence, who does the blank refer to?

A. Derrick
B. Adam
",A
"Learning to play a glockenspiel was instinctual for Derrick but not Adam because _ is unmusical.

Question: In this sentence, who does the blank refer to?

A. Derrick
B. Adam
",B
"My knee joint is less injured than my ankle joint so I'm trying not to put too much stress on the _ if I can help it.

Question: In this sentence, who does the blank refer to?

A. knee joint
B. ankle joint
",B
"My knee joint is more injured than my ankle joint so I'm trying not to put too much stress on the _ if I can help it.

Question: In this sentence, who does the blank refer to?

A. knee joint
B. ankle joint
",A
"Donald didn't like to keep clean the way Matthew did, so _ tended to smell nice.

Question: In this sentence, who does the blank refer to?

A. Donald
B. Matthew
",B
"Donald didn't like to keep clean the way Matthew did, so _ tended to smell nasty.

Question: In this sentence, who does the blank refer to?

A. Donald
B. Matthew
",A
"The man realized he had gotten the lens for his glasses instead of his camera, the _ lens was much thicker.

Question: In this sentence, who does the blank refer to?

A. camera
B. glasses
",A
"The man realized he had gotten the lens for his glasses instead of his camera, the _ lens was much thinner.

Question: In this sentence, who does the blank refer to?

A. camera
B. glasses
",B
"Sunday afternoon Laura made some buttermilk biscuits for Victoria, and _ made quick work of making them.

Question: In this sentence, who does the blank refer to?

A. Laura
B. Victoria
",A
"Sunday afternoon Laura made some buttermilk biscuits for Victoria, and _ made quick work of eating them.

Question: In this sentence, who does the blank refer to?

A. Laura
B. Victoria
",B
"To cope with her problems the teenager wrote in the journal and not the diary since the _ 's pages were bigger.

Question: In this sentence, who does the blank refer to?

A. journal
B. diary
",A
"To cope with her problems the teenager wrote in the journal and not the diary since the _ 's pages were smaller.

Question: In this sentence, who does the blank refer to?

A. journal
B. diary
",B
"Bob tore his shirt that was a night shirt. He decided to get a tuxedo shirt because the _ is new.

Question: In this sentence, who does the blank refer to?

A. night shirt
B. tuxedo shirt
",B
"Bob tore his shirt that was a night shirt. He decided to get a tuxedo shirt because the _ is old.

Question: In this sentence, who does the blank refer to?

A. night shirt
B. tuxedo shirt
",A
"Hunter was suicidal and Robert responded for the reason that _ had never been in this critical situation.

Question: In this sentence, who does the blank refer to?

A. Hunter
B. Robert
",A
"Hunter was suicidal and Robert responded for the reason that _ had previously been in this critical situation.

Question: In this sentence, who does the blank refer to?

A. Hunter
B. Robert
",B
"Rachel included Tanya in her YouTube video, but _ was furious because she had failed to obtain permission.

Question: In this sentence, who does the blank refer to?

A. Rachel
B. Tanya
",B
"Rachel included Tanya in her YouTube video, but _ was sorry because she had failed to obtain permission.

Question: In this sentence, who does the blank refer to?

A. Rachel
B. Tanya
",A
"A conductor on the train Felicia has been for years today Elena will present them with a award _ is being honored.

Question: In this sentence, who does the blank refer to?

A. Felicia
B. Elena
",A
"A conductor on the train Felicia has been for years today Elena will present them with a award, _ is honored to be presenting..

Question: In this sentence, who does the blank refer to?

A. Felicia
B. Elena
",B
"The police could escort the prisoner to the gate but not to the cell, as entry to _ was permitted .

Question: In this sentence, who does the blank refer to?

A. gate
B. cell
",A
"The police could escort the prisoner to the gate but not to the cell, as entry to _ was forbidden .

Question: In this sentence, who does the blank refer to?

A. gate
B. cell
",B
"When Brenda coated her wood panels with varnish, the concrete surface beneath got stained. The varnish protected and beautified the _ .

Question: In this sentence, who does the blank refer to?

A. wood
B. concrete
",A
"When Brenda coated her wood panels with varnish, the concrete surface beneath got stained. The varnish harmed and uglified the _ .

Question: In this sentence, who does the blank refer to?

A. wood
B. concrete
",B
"John was eager to put his fish in the new fish tank on a table but the _ was too delicate.

Question: In this sentence, who does the blank refer to?

A. table
B. tank
",A
"John was eager to put his fish in the new fish tank on a table but the _ was too heavy.

Question: In this sentence, who does the blank refer to?

A. table
B. tank
",B
"The tea was hurting Ben's teeth, though the coffee was not because the _ was loaded with sugar.

Question: In this sentence, who does the blank refer to?

A. tea
B. coffee
",A
"The tea was hurting Ben's teeth, though the coffee was not because the _ was lacking any sugar.

Question: In this sentence, who does the blank refer to?

A. tea
B. coffee
",B
"He preferred to clean with the soap instead of the body wash, because the _ left him feeling itchy.

Question: In this sentence, who does the blank refer to?

A. body wash
B. soap
",A
"He preferred to clean with the soap instead of the body wash, because the _ left him feeling refreshed.

Question: In this sentence, who does the blank refer to?

A. body wash
B. soap
",B
"Katrina loaned their jacket to Carrie during the cold night, although _ was feeling cold themselves.

Question: In this sentence, who does the blank refer to?

A. Katrina
B. Carrie
",A
"Katrina loaned their jacket to Carrie during the cold night, because _ was feeling cold.

Question: In this sentence, who does the blank refer to?

A. Katrina
B. Carrie
",B
"Adam had to schedule a visit a dermatologist but Joseph didn't because _ had bad skin.

Question: In this sentence, who does the blank refer to?

A. Adam
B. Joseph
",A
"Adam had to schedule a visit a dermatologist but Joseph didn't because _ had good skin.

Question: In this sentence, who does the blank refer to?

A. Adam
B. Joseph
",B
"Nancy preferred to eat popcorn rather than candy at the movies because the _ is sweet.

Question: In this sentence, who does the blank refer to?

A. popcorn
B. candy
",B
"Nancy preferred to eat popcorn rather than candy at the movies because the _ is salty.

Question: In this sentence, who does the blank refer to?

A. popcorn
B. candy
",A
"The project meant Emily collaborated with Victoria, who was not excited. _ hated working with others.

Question: In this sentence, who does the blank refer to?

A. Emily
B. Victoria
",B
"The project meant Emily collaborated with Victoria, who was not excited. _ loved working with others.

Question: In this sentence, who does the blank refer to?

A. Emily
B. Victoria
",A
"While Maria rode the bus to work, Megan rode a motorcycle because _ had an unexpired license.

Question: In this sentence, who does the blank refer to?

A. Maria
B. Megan
",B
"While Maria rode the bus to work, Megan rode a motorcycle because _ had an expired license.

Question: In this sentence, who does the blank refer to?

A. Maria
B. Megan
",A
"Steven only had one ear but Jeffrey had two. This meant that _ was very lopsided.

Question: In this sentence, who does the blank refer to?

A. Steven
B. Jeffrey
",A
"Steven only had one ear but Jeffrey had two. This meant that _ was very symmetrical.

Question: In this sentence, who does the blank refer to?

A. Steven
B. Jeffrey
",B
"Kevin repaired the wooden  furniture for Kyle last week since _ was an expert carpenter.

Question: In this sentence, who does the blank refer to?

A. Kevin
B. Kyle
",B
"Kevin repaired the wooden furniture for Kyle last week since _ needed an expert carpenter.

Question: In this sentence, who does the blank refer to?

A. Kevin
B. Kyle
",A
"Eric thought the clothes looked very nice but Kevin did not agree. _ didn't buy the clothes.

Question: In this sentence, who does the blank refer to?

A. Eric
B. Kevin
",B
"Eric thought the clothes looked very nice but Kevin did not agree. _ bought the clothes.

Question: In this sentence, who does the blank refer to?

A. Eric
B. Kevin
",A
"Jessica often experiences severe nausea, Victoria does not therefore _ does not ride roller coasters.

Question: In this sentence, who does the blank refer to?

A. Jessica
B. Victoria
",A
"Jessica often experiences severe nausea, Victoria does not therefore _ often rides big roller coasters.

Question: In this sentence, who does the blank refer to?

A. Jessica
B. Victoria
",B
"The system that Jeffrey used was amazing compared to Randy, because _ system was lower end.

Question: In this sentence, who does the blank refer to?

A. Jeffrey
B. Randy
",B
"The system that Jeffrey used was amazing compared to Randy, because _ system was higher end.

Question: In this sentence, who does the blank refer to?

A. Jeffrey
B. Randy
",A
"It took Jerry longer to shampoo his hair than his beard although the _ was bushy.

Question: In this sentence, who does the blank refer to?

A. hair
B. beard
",B
"It took Jerry longer to shampoo his hair than his beard although the _ was shaved short.

Question: In this sentence, who does the blank refer to?

A. hair
B. beard
",A
"Have you ever been on  a nature walk Samantha asked Tanya , _ is giving a reply to a question.

Question: In this sentence, who does the blank refer to?

A. Samantha
B. Tanya
",B
"Have you ever been on  a nature walk Samantha asked Tanya , _ is waiting for a reply to a question.

Question: In this sentence, who does the blank refer to?

A. Samantha
B. Tanya
",A
"Ben was choosing between a clothing business and a fitness business. He ended up opening the _ business because it was healthy.

Question: In this sentence, who does the blank refer to?

A. fitness
B. clothing
",A
"Ben was choosing between a clothing business and a fitness business. He ended up opening the _ business because it was unhealthy.

Question: In this sentence, who does the blank refer to?

A. fitness
B. clothing
",B
"Jason was going to a job interview after being prepped by Logan. _ was proud.

Question: In this sentence, who does the blank refer to?

A. Jason
B. Logan
",B
"Jason was going to a job interview after being prepped by Logan. _ was grateful.

Question: In this sentence, who does the blank refer to?

A. Jason
B. Logan
",A
"Adam found the blue joke that Steven offensive, because _ was aware of their own privilege.

Question: In this sentence, who does the blank refer to?

A. Adam
B. Steven
",A
"Adam found the blue joke that Steven offensive, because _ was unaware of their own privilege.

Question: In this sentence, who does the blank refer to?

A. Adam
B. Steven
",B
"Mary had a better body and was more of a showoff than Emily. _ hates wearing bikinis to the beach.

Question: In this sentence, who does the blank refer to?

A. Mary
B. Emily
",B
"Mary had a better body and was more of a showoff than Emily. _ loves wearing bikinis to the beach.

Question: In this sentence, who does the blank refer to?

A. Mary
B. Emily
",A
"Adam adored his grandmother, William.  _ decided he would surprise her with a trip to Europe.

Question: In this sentence, who does the blank refer to?

A. Adam
B. William
",A
"Adam adored his grandmother, William.  _ got a big surprise with a trip to Europe.

Question: In this sentence, who does the blank refer to?

A. Adam
B. William
",B
"Eric was easier to amuse than Justin because _ had a great sense of humor.

Question: In this sentence, who does the blank refer to?

A. Eric
B. Justin
",A
"Eric was easier to amuse than Justin because _ had a bad sense of humor.

Question: In this sentence, who does the blank refer to?

A. Eric
B. Justin
",B
"The payments were made by Jason to Dennis, as _ had borrowed so much money in the past.

Question: In this sentence, who does the blank refer to?

A. Jason
B. Dennis
",A
"The payments were made by Jason to Dennis, as _ had lent so much money in the past.

Question: In this sentence, who does the blank refer to?

A. Jason
B. Dennis
",B
"Victoria was disgusted because of the odor of Sarah, and _ did not want to be around them.

Question: In this sentence, who does the blank refer to?

A. Victoria
B. Sarah
",A
"Victoria was disgusted because of the odor of Sarah, and _ was ashamed to be around them.

Question: In this sentence, who does the blank refer to?

A. Victoria
B. Sarah
",B
"Tina asked guests to take off their shoes when entering the house because she had a new carpet. She said the _ couldn't get dirty.

Question: In this sentence, who does the blank refer to?

A. shoes
B. carpet
",B
"Tina asked guests to take off their shoes when entering the house because she had a new carpet. She said the _ were often dirty.

Question: In this sentence, who does the blank refer to?

A. shoes
B. carpet
",A
"Samantha won the dance competition over Jennifer for the reason that _ had a superior sense of rhythm.

Question: In this sentence, who does the blank refer to?

A. Samantha
B. Jennifer
",A
"Samantha won the dance competition over Jennifer for the reason that _ had a bad sense of rhythm.

Question: In this sentence, who does the blank refer to?

A. Samantha
B. Jennifer
",B
"Jessica was thinner than Rebecca because _ ate chocolate almost every day as a snack.

Question: In this sentence, who does the blank refer to?

A. Jessica
B. Rebecca
",B
"Jessica was fatter than Rebecca because _ ate chocolate almost every day as a snack.

Question: In this sentence, who does the blank refer to?

A. Jessica
B. Rebecca
",A
"Tanya couldn't stretch as far down as Jennifer because _ was had a very flexible body.

Question: In this sentence, who does the blank refer to?

A. Tanya
B. Jennifer
",B
"Tanya couldn't stretch as far down as Jennifer because _ was had a very rigid body.

Question: In this sentence, who does the blank refer to?

A. Tanya
B. Jennifer
",A
"Ben had to stop driving his car or motorcycle. He chose to stop the _ because it was safe.

Question: In this sentence, who does the blank refer to?

A. motorcycle
B. car
",B
"Ben had to stop driving his car or motorcycle. He chose to stop the _ because it was risky.

Question: In this sentence, who does the blank refer to?

A. motorcycle
B. car
",A
"Randy is better at playing pretend with kids than Kenneth because _ is a more serious person.

Question: In this sentence, who does the blank refer to?

A. Randy
B. Kenneth
",B
"Randy is better at playing pretend with kids than Kenneth because _ is a more creative person.

Question: In this sentence, who does the blank refer to?

A. Randy
B. Kenneth
",A
"James needed a bigger box to collect the silver he exchanged for the gold because the _ is bigger.

Question: In this sentence, who does the blank refer to?

A. silver
B. gold
",A
"James needed a bigger box to collect the silver he exchanged for the gold because the _ is smaller.

Question: In this sentence, who does the blank refer to?

A. silver
B. gold
",B
"More birds were in the garden than in the park because the _ only had grass.

Question: In this sentence, who does the blank refer to?

A. garden
B. park
",B
"More birds were in the garden than in the park because the _ had fresh fruit.

Question: In this sentence, who does the blank refer to?

A. garden
B. park
",A
"Kayla decided to talk to her daughter Sarah about puberty, because _ found out she had just gotten her first period.

Question: In this sentence, who does the blank refer to?

A. Kayla
B. Sarah
",A
"Kayla decided to talk to her daughter Sarah about puberty, because _ said she had just gotten her first period.

Question: In this sentence, who does the blank refer to?

A. Kayla
B. Sarah
",B
"Pam's lizard caught his tail in the door and ran under the couch instead of the chair, because the _ was scarier.

Question: In this sentence, who does the blank refer to?

A. couch
B. chair
",B
"Pam's lizard caught his tail in the door and ran under the couch instead of the chair, because the _ was safer.

Question: In this sentence, who does the blank refer to?

A. couch
B. chair
",A
"Jeffrey asked Joel to express their feelings in a more productive manner, but _ was actually the one being reasonable.

Question: In this sentence, who does the blank refer to?

A. Jeffrey
B. Joel
",B
"Jeffrey asked Joel to express their feelings in a more productive manner, but _ was actually the one being petty.

Question: In this sentence, who does the blank refer to?

A. Jeffrey
B. Joel
",A
"Jennifer was better at playing sports than Laura was although _ was much more athletic.

Question: In this sentence, who does the blank refer to?

A. Jennifer
B. Laura
",B
"Jennifer was better at playing sports than Laura was because _ was much more athletic.

Question: In this sentence, who does the blank refer to?

A. Jennifer
B. Laura
",A
"The football was flying higher than the basketball as it went through the air. The _ was lighter.

Question: In this sentence, who does the blank refer to?

A. football
B. basketball
",A
"The football was flying higher than the basketball as it went through the air. The _ was heavier.

Question: In this sentence, who does the blank refer to?

A. football
B. basketball
",B
"Dennis liked pop music, but Jason preferred classical music. _ liked music with string instruments.

Question: In this sentence, who does the blank refer to?

A. Dennis
B. Jason
",B
"Dennis liked pop music, but Jason preferred classical music. _ liked music you can dance to.

Question: In this sentence, who does the blank refer to?

A. Dennis
B. Jason
",A
"I added spices to my cooking like salt and pepper.  The _ makes the food taste salty.

Question: In this sentence, who does the blank refer to?

A. salt
B. pepper
",A
"I added spices to my cooking like salt and pepper.  The _ makes the food taste hotter.

Question: In this sentence, who does the blank refer to?

A. salt
B. pepper
",B
"At the mall, Laura applied makeup on Betty to beautify her because _ was not very attractive.

Question: In this sentence, who does the blank refer to?

A. Laura
B. Betty
",B
"At the mall, Laura applied makeup on Betty to beautify her because _ was an expert.

Question: In this sentence, who does the blank refer to?

A. Laura
B. Betty
",A
"Jason's leg was more sore than his arm was because he warmed up the _ before exercising.

Question: In this sentence, who does the blank refer to?

A. arm
B. leg
",A
"Jason's leg was more sore than his arm was although he warmed up the _ before exercising.

Question: In this sentence, who does the blank refer to?

A. arm
B. leg
",B
"Randy learned to fish from Derrick, because _ was a professional with years of experience.

Question: In this sentence, who does the blank refer to?

A. Randy
B. Derrick
",B
"Randy learned to fish from Derrick, because _ was a novice with only days of experience.

Question: In this sentence, who does the blank refer to?

A. Randy
B. Derrick
",A
"While the woman Kayla was driving Maria to her first day of kindergarten the police officer gave _ a ticket.

Question: In this sentence, who does the blank refer to?

A. Kayla
B. Maria
",A
"While the woman Kayla was driving Maria to her first day of kindergarten the police officer gave _ a lollipop.

Question: In this sentence, who does the blank refer to?

A. Kayla
B. Maria
",B
"Chess is bad for the body but great for the brain, as thinking is critical for the _ to develop.

Question: In this sentence, who does the blank refer to?

A. body
B. brain
",B
"Chess is bad for the body but great for the brain, as thinking is useless for the _ to develop.

Question: In this sentence, who does the blank refer to?

A. body
B. brain
",A
"Amy wanted a soft toothbrush but Mary wanted a firm one because _ was concerned about tarter.

Question: In this sentence, who does the blank refer to?

A. Amy
B. Mary
",B
"Amy wanted a soft toothbrush but Mary wanted a firm one because _ was concerned about soreness.

Question: In this sentence, who does the blank refer to?

A. Amy
B. Mary
",A
"Jeffrey build a house for Kenneth so _ will have a nice new place to live.

Question: In this sentence, who does the blank refer to?

A. Jeffrey
B. Kenneth
",B
"Jeffrey build a house with Kenneth's help so _ will have a nice new place to live.

Question: In this sentence, who does the blank refer to?

A. Jeffrey
B. Kenneth
",A
"Megan had a baby whereas Katrina had a college aged child, so _ still had to change diapers.

Question: In this sentence, who does the blank refer to?

A. Megan
B. Katrina
",A
"Megan had a baby whereas Katrina had a college aged child, so _ no longer had to change diapers.

Question: In this sentence, who does the blank refer to?

A. Megan
B. Katrina
",B
"Megan received flowers from Carrie because _ wanted to ask them out on a date.

Question: In this sentence, who does the blank refer to?

A. Megan
B. Carrie
",B
"Megan gave flowers to Carrie because _ wanted to ask them out on a date.

Question: In this sentence, who does the blank refer to?

A. Megan
B. Carrie
",A
"Emptying the litter box was a dreaded chore for Adam while Lawrence didn't mind doing it. _ never tried to get someone else to handle it.

Question: In this sentence, who does the blank refer to?

A. Adam
B. Lawrence
",B
"Emptying the litter box was a dreaded chore for Adam while Lawrence didn't mind doing it. _ always tried to get someone else to handle it.

Question: In this sentence, who does the blank refer to?

A. Adam
B. Lawrence
",A
"Matthew spent the weekend watching a baby while Benjamin was on vacation, and _ made sure their vacation was relaxing.

Question: In this sentence, who does the blank refer to?

A. Matthew
B. Benjamin
",B
"Matthew spent the weekend watching a baby while Benjamin was on vacation, and _ made sure the baby was fed.

Question: In this sentence, who does the blank refer to?

A. Matthew
B. Benjamin
",A
"Kevin found running the marathon easier than Dennis. _ had repeatedly meant to stop smoking.

Question: In this sentence, who does the blank refer to?

A. Kevin
B. Dennis
",B
"Kevin found running the marathon easier than Dennis. _ had finally decided to stop smoking.

Question: In this sentence, who does the blank refer to?

A. Kevin
B. Dennis
",A
"Lawrence planned to steal the valuable painting from Michael, because _ finally owned something beautiful.

Question: In this sentence, who does the blank refer to?

A. Lawrence
B. Michael
",B
"Lawrence planned to steal the valuable painting from Michael, because _ wanted to own something beautiful.

Question: In this sentence, who does the blank refer to?

A. Lawrence
B. Michael
",A
"Jordan gave his miniature horse a field and a barn to stay in, and the horse liked the _ better when it was warm.

Question: In this sentence, who does the blank refer to?

A. barn
B. field
",B
"Jordan gave his miniature horse a field and a barn to stay in, and the horse liked the _ better when it was cold.

Question: In this sentence, who does the blank refer to?

A. barn
B. field
",A
"The idea was given to Steven to mull over and not Ryan because _ is more creative.

Question: In this sentence, who does the blank refer to?

A. Steven
B. Ryan
",A
"The idea was given to Steven to mull over and not Ryan because _ is less creative.

Question: In this sentence, who does the blank refer to?

A. Steven
B. Ryan
",B
"Michael bought mealworms as pet food but not Kenneth because _ had a pony as a pet.

Question: In this sentence, who does the blank refer to?

A. Michael
B. Kenneth
",B
"Michael bought mealworms as pet food but not Kenneth because _ had a lizard as a pet.

Question: In this sentence, who does the blank refer to?

A. Michael
B. Kenneth
",A
"The draining discussion was followed by a lively lecture.  The _ was just so boring.

Question: In this sentence, who does the blank refer to?

A. discussion
B. lecture
",A
"The draining discussion was followed by a lively lecture.  The _ was just so interesting.

Question: In this sentence, who does the blank refer to?

A. discussion
B. lecture
",B
"Lawrence was more grateful for their gift than Benjamin was for theirs because _ had gotten much more.

Question: In this sentence, who does the blank refer to?

A. Lawrence
B. Benjamin
",A
"Lawrence was more grateful for their gift than Benjamin was for theirs because _ had gotten much less.

Question: In this sentence, who does the blank refer to?

A. Lawrence
B. Benjamin
",B
"Mary is sending an important package to Sarah, so _ collects it from the post office.

Question: In this sentence, who does the blank refer to?

A. Mary
B. Sarah
",B
"Mary is sending an important package to Sarah, so _ takes it to the post office.

Question: In this sentence, who does the blank refer to?

A. Mary
B. Sarah
",A
"Craig volunteered to help the dyslexic students at the school while Joel avoided them, since _ struggled with reading.

Question: In this sentence, who does the blank refer to?

A. Craig
B. Joel
",B
"Craig volunteered to help the dyslexic students at the school while Joel avoided them, since _ loved reading.

Question: In this sentence, who does the blank refer to?

A. Craig
B. Joel
",A
"Sarah took Mary's speech class; when she passed her final exam, _ celebrated with ice cream.

Question: In this sentence, who does the blank refer to?

A. Sarah
B. Mary
",A
"Sarah taught Mary's speech class; when she passed her final exam, _ celebrated with ice cream.

Question: In this sentence, who does the blank refer to?

A. Sarah
B. Mary
",B
"Joseph decided to groom their dog in the waiting room unlike Leslie, so _ had the cleaner dog.

Question: In this sentence, who does the blank refer to?

A. Joseph
B. Leslie
",A
"Joseph decided to groom their dog in the waiting room unlike Leslie, so _ had the dirtier dog.

Question: In this sentence, who does the blank refer to?

A. Joseph
B. Leslie
",B
"The woman wanted to hang the dress in the closet but the _ was too large.

Question: In this sentence, who does the blank refer to?

A. closet
B. dress
",B
"The woman wanted to hang the dress in the closet but the _ was too small.

Question: In this sentence, who does the blank refer to?

A. closet
B. dress
",A
"Ian did not see the tumor on Brett's leg, because _ was only receiving an eye exam.

Question: In this sentence, who does the blank refer to?

A. Ian
B. Brett
",B
"Ian did not see the tumor on Brett's leg, because _ was only performing an eye exam.

Question: In this sentence, who does the blank refer to?

A. Ian
B. Brett
",A
"The gathered  stones in the bag outweigh the collected coins because the _ are small in numbers.

Question: In this sentence, who does the blank refer to?

A. stones
B. coins
",B
"The gathered stones in the bag outweigh the collected coins because the _ are much in numbers.

Question: In this sentence, who does the blank refer to?

A. stones
B. coins
",A
"Samuel knew to recycle aluminum cans but not Logan because _ was never in need of extra change.

Question: In this sentence, who does the blank refer to?

A. Samuel
B. Logan
",B
"Samuel knew to recycle aluminum cans but not Logan because _ was always in need of extra change.

Question: In this sentence, who does the blank refer to?

A. Samuel
B. Logan
",A
"Jessica used the luxury brand to shampoo her hair instead of the generic brand. The _ brand made her hair beautiful.

Question: In this sentence, who does the blank refer to?

A. luxury
B. generic
",A
"Jessica used the luxury brand to shampoo her hair instead of the generic brand. The _ brand made her hair ugly.

Question: In this sentence, who does the blank refer to?

A. luxury
B. generic
",B
"Rachel had a dog but Cynthia's dog was given up for adoption recently, so _ gave them their old leash.

Question: In this sentence, who does the blank refer to?

A. Rachel
B. Cynthia
",B
"Rachel had a dog but Cynthia's dog was given up for adoption recently, so _ was given their old leash.

Question: In this sentence, who does the blank refer to?

A. Rachel
B. Cynthia
",A
"John said that he preferred the chocolate frosting over the lemon frosting because the _ tasted good.

Question: In this sentence, who does the blank refer to?

A. chocolate
B. lemon
",A
"John said that he preferred the chocolate frosting over the lemon frosting because the _ tasted bad.

Question: In this sentence, who does the blank refer to?

A. chocolate
B. lemon
",B
"Betty is known as bilingual while Rachel is known as multilingual because _ can only speak two languages.

Question: In this sentence, who does the blank refer to?

A. Betty
B. Rachel
",A
"Betty is known as bilingual while Rachel is known as multilingual because _ can speak more than two languages.

Question: In this sentence, who does the blank refer to?

A. Betty
B. Rachel
",B
"during the vacation we stayed in the 3 star hotel and not the 5 star hotel because the _ were fully booked.

Question: In this sentence, who does the blank refer to?

A. 3 star
B. 5 star
",B
"during the vacation we stayed in the 3 star hotel and not the 5 star hotel because the _ were available.

Question: In this sentence, who does the blank refer to?

A. 3 star
B. 5 star
",A
"The thief was able to be sneaky in the boots, but not in the sandals, because the _ were made of superior material.

Question: In this sentence, who does the blank refer to?

A. sandals
B. boots
",B
"The thief was able to be sneaky in the boots, but not in the sandals, because the _ were made of inferior material.

Question: In this sentence, who does the blank refer to?

A. sandals
B. boots
",A
"The quilt Margot was making would take up the whole closet, because the _ was huge.

Question: In this sentence, who does the blank refer to?

A. quilt
B. closet
",A
"The quilt Margot was making would take up the whole closet, because the _ was tiny.

Question: In this sentence, who does the blank refer to?

A. quilt
B. closet
",B
"Are you going to donate your charitable contribution to the church or the school? I think I'm going to give mine to the _ because they need new pews.

Question: In this sentence, who does the blank refer to?

A. school
B. church
",B
"Are you going to donate your charitable contribution to the church or the school? I think I'm going to give mine to the _ because they need new computers.

Question: In this sentence, who does the blank refer to?

A. school
B. church
",A
"The oak tree weathered the storm but the sapling perished. This is because the _ tree was much more fragile.

Question: In this sentence, who does the blank refer to?

A. oak
B. sapling
",B
"The oak tree weathered the storm but the sapling perished. This is because the _ tree was much more sturdy.

Question: In this sentence, who does the blank refer to?

A. oak
B. sapling
",A
"Benjamin had a more juvenile sense of humor than Donald so _ hated whoopie cushions.

Question: In this sentence, who does the blank refer to?

A. Benjamin
B. Donald
",B
"Benjamin had a more juvenile sense of humor than Donald so _ enjoyed whoopie cushions.

Question: In this sentence, who does the blank refer to?

A. Benjamin
B. Donald
",A
"Eating sweets was a big problem for Carrie but not for Rebecca, thats why _ has a small waistline.

Question: In this sentence, who does the blank refer to?

A. Carrie
B. Rebecca
",B
"Eating sweets was a big problem for Carrie but not for Rebecca, thats why _ has a large waistline.

Question: In this sentence, who does the blank refer to?

A. Carrie
B. Rebecca
",A
"The ground around Michael's house was solid unlike Aaron's because _ had a month long rainfall.

Question: In this sentence, who does the blank refer to?

A. Michael
B. Aaron
",B
"The ground around Michael's house was solid unlike Aaron's because _ had a month long drought.

Question: In this sentence, who does the blank refer to?

A. Michael
B. Aaron
",A
"Megan inserted an IV into Sarah's arm once they were admitted to the hospital, because _ was a nurse.

Question: In this sentence, who does the blank refer to?

A. Megan
B. Sarah
",A
"Megan inserted an IV into Sarah's arm once they were admitted to the hospital, because _ was dehydrated.

Question: In this sentence, who does the blank refer to?

A. Megan
B. Sarah
",B
"It was raining hard and the hat got soaked. The color began to blend together. His mom said the _ was ugly anyway and it had too many hats.

Question: In this sentence, who does the blank refer to?

A. hat
B. color
",B
"It was raining hard and the hat got soaked. The color began to blend together. His mom said the _ was ugly anyway because it had too many colors.

Question: In this sentence, who does the blank refer to?

A. hat
B. color
",A
"The bedroom had to have the bureau replaced by the new closet , since the _ was too packed for all the new clothes.

Question: In this sentence, who does the blank refer to?

A. bureau
B. closet
",A
"The bedroom had to have the bureau replaced by the new closet , since the _ was very roomy for all the new clothes.

Question: In this sentence, who does the blank refer to?

A. bureau
B. closet
",B
"The chef tried to put the banana in the cake but the _ was too large.

Question: In this sentence, who does the blank refer to?

A. cake
B. banana
",B
"The chef tried to put the banana in the cake but the _ was too small.

Question: In this sentence, who does the blank refer to?

A. cake
B. banana
",A
"Brett was more prepared to be a parent than Aaron because _ had spent a lot of time with children.

Question: In this sentence, who does the blank refer to?

A. Brett
B. Aaron
",A
"Brett was more prepared to be a parent than Aaron because _ had spent very little time with children.

Question: In this sentence, who does the blank refer to?

A. Brett
B. Aaron
",B
"Patricia chose a hardy cultivar to grow unlike Tanya because _ had very fertile soil.

Question: In this sentence, who does the blank refer to?

A. Patricia
B. Tanya
",B
"Patricia chose a hardy cultivar to grow unlike Tanya because _ had very rocky soil.

Question: In this sentence, who does the blank refer to?

A. Patricia
B. Tanya
",A
"Donna would prefer to do her reading at the workplace than at home, because the _ was too noisy.

Question: In this sentence, who does the blank refer to?

A. home
B. workplace
",A
"Donna would prefer to do her reading at the workplace than at home, because the _ was more quiet.

Question: In this sentence, who does the blank refer to?

A. home
B. workplace
",B
"Donald invited Brett to Paris because _ knew how to speak the native language perfectly.

Question: In this sentence, who does the blank refer to?

A. Donald
B. Brett
",B
"Donald invited Brett to Paris because _ didn't know how to speak the native language.

Question: In this sentence, who does the blank refer to?

A. Donald
B. Brett
",A
"Michael discovered Craig was a respected doctor so _ was asked many health related questions.

Question: In this sentence, who does the blank refer to?

A. Michael
B. Craig
",B
"Michael discovered Craig was a respected doctor so _ asked him many health related questions.

Question: In this sentence, who does the blank refer to?

A. Michael
B. Craig
",A
"Glenda always drove the station wagon at night instead of the sports car, because the _ had dimmer headlights.

Question: In this sentence, who does the blank refer to?

A. station wagon
B. sports car
",B
"Glenda always drove the station wagon at night instead of the sports car, because the _ had brighter headlights.

Question: In this sentence, who does the blank refer to?

A. station wagon
B. sports car
",A
"Ryan ran over Ian's guinea pig with his car, causing _ to feel a great deal of pain.

Question: In this sentence, who does the blank refer to?

A. Ryan
B. Ian
",B
"Ryan ran over Ian's guinea pig with his car, causing _ to feel a great deal of guilt.

Question: In this sentence, who does the blank refer to?

A. Ryan
B. Ian
",A
"It was easier to prevent the post from falling over than the beam, because the _ was heavy.

Question: In this sentence, who does the blank refer to?

A. beam
B. post
",A
"It was easier to prevent the post from falling over than the beam, because the _ was light.

Question: In this sentence, who does the blank refer to?

A. beam
B. post
",B
"It was easy for Joel but not Kevin to have fun on the camping trip because _ had not learned how to enjoy the outdoors.

Question: In this sentence, who does the blank refer to?

A. Joel
B. Kevin
",B
"It was easy for Joel but not Kevin to have fun on the camping trip because _ learned early how to enjoy the outdoors.

Question: In this sentence, who does the blank refer to?

A. Joel
B. Kevin
",A
"Dennis had a much higher testosterone level than Christopher, so _ started to worry about being able to have children.

Question: In this sentence, who does the blank refer to?

A. Dennis
B. Christopher
",B
"Dennis had a much higher testosterone level than Christopher, so _ didn't have to worry about being able to have children.

Question: In this sentence, who does the blank refer to?

A. Dennis
B. Christopher
",A
"The ability to study French came easier to Angela than Samantha because _ had a strong language background.

Question: In this sentence, who does the blank refer to?

A. Angela
B. Samantha
",A
"The ability to study French came easier to Angela than Samantha because _ did not have a strong language background.

Question: In this sentence, who does the blank refer to?

A. Angela
B. Samantha
",B
"The pool cue used by Emily at the billiards hall was covered with more chalk than the one used by Betty; consequently, _ was practically flawless when breaking.

Question: In this sentence, who does the blank refer to?

A. Emily
B. Betty
",A
"The pool cue used by Emily at the billiards hall was covered with more chalk than the one used by Betty; consequently, _ was practically incompetent when breaking.

Question: In this sentence, who does the blank refer to?

A. Emily
B. Betty
",B
"Katrina loves the taste of lettuce but Angela doesn't. _ ordered a big salad for dinner.

Question: In this sentence, who does the blank refer to?

A. Katrina
B. Angela
",A
"Katrina loves the taste of lettuce but Angela doesn't. _ ordered a big steak for dinner.

Question: In this sentence, who does the blank refer to?

A. Katrina
B. Angela
",B
"Jason approached Steven to deliver the official subpoena and court summons, because _ was employed as a process server.

Question: In this sentence, who does the blank refer to?

A. Jason
B. Steven
",A
"Jason approached Steven to deliver the official subpoena and court summons, because _ was being sued.

Question: In this sentence, who does the blank refer to?

A. Jason
B. Steven
",B
"The mother always consulted a book for her pregnancy because the _ was very  informative.

Question: In this sentence, who does the blank refer to?

A. pregnancy
B. book
",B
"The mother always consulted a book for her pregnancy because the _ was very difficult.

Question: In this sentence, who does the blank refer to?

A. pregnancy
B. book
",A
"When Manny bought a new dog bed for the cage, he was disappointed when he tried to put it in. The _ was too small.

Question: In this sentence, who does the blank refer to?

A. dog bed
B. cage
",B
"When Manny bought a new dog bed for the cage, he was disappointed when he tried to put it in. The _ was too big.

Question: In this sentence, who does the blank refer to?

A. dog bed
B. cage
",A
"Natalie helped Monica to get into a treatment program, after _ told of her drug addiction.

Question: In this sentence, who does the blank refer to?

A. Natalie
B. Monica
",B
"Natalie helped Monica to get into a treatment program, after _ heard of her drug addiction.

Question: In this sentence, who does the blank refer to?

A. Natalie
B. Monica
",A
"Nelson went to the doctors office without Dennis because _ had to change his prescription.

Question: In this sentence, who does the blank refer to?

A. Nelson
B. Dennis
",A
"Nelson went to the doctors office without Dennis because _ had to change the engine oil.

Question: In this sentence, who does the blank refer to?

A. Nelson
B. Dennis
",B
"The horse prefers the pasture over the barn because there is less room in the _ for the horse to stretch.

Question: In this sentence, who does the blank refer to?

A. pasture
B. barn
",B
"The horse prefers the pasture over the barn because there is more room in the _ for the horse to stretch.

Question: In this sentence, who does the blank refer to?

A. pasture
B. barn
",A
"She was never able to use lash curlers on her lashes because the _ are too large.

Question: In this sentence, who does the blank refer to?

A. lashes
B. curlers
",B
"She was never able to use lash curlers on her lashes because the _ are too thin.

Question: In this sentence, who does the blank refer to?

A. lashes
B. curlers
",A
"Ian asked Kevin to help with their taxes because _ was a successful, trained accountant.

Question: In this sentence, who does the blank refer to?

A. Ian
B. Kevin
",B
"Ian was asked by Kevin to help with their taxes because _ was a successful, trained accountant.

Question: In this sentence, who does the blank refer to?

A. Ian
B. Kevin
",A
"Hangovers are really bad, but they are not as bad as migraines, because the _ are gone quick.

Question: In this sentence, who does the blank refer to?

A. hangovers
B. migraines
",A
"Hangovers are really bad, but they are not as bad as migraines, because the _ last awhile.

Question: In this sentence, who does the blank refer to?

A. hangovers
B. migraines
",B
"Since Jennifer was in need of clothing while Natalie had extra, _ bought clothes from the thrift shop.

Question: In this sentence, who does the blank refer to?

A. Jennifer
B. Natalie
",A
"Since Jennifer was in need of clothing while Natalie had extra, _ gave clothes to the thrift shop.

Question: In this sentence, who does the blank refer to?

A. Jennifer
B. Natalie
",B
"He found he had baking powder for the cake but borrowed baking soda from his neighbor since the _ was full.

Question: In this sentence, who does the blank refer to?

A. soda
B. powder
",B
"He found he had baking powder for the cake but borrowed baking soda from his neighbor since the _ was empty.

Question: In this sentence, who does the blank refer to?

A. soda
B. powder
",A
"Justin was very good at playing music on the guitar unlike Craig because _ was very musical.

Question: In this sentence, who does the blank refer to?

A. Justin
B. Craig
",A
"Justin was very good at playing music on the guitar unlike Craig because _ was very sporty.

Question: In this sentence, who does the blank refer to?

A. Justin
B. Craig
",B
"Sheila didn’t check the temperature of her flat iron before straightening her hair. The _ was fried.

Question: In this sentence, who does the blank refer to?

A. iron
B. hair
",B
"Sheila didn’t check the temperature of her flat iron before straightening hair. The _ was hot.

Question: In this sentence, who does the blank refer to?

A. iron
B. hair
",A
"Callie practiced dancing more than she practiced guitar although the recital next week was for the _ .

Question: In this sentence, who does the blank refer to?

A. dancing
B. guitar
",B
"Callie practiced dancing more than she practiced guitar because the recital next week was for the _ .

Question: In this sentence, who does the blank refer to?

A. dancing
B. guitar
",A
"The dog's hair had to be removed after it got stuck in the mud because the _ was clean.

Question: In this sentence, who does the blank refer to?

A. mud
B. hair
",B
"The dog's hair had to be removed after it got stuck in the mud because the _ was disgusting.

Question: In this sentence, who does the blank refer to?

A. mud
B. hair
",A
"Terrorism was a concern in the countryside, but hardly a problem in the city, as the _ had much peace among people.

Question: In this sentence, who does the blank refer to?

A. countryside
B. city
",B
"Terrorism was a concern in the countryside, but hardly a problem in the city, as the _ had much conflict among people.

Question: In this sentence, who does the blank refer to?

A. countryside
B. city
",A
"Jason was bald, but Hunter had a full head of hair, so _ had no need to buy hair gel.

Question: In this sentence, who does the blank refer to?

A. Jason
B. Hunter
",A
"Jason was bald, but Hunter had a full head of hair, so _ needed to buy hair gel.

Question: In this sentence, who does the blank refer to?

A. Jason
B. Hunter
",B
"The hair didn't work in a bun, but looked great in a ponytail.  The _ was ugly.

Question: In this sentence, who does the blank refer to?

A. bun
B. ponytail
",A
"The hair didn't work in a bun, but looked great in a ponytail.  The _ was cute.

Question: In this sentence, who does the blank refer to?

A. bun
B. ponytail
",B
"it will take them the whole of tomorrow to sort the short sticks, the long ones lasted a few hours only, the _ ones are visible.

Question: In this sentence, who does the blank refer to?

A. long
B. short
",A
"it will take them the whole of tomorrow to sort the short sticks, the long ones lasted a few hours only, the _ ones are imperceptible .

Question: In this sentence, who does the blank refer to?

A. long
B. short
",B
"The clouds evoked great fear in the people, while the clear skies calmed them, because the _ were so foreboding.

Question: In this sentence, who does the blank refer to?

A. clouds
B. skies
",A
"The clouds evoked great fear in the people, while the clear skies calmed them, because the _ were so comforting.

Question: In this sentence, who does the blank refer to?

A. clouds
B. skies
",B
"The disease was very contagious. His clothes and homes had to be burned. The _ were ragged.

Question: In this sentence, who does the blank refer to?

A. homes
B. clothes
",B
"The disease was very contagious. His clothes and homes had to be burned. The _ were huge.

Question: In this sentence, who does the blank refer to?

A. homes
B. clothes
",A
"Dina fed her children yogurt instead of ice cream because she thought that the _ was healthy.

Question: In this sentence, who does the blank refer to?

A. yogurt
B. ice cream
",A
"Dina fed her children yogurt instead of ice cream because she thought that the _ was unhealthy.

Question: In this sentence, who does the blank refer to?

A. yogurt
B. ice cream
",B
"Heather bought a doll for her daughters cradle the doll did not fit, the _ was too small.

Question: In this sentence, who does the blank refer to?

A. cradle
B. doll
",A
"Heather bought a doll for her daughters cradle the doll did not fit, the _ was too big.

Question: In this sentence, who does the blank refer to?

A. cradle
B. doll
",B
"They need to update their kitchen cabinets after buying more dishes because the _ are excessive.

Question: In this sentence, who does the blank refer to?

A. cabinets
B. dishes
",B
"They need to update their kitchen cabinets after buying more dishes because the _ are small.

Question: In this sentence, who does the blank refer to?

A. cabinets
B. dishes
",A
"Because Robert was experiencing hair loss and Brian was not, _ was jealous of his hair.

Question: In this sentence, who does the blank refer to?

A. Robert
B. Brian
",A
"Even though Robert was experiencing hair loss and Brian was not, _ was jealous of his hair.

Question: In this sentence, who does the blank refer to?

A. Robert
B. Brian
",B
"She wanted to make a toilet paper roll butterfly by using the roll's tube and paint, but was unable to finish because the _ was too scarce.

Question: In this sentence, who does the blank refer to?

A. paint
B. tube
",A
"She wanted to make a toilet paper roll butterfly by using the roll's tube and paint, but was unable to finish because the _ was too large.

Question: In this sentence, who does the blank refer to?

A. paint
B. tube
",B
"Lawrence shovelled their driveway after the snow storm while Aaron avoided doing so, so _ had a driveway that was covered in snow.

Question: In this sentence, who does the blank refer to?

A. Lawrence
B. Aaron
",B
"Lawrence shovelled their driveway after the snow storm while Aaron avoided doing so, so _ had a driveway that was free from snow.

Question: In this sentence, who does the blank refer to?

A. Lawrence
B. Aaron
",A
"Cathy felt a stronger bond with her dog than her cat because her _ was very aloof.

Question: In this sentence, who does the blank refer to?

A. cat
B. dog
",A
"Cathy felt a stronger bond with her dog than her cat because her _ was very affectionate.

Question: In this sentence, who does the blank refer to?

A. cat
B. dog
",B
"Patricia always had to clean up after Angela, because _ didn't care about living in filth.

Question: In this sentence, who does the blank refer to?

A. Patricia
B. Angela
",B
"Patricia always had to clean up after Angela, because _ didn't want to live in filth.

Question: In this sentence, who does the blank refer to?

A. Patricia
B. Angela
",A
"Michael asked Brett for help moving a desk. _ wouldn't have been able to do it alone.

Question: In this sentence, who does the blank refer to?

A. Michael
B. Brett
",A
"Michael asked Brett for help moving a desk. _ wouldn't have been able to do it by himself either.

Question: In this sentence, who does the blank refer to?

A. Michael
B. Brett
",B
"Jennifer liked to smoke pot but Laura like to smoke cigars. _ wound up in the local jail for smoking their favorite thing in public.

Question: In this sentence, who does the blank refer to?

A. Jennifer
B. Laura
",A
"Jennifer liked to smoke pot but Laura like to smoke cigars. _ avoided the local jail for smoking their favorite thing in public.

Question: In this sentence, who does the blank refer to?

A. Jennifer
B. Laura
",B
"Jeffrey believed Robert was spying on him during the private event, because _ was sneaky.

Question: In this sentence, who does the blank refer to?

A. Jeffrey
B. Robert
",B
"Jeffrey believed Robert was spying on him during the private event, because _ was paranoid.

Question: In this sentence, who does the blank refer to?

A. Jeffrey
B. Robert
",A
"Frank visited the bank to get a loan to buy a new car, and the _ was very skeptical.

Question: In this sentence, who does the blank refer to?

A. loan
B. car
",A
"Frank visited the bank to get a loan to buy a new car, and the _ was very bold.

Question: In this sentence, who does the blank refer to?

A. loan
B. car
",B
"Christopher needs Ian's advice on how to create a positive classroom atmosphere, because _ is a new teacher.

Question: In this sentence, who does the blank refer to?

A. Christopher
B. Ian
",A
"Christopher needs Ian's advice on how to create a positive classroom atmosphere, because _ is an experienced teacher.

Question: In this sentence, who does the blank refer to?

A. Christopher
B. Ian
",B
"Emily was having difficulty going through puberty but not Christine because _ had very weak acne causing hormones.

Question: In this sentence, who does the blank refer to?

A. Emily
B. Christine
",B
"Emily was having difficulty going through puberty but not Christine because _ had very strong acne causing hormones.

Question: In this sentence, who does the blank refer to?

A. Emily
B. Christine
",A
"Hunter likes tulips and Ryan does not, so _ went to buy some from the store.

Question: In this sentence, who does the blank refer to?

A. Hunter
B. Ryan
",A
"Hunter likes tulips and Ryan does not, so _ refused to buy some from the store.

Question: In this sentence, who does the blank refer to?

A. Hunter
B. Ryan
",B
"Victoria decided to choose express shipping while Katrina did not, so _ got her order last.

Question: In this sentence, who does the blank refer to?

A. Victoria
B. Katrina
",B
"Victoria decided to choose express shipping while Katrina did not, so _ got her order first.

Question: In this sentence, who does the blank refer to?

A. Victoria
B. Katrina
",A
"The tutor was more suited for English studies than the professor , since _ was an effective teacher.

Question: In this sentence, who does the blank refer to?

A. tutor
B. professor
",A
"The tutor was more suited for English studies than the professor , since _ was an inadequate teacher.

Question: In this sentence, who does the blank refer to?

A. tutor
B. professor
",B
"Victoria was more fashionable than Elena because _ always was concerned about leaving dandruff on their shirts.

Question: In this sentence, who does the blank refer to?

A. Victoria
B. Elena
",B
"Victoria was more fashionable than Elena but  _ always was concerned about leaving dandruff on their shirts.

Question: In this sentence, who does the blank refer to?

A. Victoria
B. Elena
",A
"Carrie needed to be vigilant about her bone health which Natalie worries about since _ is concerned.

Question: In this sentence, who does the blank refer to?

A. Carrie
B. Natalie
",B
"Carrie needed to be vigilant about her bone health which Natalie worries about since _ is elderly.

Question: In this sentence, who does the blank refer to?

A. Carrie
B. Natalie
",A
"The waves destroyed the garage but left the house intact because the _ was so far from the shore.

Question: In this sentence, who does the blank refer to?

A. garage
B. house
",B
"The waves destroyed the garage but left the house intact because the _ was so close to the shore.

Question: In this sentence, who does the blank refer to?

A. garage
B. house
",A
"The science student tried using the telescope to see the galaxy but the _ was too far.

Question: In this sentence, who does the blank refer to?

A. galaxy
B. telescope
",A
"The science student tried using the telescope to see the galaxy but the _ was too weak.

Question: In this sentence, who does the blank refer to?

A. galaxy
B. telescope
",B
"When Sarah wanted to pursue acting, Elena started laughing, because _ was an amazing actor.

Question: In this sentence, who does the blank refer to?

A. Sarah
B. Elena
",B
"When Sarah wanted to pursue acting, Elena started laughing, because _ was a terrible actor.

Question: In this sentence, who does the blank refer to?

A. Sarah
B. Elena
",A
"We worked on the inside of the house instead of working on the inside of the shed, because the _ was uninhabitable.

Question: In this sentence, who does the blank refer to?

A. house
B. shed
",B
"We worked on the inside of the house instead of working on the inside of the shed, because the _ was livable.

Question: In this sentence, who does the blank refer to?

A. house
B. shed
",A
"The scar needed medical care to heal, while the cut healed naturally, because the _ was a minor wound.

Question: In this sentence, who does the blank refer to?

A. cut
B. scar
",B
"The scar needed medical care to heal, while the cut healed naturally, because the _ was a severe wound.

Question: In this sentence, who does the blank refer to?

A. cut
B. scar
",A
"Applicants at the university had much lower reading scores than those at the college, as the _ students were a bit dimmer.

Question: In this sentence, who does the blank refer to?

A. university
B. college
",A
"Applicants at the university had much lower reading scores than those at the college, as the _ students were a bit brighter.

Question: In this sentence, who does the blank refer to?

A. university
B. college
",B
"Michael had to dispose of his water before entering unlike Eric because _ cup was empty.

Question: In this sentence, who does the blank refer to?

A. Michael
B. Eric
",B
"Michael had to dispose of his water before entering unlike Eric because _ cup was full.

Question: In this sentence, who does the blank refer to?

A. Michael
B. Eric
",A
"Christine had a worst wedding than Rebecca because  in _  wedding, the weather was terrible.

Question: In this sentence, who does the blank refer to?

A. Christine
B. Rebecca
",A
"Christine had a worst wedding than Rebecca because  in _  wedding, the weather was great.

Question: In this sentence, who does the blank refer to?

A. Christine
B. Rebecca
",B
"The flying birds visible in the smoke disappeared in the fog. The _ is thin.

Question: In this sentence, who does the blank refer to?

A. fog
B. smoke
",B
"The flying birds visible in the smoke disappeared in the fog. The _ is thick.

Question: In this sentence, who does the blank refer to?

A. fog
B. smoke
",A
"With _ washing a highball glass, Elena was sitting at the bar drinking as Natalie was in the kitchen cleaning.

Question: In this sentence, who does the blank refer to?

A. Elena
B. Natalie
",B
"With _ fondling a highball glass, Elena was sitting at the bar drinking as Natalie was in the kitchen cleaning.

Question: In this sentence, who does the blank refer to?

A. Elena
B. Natalie
",A
"At the party, William was drinking heavily and Joseph was abstaining, so _ drove home afterwards.

Question: In this sentence, who does the blank refer to?

A. William
B. Joseph
",B
"At the party, William was drinking heavily and Joseph was abstaining, so _ rode home afterwards.

Question: In this sentence, who does the blank refer to?

A. William
B. Joseph
",A
"Dennis backed Nelson into the small corner during the heated argument because _ was submissive.

Question: In this sentence, who does the blank refer to?

A. Dennis
B. Nelson
",B
"Dennis backed Nelson into the small corner during the heated argument because _ was dominant.

Question: In this sentence, who does the blank refer to?

A. Dennis
B. Nelson
",A
"Carrie was dealing with the death of their dog as where Amy had lost their cat, _ is a cat lover.

Question: In this sentence, who does the blank refer to?

A. Carrie
B. Amy
",B
"Carrie was dealing with the death of their dog as where Amy had lost their cat, _ is a dog lover.

Question: In this sentence, who does the blank refer to?

A. Carrie
B. Amy
",A
"Jessica finished baking her picnic ham before Jennifer, because _ used a difficult recipe for ham glaze.

Question: In this sentence, who does the blank refer to?

A. Jessica
B. Jennifer
",B
"Jessica finished baking her picnic ham before Jennifer, because _ used an easy recipe for ham glaze.

Question: In this sentence, who does the blank refer to?

A. Jessica
B. Jennifer
",A
"James coated the top of the table with a vanish and leave the chair the way it was. Now the _ is dull.

Question: In this sentence, who does the blank refer to?

A. table
B. chair
",B
"James coated the top of the table with a vanish and leave the chair the way it was. Now the _ is shiny.

Question: In this sentence, who does the blank refer to?

A. table
B. chair
",A
"Christopher tried a new recipe and asked Kenneth how  liked it. _ hoped it tasted good.

Question: In this sentence, who does the blank refer to?

A. Christopher
B. Kenneth
",A
"Christopher tried a new recipe and asked Kenneth how  liked it. _ thought it tasted good.

Question: In this sentence, who does the blank refer to?

A. Christopher
B. Kenneth
",B
"Erin was very comfortable outside during winter unlike Cynthia because _ had a very thick coat.

Question: In this sentence, who does the blank refer to?

A. Erin
B. Cynthia
",A
"Erin was very comfortable outside during winter unlike Cynthia because _ had a very thin coat.

Question: In this sentence, who does the blank refer to?

A. Erin
B. Cynthia
",B
"The cook wanted to store the fresh honey in the jar but the _ was too hot.

Question: In this sentence, who does the blank refer to?

A. jar
B. honey
",B
"The cook wanted to store the fresh honey in the jar but the _ was too small.

Question: In this sentence, who does the blank refer to?

A. jar
B. honey
",A
"When Matthew stepped in dog poop wearing his new shoes, Dennis laughed, so mother gave _ an angry look.

Question: In this sentence, who does the blank refer to?

A. Matthew
B. Dennis
",B
"When Matthew stepped in dog poop wearing his new shoes, Dennis laughed, so mother gave _ an understanding look.

Question: In this sentence, who does the blank refer to?

A. Matthew
B. Dennis
",A
"While the thrifty family was at the grocery store, they bought soap instead of shampoo because the _ was needed.

Question: In this sentence, who does the blank refer to?

A. soap
B. shampoo
",A
"While the family was at the grocery store, they bought soap instead of shampoo because the _ was superfluous.

Question: In this sentence, who does the blank refer to?

A. soap
B. shampoo
",B
"I measured the area in my kitchen, but the stove didn't fit because the _ was too small.

Question: In this sentence, who does the blank refer to?

A. stove
B. area
",B
"I measured the area in my kitchen, but the stove didn't fit because the _ was too big.

Question: In this sentence, who does the blank refer to?

A. stove
B. area
",A
"The ants flocked to the honey instead of the dark chocolate because the _ is sweet.

Question: In this sentence, who does the blank refer to?

A. honey
B. chocolate
",A
"The ants flocked to the honey instead of the dark chocolate because the _ is bitter.

Question: In this sentence, who does the blank refer to?

A. honey
B. chocolate
",B
"Adam explained his emotions to Robert, because _ needed help from a therapist who could deal with complex emotions.

Question: In this sentence, who does the blank refer to?

A. Adam
B. Robert
",A
"Adam explained his emotions to Robert, because _ offered help as a therapist who could deal with complex emotions.

Question: In this sentence, who does the blank refer to?

A. Adam
B. Robert
",B
"Elena is a lot worse using a map than Sarah because _ has had training in the military.

Question: In this sentence, who does the blank refer to?

A. Elena
B. Sarah
",B
"Elena is a lot better using a map than Sarah because _ has had training in the military.

Question: In this sentence, who does the blank refer to?

A. Elena
B. Sarah
",A
"Rachel knew Elena needed more magnesium but _ didn't know if they liked fruit or not.

Question: In this sentence, who does the blank refer to?

A. Rachel
B. Elena
",B
"Rachel knew Elena needed more magnesium but _ didn't know if they hated fruit or not.

Question: In this sentence, who does the blank refer to?

A. Rachel
B. Elena
",A
"When Robert was asked by Christopher what he wanted for his birthday, he said money. _ wanted to choose his own gift.

Question: In this sentence, who does the blank refer to?

A. Robert
B. Christopher
",A
"When Robert was asked by Christopher what he wanted for his birthday, he said money. _ let him choose his own gift.

Question: In this sentence, who does the blank refer to?

A. Robert
B. Christopher
",B
"The candy jar could hold 100 gumballs or 80 maltballs because the _ were smaller.

Question: In this sentence, who does the blank refer to?

A. gumballs
B. maltballs
",A
"The candy jar could hold 100 gumballs or 80 maltballs because the _ were larger.

Question: In this sentence, who does the blank refer to?

A. gumballs
B. maltballs
",B
"John quickly returned the game to the store after he heard the news about it containing bugs, he bought two baseballs instead because the _ were reliable.

Question: In this sentence, who does the blank refer to?

A. baseballs
B. bugs
",A
"John quickly returned the game to the store after he heard the news about it containing bugs, he bought two baseballs instead because the _ were undependable.

Question: In this sentence, who does the blank refer to?

A. baseballs
B. bugs
",B
"Kyle had a black hair color and Joseph had a blue hair color. _ hair color was common.

Question: In this sentence, who does the blank refer to?

A. Kyle
B. Joseph
",A
"Kyle had a black hair color and Joseph had a blue hair color. _ hair color was uncommon.

Question: In this sentence, who does the blank refer to?

A. Kyle
B. Joseph
",B
"Installing the fridge was a lot easier than doing the stove was for Roger. He had never installed the _ before in a different house.

Question: In this sentence, who does the blank refer to?

A. fridge
B. stove
",B
"Installing the fridge was a lot easier than doing the stove was for Roger. He had previously installed the _ before in a different house.

Question: In this sentence, who does the blank refer to?

A. fridge
B. stove
",A
"The seamstress wanted to sew the button on the collar of the coat but the _ was too big.

Question: In this sentence, who does the blank refer to?

A. collar
B. button
",B
"The seamstress wanted to sew the button on the collar of the coat but the _ was too small.

Question: In this sentence, who does the blank refer to?

A. collar
B. button
",A
"Emily currently has a bad cough, but Victoria doesn't have one, so _ is the smoker.

Question: In this sentence, who does the blank refer to?

A. Emily
B. Victoria
",A
"Emily currently has a bad cough, but Victoria doesn't have one, so _ is the nonsmoker.

Question: In this sentence, who does the blank refer to?

A. Emily
B. Victoria
",B
"Ian has a nice smile but not so much with Eric as _ values good dental health.

Question: In this sentence, who does the blank refer to?

A. Ian
B. Eric
",A
"Ian has a nice smile but not so much with Eric as _ neglect good dental health.

Question: In this sentence, who does the blank refer to?

A. Ian
B. Eric
",B
"Emily had a much higher credit score than Maria because _ always paid her bills on time.

Question: In this sentence, who does the blank refer to?

A. Emily
B. Maria
",A
"Emily had a much higher credit score than Maria because _ never paid her bills on time.

Question: In this sentence, who does the blank refer to?

A. Emily
B. Maria
",B
"William hired a trainer named Samuel to help with his new dog, but _ found his dominance methods unappealing.

Question: In this sentence, who does the blank refer to?

A. William
B. Samuel
",A
"William hired a trainer named Samuel to help with his new dog, but _ 's dominance methods were unappealing.

Question: In this sentence, who does the blank refer to?

A. William
B. Samuel
",B
"In the winters Angela always ate soup unlike Rachel because _ lived in a cold area.

Question: In this sentence, who does the blank refer to?

A. Angela
B. Rachel
",A
"In the winters Angela always ate soup unlike Rachel because _ lived in a hot area.

Question: In this sentence, who does the blank refer to?

A. Angela
B. Rachel
",B
"I donated my dining room table and my sofa to charity, but they declined the _ because it was too uneven.

Question: In this sentence, who does the blank refer to?

A. sofa
B. table
",B
"I donated my dining room table and my sofa to charity, but they declined the _ because it was too hard.

Question: In this sentence, who does the blank refer to?

A. sofa
B. table
",A
"The coach quit his job at the school and went on to work at the rec center because the _ paid more.

Question: In this sentence, who does the blank refer to?

A. school
B. rec center
",B
"The coach quit his job at the school and went on to work at the rec center because the _ paid less.

Question: In this sentence, who does the blank refer to?

A. school
B. rec center
",A
"At dinner, Steven was starving but Ian was already full, so _ ate the pizza slowly.

Question: In this sentence, who does the blank refer to?

A. Steven
B. Ian
",B
"At dinner, Steven was starving but Ian was already full, so _ ate the pizza quickly.

Question: In this sentence, who does the blank refer to?

A. Steven
B. Ian
",A
"Monica needed help from Erin understanding the benefits because _ had only skimmed the insurance plan.

Question: In this sentence, who does the blank refer to?

A. Monica
B. Erin
",A
"Monica needed help from Erin understanding the benefits because _ had paid attention to the insurance plan.

Question: In this sentence, who does the blank refer to?

A. Monica
B. Erin
",B
"When I shot the paintball, it didn't go through the window as the _ was strong.

Question: In this sentence, who does the blank refer to?

A. paintball
B. window
",B
"When I shot the paintball, it didn't go through the window as the _ was weak.

Question: In this sentence, who does the blank refer to?

A. paintball
B. window
",A
"Natalie is worse at distinguishing shades of color than Elena because _ is color blind.

Question: In this sentence, who does the blank refer to?

A. Natalie
B. Elena
",A
"Natalie is worse at distinguishing shades of color than Elena although _ is color blind.

Question: In this sentence, who does the blank refer to?

A. Natalie
B. Elena
",B
"Tanya loved the flavor of thyme in food but Katrina did not. _ grew some basil on their window sill.

Question: In this sentence, who does the blank refer to?

A. Tanya
B. Katrina
",B
"Tanya loved the flavor of thyme in food but Katrina did not. _ grew some thyme on their window sill.

Question: In this sentence, who does the blank refer to?

A. Tanya
B. Katrina
",A
"John applied some pressure on the pimple but it did not burst. It seems the _ is weak.

Question: In this sentence, who does the blank refer to?

A. pimple
B. pressure
",B
"John applied some pressure on the pimple but it did not burst. It seems the _ is hard.

Question: In this sentence, who does the blank refer to?

A. pimple
B. pressure
",A
"Randy went to an ice cream shop because he had a coupon and met Michael there. _ paid full price.

Question: In this sentence, who does the blank refer to?

A. Randy
B. Michael
",B
"Randy went to an ice cream shop because he had a coupon and met Michael there. _ paid only half price.

Question: In this sentence, who does the blank refer to?

A. Randy
B. Michael
",A
"Randy worked very hard in high school but Adam goofed around a lot. _ didn't get a scholarship to college.

Question: In this sentence, who does the blank refer to?

A. Randy
B. Adam
",B
"Randy worked very hard in high school but Adam goofed around a lot. _ got a scholarship to college.

Question: In this sentence, who does the blank refer to?

A. Randy
B. Adam
",A
"Mark was in the drill of gathering proof that proved his company engaged in Age Discrimination but the _ was too much.

Question: In this sentence, who does the blank refer to?

A. proof
B. drill
",B
"Mark was in the drill of gathering proof that proved his company engaged in Age Discrimination but the _ was not sufficient.

Question: In this sentence, who does the blank refer to?

A. proof
B. drill
",A
"Its important to choose your character's personality. You want either adamant or jolly. The _ personality makes you have better attack.

Question: In this sentence, who does the blank refer to?

A. adamant
B. jolly
",A
"Its important to choose your character's personality. You want either adamant or jolly. The _ personality makes you happier.

Question: In this sentence, who does the blank refer to?

A. adamant
B. jolly
",B
"The went to paint the bed room with the roller brush but the room needed another pass of the _ .

Question: In this sentence, who does the blank refer to?

A. paint
B. roller brush
",B
"They went to paint the bed room with the roller brush because the room needed another coat of the _ .

Question: In this sentence, who does the blank refer to?

A. paint
B. roller brush
",A
"Eric wanted to add lots of ginger to the meal but Hunter stopped him. _ liked spicy food.

Question: In this sentence, who does the blank refer to?

A. Eric
B. Hunter
",A
"Eric wanted to add lots of ginger to the meal but Hunter stopped him. _ liked mild food.

Question: In this sentence, who does the blank refer to?

A. Eric
B. Hunter
",B
"Ben wanted to avoid cleaning the poop and pee that his dog did. However, he found the _ easier to clean because it was dry.

Question: In this sentence, who does the blank refer to?

A. poop
B. pee
",A
"Ben wanted to avoid cleaning the poop and pee that his dog did. However, he found the _ easier to clean because it was wet.

Question: In this sentence, who does the blank refer to?

A. poop
B. pee
",B
"Mark wanted to shrink his leather jacket in a bin, but the _ was too large.

Question: In this sentence, who does the blank refer to?

A. leather jacket
B. bin
",A
"Mark wanted to shrink his leather jacket in a bin, but the _ was too small.

Question: In this sentence, who does the blank refer to?

A. leather jacket
B. bin
",B
"Mary was prone to depression while Monica was not, because _ was a naturally optimistic person.

Question: In this sentence, who does the blank refer to?

A. Mary
B. Monica
",A
"Mary was prone to depression while Monica was not, because _ was a naturally pessimistic person.

Question: In this sentence, who does the blank refer to?

A. Mary
B. Monica
",B
"Robert told Brian that he thought that is wife was cheating on him, so _ chose to hire a private detective.

Question: In this sentence, who does the blank refer to?

A. Robert
B. Brian
",A
"Robert told Brian that he thought that is wife was cheating on him, so _ recomended that he hire a private detective.

Question: In this sentence, who does the blank refer to?

A. Robert
B. Brian
",B
"Jessica was more hungry than Elena, so _ ordered a steak instead of ramen noodles.

Question: In this sentence, who does the blank refer to?

A. Jessica
B. Elena
",A
"Jessica was more hungry than Elena, so _ ordered ramen noodles instead of a steak.

Question: In this sentence, who does the blank refer to?

A. Jessica
B. Elena
",B
"Mike went to serve Michelle some beans from the pot onto the plate couldn't put many because the _ was too small.

Question: In this sentence, who does the blank refer to?

A. plate
B. pot
",A
"Mike went to serve Michelle some beans from the pot onto the plate couldn't put many because the _ was so big.

Question: In this sentence, who does the blank refer to?

A. plate
B. pot
",B
"The tailor called Megan to say her coat was finished, so she asked her assistant Patricia to get it. _ gave her the car to drive to the tailor shop.

Question: In this sentence, who does the blank refer to?

A. Megan
B. Patricia
",A
"The tailor called Megan to say her coat was finished, so she asked her assistant Patricia to get it. _ drove the car to the tailor shop.

Question: In this sentence, who does the blank refer to?

A. Megan
B. Patricia
",B
"The ship risked being overcome by the wave, as the _ was so gigantic in comparison.

Question: In this sentence, who does the blank refer to?

A. ship
B. wave
",B
"The ship risked being overcome by the wave, as the _ was so tiny in comparison.

Question: In this sentence, who does the blank refer to?

A. ship
B. wave
",A
"Samantha was generally faster at running than Jessica, so it was surprising when _ lost the race by a large margin.

Question: In this sentence, who does the blank refer to?

A. Samantha
B. Jessica
",A
"Samantha was generally faster at running than Jessica, so it was surprising when _ won the race by a large margin.

Question: In this sentence, who does the blank refer to?

A. Samantha
B. Jessica
",B
"At school, Tanya loves games, while Monica is always focused on studying, so _ is more serious.

Question: In this sentence, who does the blank refer to?

A. Tanya
B. Monica
",B
"At school, Tanya loves games, while Monica is always focused on studying, so _ is more creative.

Question: In this sentence, who does the blank refer to?

A. Tanya
B. Monica
",A
"Lindsey did not feel the drip that got Jessica wet because _ was under the leaky spot in the roof.

Question: In this sentence, who does the blank refer to?

A. Lindsey
B. Jessica
",B
"Lindsey did not feel the drip that got Jessica wet because _ was away from the leaky spot in the roof.

Question: In this sentence, who does the blank refer to?

A. Lindsey
B. Jessica
",A
"Sarah confided in Laura that she had cheated on her boyfriend.  _ was sorry.

Question: In this sentence, who does the blank refer to?

A. Sarah
B. Laura
",A
"Sarah confided in Laura that she had cheated on her boyfriend.  _ was horrified.

Question: In this sentence, who does the blank refer to?

A. Sarah
B. Laura
",B
"The woman cooked the casserole for 30 minutes longer than the pizza because the _ was frozen.

Question: In this sentence, who does the blank refer to?

A. casserole
B. pizza
",A
"The woman cooked the casserole for 30 minutes longer than the pizza because the _ was defrosted.

Question: In this sentence, who does the blank refer to?

A. casserole
B. pizza
",B
"James needed to reduce the sound of his music whenever he is in the neighborhood because the _ is loud.

Question: In this sentence, who does the blank refer to?

A. music
B. neighborhood
",A
"James needed to reduce the sound of his music whenever he is in the neighborhood because the _ is quiet.

Question: In this sentence, who does the blank refer to?

A. music
B. neighborhood
",B
"Even though Kenneth had just started playing cricket while Logan had been playing for several years, _ scored fewer goals that day.

Question: In this sentence, who does the blank refer to?

A. Kenneth
B. Logan
",B
"Even though Kenneth had just started playing cricket while Logan had been playing for several years, _ scored more goals that day.

Question: In this sentence, who does the blank refer to?

A. Kenneth
B. Logan
",A
"Angela found it very rewarding to help Christine with their homework, which made _ feel thankful.

Question: In this sentence, who does the blank refer to?

A. Angela
B. Christine
",B
"Angela found it very rewarding to help Christine with their homework, which made _ feel useful.

Question: In this sentence, who does the blank refer to?

A. Angela
B. Christine
",A
"Neil put a lot of unwanted focus onto Donald, because _ is someone who doesn't care about their desire for isolation.

Question: In this sentence, who does the blank refer to?

A. Neil
B. Donald
",A
"Neil put a lot of unwanted focus onto Donald, because _ is someone who doesn't defend their desire for isolation.

Question: In this sentence, who does the blank refer to?

A. Neil
B. Donald
",B
"Jason found visiting the gym more soothing than Donald. _ had always found working out as stress relief difficult.

Question: In this sentence, who does the blank refer to?

A. Jason
B. Donald
",B
"Jason found visiting the gym more soothing than Donald. _ had always found working out as stress relief came naturally.

Question: In this sentence, who does the blank refer to?

A. Jason
B. Donald
",A
"Carrie didn't want to sell the business to Cynthia because _ was offering a price that was too low.

Question: In this sentence, who does the blank refer to?

A. Carrie
B. Cynthia
",B
"Carrie didn't want to sell the business to Cynthia because _ thought the price was too low.

Question: In this sentence, who does the blank refer to?

A. Carrie
B. Cynthia
",A
"I wanted to showcase my music skills by playing the violin while my brother played the piano. Unfortunately, no one heard me because the _ was too loud.

Question: In this sentence, who does the blank refer to?

A. piano
B. violin
",A
"I wanted to showcase my music skills by playing the violin while my brother played the piano. Unfortunately, no one heard me because the _ was too quiet.

Question: In this sentence, who does the blank refer to?

A. piano
B. violin
",B
"Racing against the clock, she caught up to her cab, but still missed her train.  The _ had still left too late.

Question: In this sentence, who does the blank refer to?

A. cab
B. train
",A
"Racing against the clock, she caught up to her cab, but still missed her train.  The _ had still left too early.

Question: In this sentence, who does the blank refer to?

A. cab
B. train
",B
"James went to fill up the barrel with the bucket but found that the _ was full.

Question: In this sentence, who does the blank refer to?

A. barrel
B. bucket
",A
"James went to fill up the barrel with the bucket but found that the _ was empty.

Question: In this sentence, who does the blank refer to?

A. barrel
B. bucket
",B
"The served coffee in the old cups rather than the new glass mugs because the _ were already clean.

Question: In this sentence, who does the blank refer to?

A. mugs
B. cups
",B
"The served coffee in the old cups rather than the new glass mugs because the _ were not washed.

Question: In this sentence, who does the blank refer to?

A. mugs
B. cups
",A
"William showed Randy how to replace the paneling in his home.  _ was talented.

Question: In this sentence, who does the blank refer to?

A. William
B. Randy
",A
"William showed Randy how to replace the paneling in his home.  _ was grateful.

Question: In this sentence, who does the blank refer to?

A. William
B. Randy
",B
"Samuel tried on the old hat, but Craig did not, and as a result _ did not find lice in their hair.

Question: In this sentence, who does the blank refer to?

A. Samuel
B. Craig
",B
"Samuel tried on the old hat, but Craig did not, and as a result _ found lice in their hair.

Question: In this sentence, who does the blank refer to?

A. Samuel
B. Craig
",A
"Megan asked Samantha if she wanted to get married right away, because _ was in love..

Question: In this sentence, who does the blank refer to?

A. Megan
B. Samantha
",A
"Megan asked Samantha if she wanted to get married right away, because _ was pregnant.

Question: In this sentence, who does the blank refer to?

A. Megan
B. Samantha
",B
"Logan drank more milk daily than Lawrence because _ had a severe case of lactose intolerance.

Question: In this sentence, who does the blank refer to?

A. Logan
B. Lawrence
",B
"Logan drank more milk daily than Lawrence because _ had a severe case of osteoporosis.

Question: In this sentence, who does the blank refer to?

A. Logan
B. Lawrence
",A
"She was able to find a fact about the plate, but not about the cup, because the _ was obscure.

Question: In this sentence, who does the blank refer to?

A. plate
B. cup
",B
"She was able to find a fact about the plate, but not about the cup, because the _ was ubiquitous.

Question: In this sentence, who does the blank refer to?

A. plate
B. cup
",A
"When the snake got close to Michael, Matthew jumped into action, however _ got bit anyway.

Question: In this sentence, who does the blank refer to?

A. Michael
B. Matthew
",A
"When the snake got close to Michael, Matthew jumped into action, and _ got bit instead.

Question: In this sentence, who does the blank refer to?

A. Michael
B. Matthew
",B
"The child's errant crayon turned the whole load of laundry a bright yellow color, because the _ was white.

Question: In this sentence, who does the blank refer to?

A. crayon
B. laundry
",B
"The child's errant crayon turned the whole load of laundry a bright yellow color, because the _ was yellow.

Question: In this sentence, who does the blank refer to?

A. crayon
B. laundry
",A
"Angela was the jester while Carrie was a king so _ laughed at the other's performance.

Question: In this sentence, who does the blank refer to?

A. Angela
B. Carrie
",B
"Angela was the king while Carrie was a jester so _ laughed at the other's performance.

Question: In this sentence, who does the blank refer to?

A. Angela
B. Carrie
",A
"His imagination went wild in the park, but went dormant on the trail, because he thought the _ was inspirational.

Question: In this sentence, who does the blank refer to?

A. park
B. trail
",A
"His imagination went wild in the park, but went dormant on the trail, because he thought the _ was blase.

Question: In this sentence, who does the blank refer to?

A. park
B. trail
",B
"Benjamin used dish soap for an emergency load of laundry while William used water, and so _ had clean clothes.

Question: In this sentence, who does the blank refer to?

A. Benjamin
B. William
",A
"Benjamin used dish soap for an emergency load of laundry while William used water, and so _ had spotted clothes.

Question: In this sentence, who does the blank refer to?

A. Benjamin
B. William
",B
"The cat was shedding, so we went with the bath treatment instead of the medicine since the _ was available.

Question: In this sentence, who does the blank refer to?

A. treatment
B. medicine
",A
"The cat was shedding, so we went with the bath treatment instead of the medicine since the _ was unavailable.

Question: In this sentence, who does the blank refer to?

A. treatment
B. medicine
",B
"Amy wanted to go back to work after retiring but Carrie did not because _ was bored.

Question: In this sentence, who does the blank refer to?

A. Amy
B. Carrie
",A
"Amy wanted to go back to work after retiring but Carrie did not because _ was occupied.

Question: In this sentence, who does the blank refer to?

A. Amy
B. Carrie
",B
"The deaf woman didn't notice the car but could tell the motorcycle was approaching.  The _ made rumbling vibrations.

Question: In this sentence, who does the blank refer to?

A. car
B. motorcycle
",B
"The deaf woman didn't notice the car but could tell the motorcycle was approaching.  The _ made no vibrations.

Question: In this sentence, who does the blank refer to?

A. car
B. motorcycle
",A
"Since Benjamin was a celebrity and Kenneth was unknown, _ was left alone whenever they were in public.

Question: In this sentence, who does the blank refer to?

A. Benjamin
B. Kenneth
",B
"Since Benjamin was a celebrity and Kenneth was unknown, _ was followed whenever they were in public.

Question: In this sentence, who does the blank refer to?

A. Benjamin
B. Kenneth
",A
"It was harder to get a job at the diner than at the firm because the _ had more openings.

Question: In this sentence, who does the blank refer to?

A. diner
B. firm
",B
"It was easier to get a job at the diner than at the firm because the _ had more openings.

Question: In this sentence, who does the blank refer to?

A. diner
B. firm
",A
"The repairman wanted to fix the engines by using a new oil pan and water pump, but the _ lacked oil.

Question: In this sentence, who does the blank refer to?

A. pan
B. pump
",A
"The repairman wanted to fix the engines by using a new oil pan and water pump, but the _ had water leaks.

Question: In this sentence, who does the blank refer to?

A. pan
B. pump
",B
"The razor of Carrie is much sharper than Patricia's because _ bought it new yesterday.

Question: In this sentence, who does the blank refer to?

A. Carrie
B. Patricia
",A
"The razor of Carrie is much duller than Patricia's because _ bought it new yesterday.

Question: In this sentence, who does the blank refer to?

A. Carrie
B. Patricia
",B
"California's climate is more conducive to growing oranges versus carrots because the _ crave sunlight.

Question: In this sentence, who does the blank refer to?

A. oranges
B. carrots
",A
"California's climate is more conducive to growing oranges versus carrots because the _ need shade.

Question: In this sentence, who does the blank refer to?

A. oranges
B. carrots
",B
"Natalie used Patricia's shower and thought it was very dirty. _ felt disgusted while in the bathroom.

Question: In this sentence, who does the blank refer to?

A. Natalie
B. Patricia
",A
"Natalie used Patricia's shower and thought it was very dirty. _ felt indifferent while in the bathroom.

Question: In this sentence, who does the blank refer to?

A. Natalie
B. Patricia
",B
"Leslie was a overall more fashionable than Derrick but _ bought a skirt than made them look great.

Question: In this sentence, who does the blank refer to?

A. Leslie
B. Derrick
",B
"Leslie was a overall more fashionable than Derrick but _ bought a skirt than made them look frumpy.

Question: In this sentence, who does the blank refer to?

A. Leslie
B. Derrick
",A
"Patricia had to give a public speech, but was so nervous compared to Jennifer, due to _ being outgoing.

Question: In this sentence, who does the blank refer to?

A. Patricia
B. Jennifer
",B
"Patricia had to give a public speech, but was so nervous compared to Jennifer, due to _ being shy.

Question: In this sentence, who does the blank refer to?

A. Patricia
B. Jennifer
",A
"Ben wanted to either get a pencil or a TV to change his life, but the _ was too cheap.

Question: In this sentence, who does the blank refer to?

A. pencil
B. TV
",A
"Ben wanted to either get a pencil or a TV to change his life, but the _ was too expensive.

Question: In this sentence, who does the blank refer to?

A. pencil
B. TV
",B
"Sarah really liked masturbation but Carrie liked sex more. _ was perfectly miserable home alone on a Saturday.

Question: In this sentence, who does the blank refer to?

A. Sarah
B. Carrie
",B
"Sarah really liked masturbation but Carrie liked sex more. _ was perfectly happy home alone on a Saturday.

Question: In this sentence, who does the blank refer to?

A. Sarah
B. Carrie
",A
"Ben had to make carrot juice and apple juice. Everyone liked the _ because it was common.

Question: In this sentence, who does the blank refer to?

A. apple juice
B. carrot juice
",A
"Ben had to make carrot juice and apple juice. Everyone liked the _ because it was uncommon.

Question: In this sentence, who does the blank refer to?

A. apple juice
B. carrot juice
",B
"A lawsuit was filed against Patricia by Erin because _ had damaged their new car.

Question: In this sentence, who does the blank refer to?

A. Patricia
B. Erin
",A
"A lawsuit was filed against Patricia by Erin because _ had their new car damaged.

Question: In this sentence, who does the blank refer to?

A. Patricia
B. Erin
",B
"Justin wanted to live in the country and own a horse but Kevin preferred the city. _ was overwhelmed by the noise and lights.

Question: In this sentence, who does the blank refer to?

A. Justin
B. Kevin
",A
"Justin wanted to live in the country and own a horse but Kevin preferred the city. _ was bored by the slow pace.

Question: In this sentence, who does the blank refer to?

A. Justin
B. Kevin
",B
"Dennis knew Justin was suffering from depression so he offered to listen for a while; _ felt grateful.

Question: In this sentence, who does the blank refer to?

A. Dennis
B. Justin
",B
"Dennis knew Justin was suffering from depression so he offered to listen for a while; _ felt helpful.

Question: In this sentence, who does the blank refer to?

A. Dennis
B. Justin
",A
"Nick's leg was bleeding and Eric was experiencing kidney pain, so _ had external bleeding.

Question: In this sentence, who does the blank refer to?

A. Nick
B. Eric
",A
"Nick's leg was bleeding and Eric was experiencing kidney pain, so _ had internal bleeding.

Question: In this sentence, who does the blank refer to?

A. Nick
B. Eric
",B
"In the cricket match, Cynthia beats Kayla by a lot of points, so _ is the winner.

Question: In this sentence, who does the blank refer to?

A. Cynthia
B. Kayla
",A
"In the cricket match, Cynthia beats Kayla by a lot of points, so _ is the loser.

Question: In this sentence, who does the blank refer to?

A. Cynthia
B. Kayla
",B
"A nervous Monica looked up at Mary near the top of the ladder , as _ ascended it.

Question: In this sentence, who does the blank refer to?

A. Monica
B. Mary
",B
"A nervous Monica looked up at Mary near the top of the ladder , as _ held it.

Question: In this sentence, who does the blank refer to?

A. Monica
B. Mary
",A
"Steven knocked on Williams door because he wanted to play shuffleboard today, but nobody was around.  _ was upset.

Question: In this sentence, who does the blank refer to?

A. Steven
B. William
",A
"Steven knocked on Williams door because he wanted to play shuffleboard today, but nobody was around.  _ was at church.

Question: In this sentence, who does the blank refer to?

A. Steven
B. William
",B
"After being caught speeding, Mike had to go to court, but not jail because the _ was for minor offenses.

Question: In this sentence, who does the blank refer to?

A. jail
B. court
",B
"After being caught speeding, Mike had to go to court, but not jail because the _ was for major offenses.

Question: In this sentence, who does the blank refer to?

A. jail
B. court
",A
"When making a jacket, Jim decided to use leather over cloth as a material because the _ was resistant to damage.

Question: In this sentence, who does the blank refer to?

A. cloth
B. leather
",B
"When making a jacket, Jim decided to use leather over cloth as a material because the _ was susceptible to damage.

Question: In this sentence, who does the blank refer to?

A. cloth
B. leather
",A
"Natalie told Kayla to her face that she had horrible breath; then _ ate some breath mints.

Question: In this sentence, who does the blank refer to?

A. Natalie
B. Kayla
",B
"Natalie told Kayla to her face that she had horrible breath; then _ offered some breath mints.

Question: In this sentence, who does the blank refer to?

A. Natalie
B. Kayla
",A
"The speech was louder in the auditorium than the park because there were more speakers at the _ .

Question: In this sentence, who does the blank refer to?

A. auditorium
B. park
",A
"The speech was louder in the auditorium than the park because there were less speakers at the _ .

Question: In this sentence, who does the blank refer to?

A. auditorium
B. park
",B
"Craig caught the common cold and stayed away from Dennis, because _ didn't want them getting sick.

Question: In this sentence, who does the blank refer to?

A. Craig
B. Dennis
",A
"Craig caught the common cold and stayed away from Dennis, because _ didn't want to get sick.

Question: In this sentence, who does the blank refer to?

A. Craig
B. Dennis
",B
"John liked the gift that Susan gave him more than the present from his brother because the _ was very ugly.

Question: In this sentence, who does the blank refer to?

A. gift
B. present
",B
"John liked the gift that Susan gave him more than the present from his brother because the _ was very beautiful.

Question: In this sentence, who does the blank refer to?

A. gift
B. present
",A
"The hair held together by a clip dropped into the fire but only the hair got burned. The _ is flammable.

Question: In this sentence, who does the blank refer to?

A. hair
B. clip
",A
"The hair held together by a clip dropped into the fire but only the hair got burned. The _ is inflammable.

Question: In this sentence, who does the blank refer to?

A. hair
B. clip
",B
"Donna was in love with two perfumes, coconut and floral. She preferred the _ for the tropical smell.

Question: In this sentence, who does the blank refer to?

A. coconut
B. floral
",A
"Donna was in love with two perfumes, coconut and floral. She preferred the _ for the gardenia smell.

Question: In this sentence, who does the blank refer to?

A. coconut
B. floral
",B
"Hunter was visited by Neil because _ was very sick and needed a friend to bring him medicine and chicken soup.

Question: In this sentence, who does the blank refer to?

A. Hunter
B. Neil
",A
"Hunter went to see Neil because _ was very sick and needed a friend to bring him medicine and chicken soup.

Question: In this sentence, who does the blank refer to?

A. Hunter
B. Neil
",B
"I tried to put money in my wife's pocket but I couldn't because the _ was too tight.

Question: In this sentence, who does the blank refer to?

A. pocket
B. money
",A
"I tried to put money in my wife's pocket but I couldn't because the _ was too thick.

Question: In this sentence, who does the blank refer to?

A. pocket
B. money
",B
"Sally couldn't afford to buy both toilet paper and hand soap. She settled on the _ so she could wipe herself clean after pooping.

Question: In this sentence, who does the blank refer to?

A. hand soap
B. toilet paper
",B
"Sally couldn't afford to buy both toilet paper and hand soap. She settled on the _ because she could wash her hands clean after pooping.

Question: In this sentence, who does the blank refer to?

A. hand soap
B. toilet paper
",A
"The engine of Lindsey's car had more problems than Kayla's because _ neglected it all the time.

Question: In this sentence, who does the blank refer to?

A. Lindsey
B. Kayla
",A
"The engine of Lindsey's car had more problems than Kayla's because _ cared for it all the time.

Question: In this sentence, who does the blank refer to?

A. Lindsey
B. Kayla
",B
"He wouldn't dunk his donuts in coffee, but he loved to do so with his cookies, since the _ stayed intact in the drink.

Question: In this sentence, who does the blank refer to?

A. donuts
B. cookies
",B
"He wouldn't dunk his donuts in coffee, but he loved to do so with his cookies, since the _ broke up in the drink.

Question: In this sentence, who does the blank refer to?

A. donuts
B. cookies
",A
"The bus was supposed to arrive at 7:45 but the concert featuring my favorite indie band was scheduled for 8:00; luckily the _ was early so I didn't miss anything.

Question: In this sentence, who does the blank refer to?

A. bus
B. concert
",A
"The bus was supposed to arrive at 7:45 but the concert featuring my favorite indie band was scheduled for 8:00; luckily the _ was late so I didn't miss anything.

Question: In this sentence, who does the blank refer to?

A. bus
B. concert
",B
"The homemaker used a pail of water to clean the old door, when she was done the _ was dirty.

Question: In this sentence, who does the blank refer to?

A. water
B. door
",A
"The homemaker used a pail of water to clean the old door, when she was done the _ was clean.

Question: In this sentence, who does the blank refer to?

A. water
B. door
",B
"The norovirus was caught by Michael but Matthew was able to avoid it because, _ always washed their hands.

Question: In this sentence, who does the blank refer to?

A. Michael
B. Matthew
",B
"The norovirus was caught by Michael but Matthew was able to avoid it because, _ never washed their hands.

Question: In this sentence, who does the blank refer to?

A. Michael
B. Matthew
",A
"The pants were sliced both with a knife and then later with razor.  The _ was used second.

Question: In this sentence, who does the blank refer to?

A. knife
B. razor
",B
"The pants were sliced both with a knife and then later with razor.  The _ was used first.

Question: In this sentence, who does the blank refer to?

A. knife
B. razor
",A
"Betty talked in their sleep and Mary found it hard to sleep with noise so _ went to see a specialist.

Question: In this sentence, who does the blank refer to?

A. Betty
B. Mary
",A
"Betty talked in their sleep and Mary found it hard to sleep with noise so _ went to buy some earplugs.

Question: In this sentence, who does the blank refer to?

A. Betty
B. Mary
",B
"Applying for a loan Rachel had to run Rebecca's credit because _ was the loaner.

Question: In this sentence, who does the blank refer to?

A. Rachel
B. Rebecca
",A
"Applying for a loan Rachel had to run Rebecca's credit because _ was the applicant.

Question: In this sentence, who does the blank refer to?

A. Rachel
B. Rebecca
",B
"Jerry quickly swept a stray sock under his bed, making his bedroom appear tidy by using the _ to cover his mess.

Question: In this sentence, who does the blank refer to?

A. bed
B. sock
",A
"Jerry quickly swept a stray sock under his bed, making his bedroom appear tidy by hiding the _ to cover his mess.

Question: In this sentence, who does the blank refer to?

A. bed
B. sock
",B
"Lindsey answered the phone and took the message but not Amy because _ was the secretary.

Question: In this sentence, who does the blank refer to?

A. Lindsey
B. Amy
",A
"Lindsey answered the phone and took the message but not Amy because _ was the janitor.

Question: In this sentence, who does the blank refer to?

A. Lindsey
B. Amy
",B
"Nick quite often likes to drive too fast but Robert never does because _ is reckless.

Question: In this sentence, who does the blank refer to?

A. Nick
B. Robert
",A
"Nick quite often likes to drive too fast but Robert never does because _ is sensible.

Question: In this sentence, who does the blank refer to?

A. Nick
B. Robert
",B
"Lindsey loved spiders and want to collect them, but they freaked out Betty. _ decided it best to keep it quiet.

Question: In this sentence, who does the blank refer to?

A. Lindsey
B. Betty
",A
"Lindsey loved spiders and want to collect them, but they freaked out Betty. _ decided the didn't want to know.

Question: In this sentence, who does the blank refer to?

A. Lindsey
B. Betty
",B
"Fred wanted to revamp his annual charity events theme to a new design. The _ was new.

Question: In this sentence, who does the blank refer to?

A. theme
B. design
",B
"Fred wanted to revamp his annual charity events theme to a new design. The _ was old.

Question: In this sentence, who does the blank refer to?

A. theme
B. design
",A
"Samantha just loved annoying the heck out of Felicia , so _ tried spending less time with her.

Question: In this sentence, who does the blank refer to?

A. Samantha
B. Felicia
",B
"Samantha just loved annoying the heck out of Felicia , so _ tried spending more time with her.

Question: In this sentence, who does the blank refer to?

A. Samantha
B. Felicia
",A
"Being polite came natural to Betty but not Rachel because _ had read several books on etiquette.

Question: In this sentence, who does the blank refer to?

A. Betty
B. Rachel
",A
"Being polite came natural to Betty but not Rachel because _ had not read any books on etiquette.

Question: In this sentence, who does the blank refer to?

A. Betty
B. Rachel
",B
"The oil spilled on Nick 's shirt while he cooked for Justin, so _ asked him for a clean shirt.

Question: In this sentence, who does the blank refer to?

A. Nick
B. Justin
",A
"The oil spilled on Nick 's shirt while he cooked for Justin, so _ offered him for a clean shirt.

Question: In this sentence, who does the blank refer to?

A. Nick
B. Justin
",B
"After trying to grow orchids, she decided to go back to her hobby of growing marigolds, because she found the _ were complicated.

Question: In this sentence, who does the blank refer to?

A. marigolds
B. orchids
",B
"After trying to grow orchids, she decided to go back to her hobby of growing marigolds, because she found the _ were simpler.

Question: In this sentence, who does the blank refer to?

A. marigolds
B. orchids
",A
"The lawyer sealed the contract in an envelope before handing it to his client. The _ was no longer visible.

Question: In this sentence, who does the blank refer to?

A. contract
B. envelope
",A
"The lawyer sealed the contract in an envelope before handing it to his client. The _ was the only thing visible.

Question: In this sentence, who does the blank refer to?

A. contract
B. envelope
",B
"She wanted to go shopping for a rug for the patio because the _ looked bare.

Question: In this sentence, who does the blank refer to?

A. patio
B. rug
",A
"She wanted to go shopping for a rug for the patio because the _ was on sale.

Question: In this sentence, who does the blank refer to?

A. patio
B. rug
",B
"Rebecca had to ask Elena if they needed to cheat, because _ had not studied the night before.

Question: In this sentence, who does the blank refer to?

A. Rebecca
B. Elena
",B
"Rebecca had to ask Elena if they could cheat, because _ had not studied the night before.

Question: In this sentence, who does the blank refer to?

A. Rebecca
B. Elena
",A
"Nelson finished the mile run faster than Ian because _ exercised quite regularly every day.

Question: In this sentence, who does the blank refer to?

A. Nelson
B. Ian
",A
"Nelson finished the mile run faster than Ian because _ liked to relax every day.

Question: In this sentence, who does the blank refer to?

A. Nelson
B. Ian
",B
"At the corn maze, Kayla laughs as they try to find Amy, and eventually _  appears.

Question: In this sentence, who does the blank refer to?

A. Kayla
B. Amy
",B
"At the corn maze, Kayla laughs as they try to find Amy, and eventually _ gives up.

Question: In this sentence, who does the blank refer to?

A. Kayla
B. Amy
",A
"In an effort to eat healthy, Craig attempted to get Adam on board when _ got rid of the unhealthy stuff in the house and replaced it with cactus juice.

Question: In this sentence, who does the blank refer to?

A. Craig
B. Adam
",A
"In an effort to eat healthy, Craig attempted to get Adam on board, but _ got rid of the cactus juice in the house and replaced it with unhealthy stuff.

Question: In this sentence, who does the blank refer to?

A. Craig
B. Adam
",B
"The sky was brown over the factory, as the _ absorbed so much pollution all day.

Question: In this sentence, who does the blank refer to?

A. sky
B. factory
",A
"The sky was brown over the factory, as the _ gave out so much pollution all day.

Question: In this sentence, who does the blank refer to?

A. sky
B. factory
",B
"Erin was a better cook than Lindsey although _ had taken cooking classes for years.

Question: In this sentence, who does the blank refer to?

A. Erin
B. Lindsey
",B
"Erin was a better cook than Lindsey because _ had taken cooking classes for years.

Question: In this sentence, who does the blank refer to?

A. Erin
B. Lindsey
",A
"I went to Thailand to have the treatment and not to China for the procedure because the _ in Thailand was amazing.

Question: In this sentence, who does the blank refer to?

A. treatment
B. procedure
",A
"I went to Thailand to have the treatment and not to China for the procedure because the _ in China was horrible.

Question: In this sentence, who does the blank refer to?

A. treatment
B. procedure
",B
"John's new cellphone would not fit in his new wallet, because the _ was too small.

Question: In this sentence, who does the blank refer to?

A. wallet
B. cellphone
",A
"John's new cellphone would not fit in his new wallet, because the _ was too large.

Question: In this sentence, who does the blank refer to?

A. wallet
B. cellphone
",B
"Dennis made a blue outfit while Aaron made a pink outfit for the baby, _ was expecting a boy.

Question: In this sentence, who does the blank refer to?

A. Dennis
B. Aaron
",A
"Dennis made a blue outfit while Aaron made a pink outfit for the baby, _ was expecting a girl.

Question: In this sentence, who does the blank refer to?

A. Dennis
B. Aaron
",B
"The woman determined the smell in the kitchen was coming from the potatoes instead of the onions, because the _ were rotten.

Question: In this sentence, who does the blank refer to?

A. Potatoes
B. Onions
",A
"The woman determined the smell in the kitchen was coming from the potatoes instead of the onions, because the _ were fresh.

Question: In this sentence, who does the blank refer to?

A. Potatoes
B. Onions
",B
"Mary preferred to grill her vegetables in the patio instead of cooking them on the stove in the kitchen because it was too cold out to use the _ .

Question: In this sentence, who does the blank refer to?

A. grill
B. stove
",A
"Mary preferred to grill her vegetables in the patio instead of cooking them on the stove in the kitchen because it was too hot inside to use the _ .

Question: In this sentence, who does the blank refer to?

A. grill
B. stove
",B
"Nick just started an accounting business, and Jeffrey started a bakery. _ is better at math.

Question: In this sentence, who does the blank refer to?

A. Nick
B. Jeffrey
",A
"Nick just started an accounting business, and Jeffrey started a bakery. _ is better at baking.

Question: In this sentence, who does the blank refer to?

A. Nick
B. Jeffrey
",B
"Since Kevin always broke the rules and Benjamin always followed them, _ was disciplined much less frequently.

Question: In this sentence, who does the blank refer to?

A. Kevin
B. Benjamin
",B
"Since Kevin always broke the rules and Benjamin always followed them, _ was disciplined much more frequently.

Question: In this sentence, who does the blank refer to?

A. Kevin
B. Benjamin
",A
"Elena was skinnier than Lindsey because _ liked to eat a lot of cabbage and vegetables.

Question: In this sentence, who does the blank refer to?

A. Elena
B. Lindsey
",A
"Elena was skinnier than Lindsey because _ didn't like to eat a lot of cabbage and vegetables.

Question: In this sentence, who does the blank refer to?

A. Elena
B. Lindsey
",B
"For Halloween this year Victoria bought a costume at store but Katrina made their own as _ doesn't mind spending money.

Question: In this sentence, who does the blank refer to?

A. Victoria
B. Katrina
",A
"For Halloween this year Victoria bought a costume at store but Katrina made their own as _ doesn't mind spending time.

Question: In this sentence, who does the blank refer to?

A. Victoria
B. Katrina
",B
"Hunter confidently showed Adam the water tank that he built this weekend.  _ was impressed.

Question: In this sentence, who does the blank refer to?

A. Hunter
B. Adam
",B
"Hunter confidently showed Adam the water tank that he built this weekend.  _ was handy.

Question: In this sentence, who does the blank refer to?

A. Hunter
B. Adam
",A
"Lindsey was attempting to install carpet in Erins house because _ was an terrible at it.

Question: In this sentence, who does the blank refer to?

A. Lindsey
B. Erin
",B
"Lindsey was attempting to install carpet in Erins house because _ was an expert at it.

Question: In this sentence, who does the blank refer to?

A. Lindsey
B. Erin
",A
"Elena loves to read books but Jessica does not. _ bought books all the time.

Question: In this sentence, who does the blank refer to?

A. Elena
B. Jessica
",A
"Elena loves to read books but Jessica does not. _ bought videos all the time.

Question: In this sentence, who does the blank refer to?

A. Elena
B. Jessica
",B
"After cleaning the greenhouse, Felicia loved finding a butterfly, yet Rachel was scared when _ showed it to her.

Question: In this sentence, who does the blank refer to?

A. Felicia
B. Rachel
",A
"After cleaning the greenhouse, Felicia loved finding a butterfly, yet Rachel was scared when _ looked at it.

Question: In this sentence, who does the blank refer to?

A. Felicia
B. Rachel
",B
"Amy didn't have to get a lawyer even though Monica did because _ couldn't get their charges dropped.

Question: In this sentence, who does the blank refer to?

A. Amy
B. Monica
",B
"Amy didn't have to get a lawyer even though Monica did because _ got their charges dropped.

Question: In this sentence, who does the blank refer to?

A. Amy
B. Monica
",A
"The boat was painted by Victoria before Natalie bought it because _ was buying it.

Question: In this sentence, who does the blank refer to?

A. Victoria
B. Natalie
",B
"The boat was painted by Victoria before Natalie bought it because _ was selling it.

Question: In this sentence, who does the blank refer to?

A. Victoria
B. Natalie
",A
"On Main Street, the boutique was having more success than the department store because the _ has a inappropriate selection of clothing.

Question: In this sentence, who does the blank refer to?

A. boutique
B. department store
",B
"On Main Street, the boutique was having more success than the department store because the _ has a quality selection of clothing.

Question: In this sentence, who does the blank refer to?

A. boutique
B. department store
",A
"Benjamin accused Adam of taking the last jar of peanut butter, _ is a hungry person.

Question: In this sentence, who does the blank refer to?

A. Benjamin
B. Adam
",B
"Benjamin accused Adam of taking the last jar of peanut butter, _ is a distrusting person.

Question: In this sentence, who does the blank refer to?

A. Benjamin
B. Adam
",A
"3 cars could park in the garage but only 2 in the carport because the _ was smaller.

Question: In this sentence, who does the blank refer to?

A. garage
B. carport
",B
"3 cars could park in the garage but only 2 in the carport because the _ was larger.

Question: In this sentence, who does the blank refer to?

A. garage
B. carport
",A
"Lawrence did not like the smell of Joel's new soap but _ liked musky smells.

Question: In this sentence, who does the blank refer to?

A. Lawrence
B. Joel
",B
"Lawrence did not like the smell of Joel's new soap because _ disliked musky smells.

Question: In this sentence, who does the blank refer to?

A. Lawrence
B. Joel
",A
"It was easier to get rid of the skunks from my yard, than the possums. _ must be insensitive to the wolf urine that I used.

Question: In this sentence, who does the blank refer to?

A. skunks
B. possums
",B
"It was easier to get rid of the skunks from my yard, than the possums. _ must be afraid of the wolf urine that I used.

Question: In this sentence, who does the blank refer to?

A. skunks
B. possums
",A
"Ken tried to draw a design onto his stencil paper while using a pencil, but the paper ripped because the _ was too thin.

Question: In this sentence, who does the blank refer to?

A. pencil
B. paper
",B
"Ken tried to draw a design onto his stencil paper while using a pencil, but the paper ripped because the _ was too sharp.

Question: In this sentence, who does the blank refer to?

A. pencil
B. paper
",A
"we replaced the cement surface in the bedroom with wood because the _ was cold.

Question: In this sentence, who does the blank refer to?

A. cement
B. wood
",A
"we replaced the cement surface in the bedroom with wood because the _ was warm.

Question: In this sentence, who does the blank refer to?

A. cement
B. wood
",B
"Jenny was training hard to meet the time requirement for the marathon, but the _ was slow.

Question: In this sentence, who does the blank refer to?

A. training
B. time requirement
",A
"Jenny was training hard to meet the time requirement for the marathon, but the _ was fast.

Question: In this sentence, who does the blank refer to?

A. training
B. time requirement
",B
"Many people thought Eric looked and acted younger than Steven, although _ was actually younger.

Question: In this sentence, who does the blank refer to?

A. Eric
B. Steven
",B
"Many people thought Eric looked and acted younger than Steven, although _ was actually older.

Question: In this sentence, who does the blank refer to?

A. Eric
B. Steven
",A
"Emily was going to polish Lindsey car but did not because _ noticed it was about to rain.

Question: In this sentence, who does the blank refer to?

A. Emily
B. Lindsey
",A
"Emily was going to polish Lindsey car but did not because _ told them it was about to rain.

Question: In this sentence, who does the blank refer to?

A. Emily
B. Lindsey
",B
"Tanya asked Angela which type of yarn would be best for crocheting a scarf, because _ was a novice.

Question: In this sentence, who does the blank refer to?

A. Tanya
B. Angela
",A
"Tanya asked Angela which type of yarn would be best for crocheting a scarf, because _ was an expert.

Question: In this sentence, who does the blank refer to?

A. Tanya
B. Angela
",B
"Sarah found the sound of the sax peaceful but Maria found it grating. _ bought a Kenny G album.

Question: In this sentence, who does the blank refer to?

A. Sarah
B. Maria
",A
"Sarah found the sound of the sax peaceful but Maria found it grating. _ bought a Metallic album.

Question: In this sentence, who does the blank refer to?

A. Sarah
B. Maria
",B
"Hunter had a more difficult time doing Yoga than Craig, because _ had a flexible body.

Question: In this sentence, who does the blank refer to?

A. Hunter
B. Craig
",B
"Hunter had a more difficult time doing Yoga than Craig, because _ had a rigid body.

Question: In this sentence, who does the blank refer to?

A. Hunter
B. Craig
",A
"The cold air inundated the shack but the house remained warm, as the _ 's windows remained closed .

Question: In this sentence, who does the blank refer to?

A. shack
B. house
",B
"The cold air inundated the shack but the house remained warm, as the _ 's windows remained open .

Question: In this sentence, who does the blank refer to?

A. shack
B. house
",A
"Because Lindsey liked to go camping more than Natalie, _ found owning a sleeping bag was essential.

Question: In this sentence, who does the blank refer to?

A. Lindsey
B. Natalie
",A
"Because Lindsey liked to go camping more than Natalie, _ didn't believe owning a sleeping bag was essential.

Question: In this sentence, who does the blank refer to?

A. Lindsey
B. Natalie
",B
"Sarah went to the hairdresser, she got a new hair cut for shorter length but no color. The _ was the same.

Question: In this sentence, who does the blank refer to?

A. color
B. length
",A
"Sarah went to the hairdresser, she got a new hair cut for shorter length but no color. The _ was changed.

Question: In this sentence, who does the blank refer to?

A. color
B. length
",B
"The carrots were chosen to use alongside the meat in the dish instead of broccoli. The _ were unpopular.

Question: In this sentence, who does the blank refer to?

A. carrots
B. broccoli
",B
"The carrots were chosen to use alongside the meat in the dish instead of broccoli. The _ were favorited.

Question: In this sentence, who does the blank refer to?

A. carrots
B. broccoli
",A
"We needed to return the book we barrowed from the library, but the _ was not finished.

Question: In this sentence, who does the blank refer to?

A. library
B. book
",B
"We needed to return the book we barrowed from the library, but the _ was not open.

Question: In this sentence, who does the blank refer to?

A. library
B. book
",A
"Neil got a bird as a pet and Michael go a horse because _ liked animals that could fly.

Question: In this sentence, who does the blank refer to?

A. Neil
B. Michael
",A
"Neil got a bird as a pet and Michael go a horse because _ liked animals that could gallop.

Question: In this sentence, who does the blank refer to?

A. Neil
B. Michael
",B
"James finger could not enter his nose when it itched because the _ is very big.

Question: In this sentence, who does the blank refer to?

A. nose
B. finger
",B
"James finger could not enter his nose when it itched because the _ is very small.

Question: In this sentence, who does the blank refer to?

A. nose
B. finger
",A
"Mary is a nurse, Rachel is a teacher therefore _ knows a lot about the control of swelling.

Question: In this sentence, who does the blank refer to?

A. Mary
B. Rachel
",A
"Mary is a nurse, Rachel is a teacher therefore _ knows little about the control of swelling.

Question: In this sentence, who does the blank refer to?

A. Mary
B. Rachel
",B
"Katrina offered Carrie money to go through the spam folder because _ didn't mind to deal with it.

Question: In this sentence, who does the blank refer to?

A. Katrina
B. Carrie
",B
"Katrina offered Carrie money to go through the spam folder because _ didn't want to deal with it.

Question: In this sentence, who does the blank refer to?

A. Katrina
B. Carrie
",A
"Victoria helped Emily to write an essay for college because _ had only experiences with writing papers in high school.

Question: In this sentence, who does the blank refer to?

A. Victoria
B. Emily
",B
"Victoria helped Emily to write an essay for college because _ had many experiences with writing papers in college.

Question: In this sentence, who does the blank refer to?

A. Victoria
B. Emily
",A
"Jay washed the glass bowl instead of the plate because the _ was very clean.

Question: In this sentence, who does the blank refer to?

A. bowl
B. plate
",B
"Jay washed the glass bowl instead of the plate because the _ was very dirty.

Question: In this sentence, who does the blank refer to?

A. bowl
B. plate
",A
"The vegetarian meal seemed very unappealing to Monica although Tanya loved it, because _ was a carnivore.

Question: In this sentence, who does the blank refer to?

A. Monica
B. Tanya
",A
"The vegetarian meal seemed very unappealing to Monica although Tanya loved it, because _ was a vegetarian.

Question: In this sentence, who does the blank refer to?

A. Monica
B. Tanya
",B
"Bullies usually left Sarah alone but bothered Maria because _ was really very physically strong.

Question: In this sentence, who does the blank refer to?

A. Sarah
B. Maria
",A
"Bullies usually left Sarah alone but bothered Maria because _ was really very physically weak.

Question: In this sentence, who does the blank refer to?

A. Sarah
B. Maria
",B
"Benjamin prepared a list for Dennis to bring to the grocery store since _ had to work that weekend.

Question: In this sentence, who does the blank refer to?

A. Benjamin
B. Dennis
",A
"Benjamin perpared a list for Dennis to bring to the grocery store since _ didn't have to work that weekend.

Question: In this sentence, who does the blank refer to?

A. Benjamin
B. Dennis
",B
"The mother wanted to serve the food at the dinner but the _ was too cold.

Question: In this sentence, who does the blank refer to?

A. food
B. dinner
",A
"The mother wanted to serve the food at the dinner but the _ was too late.

Question: In this sentence, who does the blank refer to?

A. food
B. dinner
",B
"Doing a pushup was very hard for Derrick but not for Michael because _ was in good shape.

Question: In this sentence, who does the blank refer to?

A. Derrick
B. Michael
",B
"Doing a pushup was very hard for Derrick but not for Michael because _ was in bad shape.

Question: In this sentence, who does the blank refer to?

A. Derrick
B. Michael
",A
"The condition that my friend had was less severe than his moms disease, because the _ was terminal.

Question: In this sentence, who does the blank refer to?

A. condition
B. disease
",B
"The condition that my friend had was less severe than his moms disease, because the _ was curable.

Question: In this sentence, who does the blank refer to?

A. condition
B. disease
",A
"Jeremy was trying to sleep so John ate an orange instead of the almond he really wanted since eating the _ was loud.

Question: In this sentence, who does the blank refer to?

A. orange
B. almond
",B
"Jeremy was trying to sleep so John ate an orange instead of the almond he really wanted since eating the _ was quiet.

Question: In this sentence, who does the blank refer to?

A. orange
B. almond
",A
"Ben was a book worm. He loved both fiction and non-fiction books, but he chose the _ book as it was fake.

Question: In this sentence, who does the blank refer to?

A. non-fiction books
B. fiction books
",B
"Ben was a book worm. He loved both fiction and non-fiction books, but he chose the _ book as it was realistic.

Question: In this sentence, who does the blank refer to?

A. non-fiction books
B. fiction books
",A
"After Joel started dating Dennis's former girlfriend, _ tried to down play the new relationship.

Question: In this sentence, who does the blank refer to?

A. Joel
B. Dennis
",A
"After Joel started dating Dennis's former girlfriend, _ tried to break up the new relationship.

Question: In this sentence, who does the blank refer to?

A. Joel
B. Dennis
",B
"Helen was curious about how the ball broke the window, because the _ was soft.

Question: In this sentence, who does the blank refer to?

A. ball
B. window
",A
"Helen was curious about how the ball broke the window, because the _ was hard.

Question: In this sentence, who does the blank refer to?

A. ball
B. window
",B
"Rebecca told Amy that her neck pain has not gone away now for two weeks.  _ was frustrated.

Question: In this sentence, who does the blank refer to?

A. Rebecca
B. Amy
",A
"Rebecca told Amy that her neck pain has not gone away now for two weeks.  _ was sympathetic.

Question: In this sentence, who does the blank refer to?

A. Rebecca
B. Amy
",B
"The vegetable wasn't cooking fast enough in the water with fire because the _ was too small.

Question: In this sentence, who does the blank refer to?

A. water
B. fire
",B
"The vegetable wasn't cooking fast enough in the water with fire because the _ was too much.

Question: In this sentence, who does the blank refer to?

A. water
B. fire
",A
"Joseph told Lawrence that he has had the flu for the past 2 weeks.  _ felt sick.

Question: In this sentence, who does the blank refer to?

A. Joseph
B. Lawrence
",A
"Joseph told Lawrence that he has had the flu for the past 2 weeks.  _ felt empathy for him.

Question: In this sentence, who does the blank refer to?

A. Joseph
B. Lawrence
",B
"Patricia invited Elena to exercise with them at the gym. _ has been going almost daily.

Question: In this sentence, who does the blank refer to?

A. Patricia
B. Elena
",A
"Patricia invited Elena to exercise with them at the gym, but _ has already been going daily.

Question: In this sentence, who does the blank refer to?

A. Patricia
B. Elena
",B
"John fell down while walking on the pavement and decided to take the lawn instead. The _ is dry.

Question: In this sentence, who does the blank refer to?

A. pavement
B. lawn
",B
"John fell down while walking on the pavement and decided to take the lawn instead. The _ is slippery.

Question: In this sentence, who does the blank refer to?

A. pavement
B. lawn
",A
"The laptop was owned by Craig and the desktop by Hunter, so _ had the ability to easily transport their computer.

Question: In this sentence, who does the blank refer to?

A. Craig
B. Hunter
",A
"The laptop was owned by Craig and the desktop by Hunter, so _ was unable to easily transport their computer.

Question: In this sentence, who does the blank refer to?

A. Craig
B. Hunter
",B
"Emily's hair was recently dyed to get the gray out, but Erin has never had grays, so _ is younger.

Question: In this sentence, who does the blank refer to?

A. Emily
B. Erin
",B
"Emily's hair was recently dyed to get the gray out, but Erin has never had grays, so _ is older.

Question: In this sentence, who does the blank refer to?

A. Emily
B. Erin
",A
"Jane was surprised the pin could not go through the jean because the _ is strong.

Question: In this sentence, who does the blank refer to?

A. pin
B. jean
",B
"Jane was surprised the pin could not go through the jean because the _ is weak.

Question: In this sentence, who does the blank refer to?

A. pin
B. jean
",A
"The woman tried to use lotion to moisturize her skin but the _ was too rough.

Question: In this sentence, who does the blank refer to?

A. skin
B. lotion
",A
"The woman tried to use lotion to moisturize her skin but the _ was too weak.

Question: In this sentence, who does the blank refer to?

A. skin
B. lotion
",B
"Samuel took more vitamins than Robert did because _ had less trouble with their mind.

Question: In this sentence, who does the blank refer to?

A. Samuel
B. Robert
",B
"Samuel took more vitamins than Robert did because _ had more trouble with their mind.

Question: In this sentence, who does the blank refer to?

A. Samuel
B. Robert
",A
"Aaron spent more time with their pet than Ryan because _ was at home all day.

Question: In this sentence, who does the blank refer to?

A. Aaron
B. Ryan
",A
"Aaron spent more time with their pet than Ryan because _ was at work all day.

Question: In this sentence, who does the blank refer to?

A. Aaron
B. Ryan
",B
"Elena wanted to receive a bracelet from Victoria, so _ saved money until they could afford it.

Question: In this sentence, who does the blank refer to?

A. Elena
B. Victoria
",B
"Elena wanted to receive a bracelet from Victoria, so _ dropped hints until they could get it.

Question: In this sentence, who does the blank refer to?

A. Elena
B. Victoria
",A
"While discussing retirement, William wanted to move to Florida and Jeffrey did not for _ liked warm climates.

Question: In this sentence, who does the blank refer to?

A. William
B. Jeffrey
",A
"While discussing retirement, William wanted to move to Florida and Jeffrey did not for _ liked cold climates.

Question: In this sentence, who does the blank refer to?

A. William
B. Jeffrey
",B
"The pressure of the water increased when it flowed from the tank to the pipe because the _ is narrower.

Question: In this sentence, who does the blank refer to?

A. tank
B. pipe
",B
"The pressure of the water increased when it flowed from the tank to the pipe because the _ is wider.

Question: In this sentence, who does the blank refer to?

A. tank
B. pipe
",A
"James needed more eggplant if he wanted to fill up the pot. He did not know the _ would be that big.

Question: In this sentence, who does the blank refer to?

A. eggplant
B. pot
",B
"James needed more eggplant if he wanted to fill up the pot. He did not know the _ would be that small.

Question: In this sentence, who does the blank refer to?

A. eggplant
B. pot
",A
"The material for the test was less important than the paperwork for the interview, because the _ was very easy.

Question: In this sentence, who does the blank refer to?

A. material
B. paperwork
",A
"The material for the test was less important than the paperwork for the interview, because the _ was very difficult.

Question: In this sentence, who does the blank refer to?

A. material
B. paperwork
",B
"Kenneth ran out of quarters at the arcade. He robbed William because _ was a devious person.

Question: In this sentence, who does the blank refer to?

A. Kenneth
B. William
",A
"Kenneth ran out of quarters at the arcade. He robbed William because _ was a distracted person.

Question: In this sentence, who does the blank refer to?

A. Kenneth
B. William
",B
"I refused to stop wearing my old hat even though there were holes in it because the _ gave it character.

Question: In this sentence, who does the blank refer to?

A. holes
B. hat
",A
"I refused to stop wearing my old hat even though there were holes in it but the _ fell apart.

Question: In this sentence, who does the blank refer to?

A. holes
B. hat
",B
"Brian is able to eat a lot more butter in their diet than Jeffrey because _ is on a strict diet.

Question: In this sentence, who does the blank refer to?

A. Brian
B. Jeffrey
",B
"Brian is able to eat a lot more butter in their diet than Jeffrey because _ isn't on a diet.

Question: In this sentence, who does the blank refer to?

A. Brian
B. Jeffrey
",A
"Even though Christine lost more weight than Jessica, _ still ate fewer sweets overall despite this.

Question: In this sentence, who does the blank refer to?

A. Christine
B. Jessica
",B
"Even though Christine lost more weight than Jessica, _ still ate more sweets overall despite this.

Question: In this sentence, who does the blank refer to?

A. Christine
B. Jessica
",A
"Aaron asked Steven to help out with some chores around the house, but _ was whiny.

Question: In this sentence, who does the blank refer to?

A. Aaron
B. Steven
",B
"Aaron asked Steven to help out with chores around the house, because _ was whiny.

Question: In this sentence, who does the blank refer to?

A. Aaron
B. Steven
",A
"Erin has to watch everything that she eats due to being pregnant compared to Cynthia because _ is unenthusiastic for a baby.

Question: In this sentence, who does the blank refer to?

A. Erin
B. Cynthia
",B
"Erin has to watch everything that she eats due to being pregnant compared to Cynthia because _ is hopeful for a baby.

Question: In this sentence, who does the blank refer to?

A. Erin
B. Cynthia
",A
"Turner shot the wall using both a paintball and a real bullet. The wall had a hole in it because of the _ .

Question: In this sentence, who does the blank refer to?

A. paintball
B. bullet
",B
"Turner shot the wall using both a paintball and a real bullet. The wall had paint on it because of the _ .

Question: In this sentence, who does the blank refer to?

A. paintball
B. bullet
",A
"My friend wants to see the new romance movie but I want to see the action movie because the _ has bad reviews.

Question: In this sentence, who does the blank refer to?

A. action movie
B. romance movie
",B
"My friend wants to see the new romance movie but I want to see the action movie because the _ has good reviews.

Question: In this sentence, who does the blank refer to?

A. action movie
B. romance movie
",A
"I felt more negative when I stayed at the motel than when I stayed at the hotel because the _ was well lit.

Question: In this sentence, who does the blank refer to?

A. motel
B. hotel
",B
"I felt more negative when I stayed at the motel than when I stayed at the hotel because the _ was dark.

Question: In this sentence, who does the blank refer to?

A. motel
B. hotel
",A
"Felicia sent an email to Christine, as _ needed some information about the employee benefit from the company they work for 10 years.

Question: In this sentence, who does the blank refer to?

A. Felicia
B. Christine
",A
"Felicia replied to an email from Christine, as _ asked some information about the employee benefit from the company they work for 10 years.

Question: In this sentence, who does the blank refer to?

A. Felicia
B. Christine
",B
"Jen's kleptomania made her steal makeup and money, but the _ would get her in more trouble if she was caught.

Question: In this sentence, who does the blank refer to?

A. makeup
B. money
",B
"Jen's kleptomania made her steal makeup and money, but the _ would get her in less trouble if she was caught.

Question: In this sentence, who does the blank refer to?

A. makeup
B. money
",A
"The line cook added pumpkin seeds and tomatoes to the salad before serving it; the _ were crunchy..

Question: In this sentence, who does the blank refer to?

A. tomatoes
B. seeds
",B
"The line cook added pumpkin seeds and tomatoes to the salad before serving it; the _ were red.

Question: In this sentence, who does the blank refer to?

A. tomatoes
B. seeds
",A
"Victoria liked to go clothes shopping but Felicia didn't, so _ headed out to the park for the day.

Question: In this sentence, who does the blank refer to?

A. Victoria
B. Felicia
",B
"Victoria liked to go clothes shopping but Felicia didn't, so _ headed out to the mall for the day.

Question: In this sentence, who does the blank refer to?

A. Victoria
B. Felicia
",A
"The device worked worse than the phone because the _ was out of its range.

Question: In this sentence, who does the blank refer to?

A. phone
B. device
",B
"The device worked better than the phone because the _ was out of its range.

Question: In this sentence, who does the blank refer to?

A. phone
B. device
",A
"Nick was not very cultured, while Nelson was very knowledgeable, so _ got to pick the movie .

Question: In this sentence, who does the blank refer to?

A. Nick
B. Nelson
",B
"Nick was not very cultured, while Nelson was very knowledgeable, so _ asked her to pick the movie .

Question: In this sentence, who does the blank refer to?

A. Nick
B. Nelson
",A
"I paid more attention at the stove than at the sink because it was more dangerous working near the _ .

Question: In this sentence, who does the blank refer to?

A. stove
B. sink
",A
"I paid more attention at the stove than at the sink because it was safer working near the _ .

Question: In this sentence, who does the blank refer to?

A. stove
B. sink
",B
"Data entry is a perfect job for Betty but not so for Laura as _ likes variety of work.

Question: In this sentence, who does the blank refer to?

A. Betty
B. Laura
",B
"Data entry is a perfect job for Betty but not so for Laura as _ likes routine work.

Question: In this sentence, who does the blank refer to?

A. Betty
B. Laura
",A
"Jim wanted to be bad so he decided to engage in a robbery and graffiti. He regretted the _ due to the light consequence.

Question: In this sentence, who does the blank refer to?

A. robbery
B. graffiti
",B
"Jim wanted to be bad so he decided to engage in a robbery and graffiti. He regretted the _ due to the extreme consequence.

Question: In this sentence, who does the blank refer to?

A. robbery
B. graffiti
",A
"The colder weather suited Joel but not Kevin as _  found it caused their pain.

Question: In this sentence, who does the blank refer to?

A. Joel
B. Kevin
",B
"The colder weather suited Joel but not Kevin as _  found it eased their pain.

Question: In this sentence, who does the blank refer to?

A. Joel
B. Kevin
",A
"Robert was teaching the students the wrong way unlike Derrick because _ thought it was quicker.

Question: In this sentence, who does the blank refer to?

A. Robert
B. Derrick
",A
"Robert was teaching the students the right way unlike Derrick because _ thought it was quicker.

Question: In this sentence, who does the blank refer to?

A. Robert
B. Derrick
",B
"During their school holidays Nelson badly wanted to get a job but Aaron did not because _ was very lazy.

Question: In this sentence, who does the blank refer to?

A. Nelson
B. Aaron
",B
"During their school holidays Nelson badly wanted to get a job but Aaron did not because _ was very hardworking.

Question: In this sentence, who does the blank refer to?

A. Nelson
B. Aaron
",A
"Aaron shined a flashlight into the corner and showed Adam where the beetles nested, because _ worked for pest control.

Question: In this sentence, who does the blank refer to?

A. Aaron
B. Adam
",A
"Aaron shined a flashlight into the corner and showed Adam where the beetles nested, because _ was a concerned homeowner.

Question: In this sentence, who does the blank refer to?

A. Aaron
B. Adam
",B
"Aaron was more famous than Hunter was because _ had been in more movies and shows.

Question: In this sentence, who does the blank refer to?

A. Aaron
B. Hunter
",A
"Aaron was more famous than Hunter was although _ had been in more movies and shows.

Question: In this sentence, who does the blank refer to?

A. Aaron
B. Hunter
",B
"Adam is annoyed at Derrick since _ received help from the Airline Gate Agent slower.

Question: In this sentence, who does the blank refer to?

A. Adam
B. Derrick
",A
"Adam is annoyed at Derrick since _ received help from the Airline Gate Agent quicker.

Question: In this sentence, who does the blank refer to?

A. Adam
B. Derrick
",B
"The reputation was better at the diner than at the restaurant because there was better service at the _ .

Question: In this sentence, who does the blank refer to?

A. diner
B. restaurant
",A
"The reputation was better at the diner than at the restaurant because there was worse service at the _ .

Question: In this sentence, who does the blank refer to?

A. diner
B. restaurant
",B
"He could hear the phone ring when he was in his room but not in the kitchen, as the noise in the _ was overpowering.

Question: In this sentence, who does the blank refer to?

A. room
B. kitchen
",B
"He could hear the phone ring when he was in his room but not in the kitchen, as the noise in the _ was minimal.

Question: In this sentence, who does the blank refer to?

A. room
B. kitchen
",A
"The doctors like giving their patients the pill instead of the liquid, because the _ was more helpful.

Question: In this sentence, who does the blank refer to?

A. liquid
B. pill
",B
"The doctors like giving their patients the pill instead of the liquid, because the _ was more hurtful.

Question: In this sentence, who does the blank refer to?

A. liquid
B. pill
",A
"Sarah had a bachelor's degree in microbiology and Katrina had a PhD, so _ had an easy time finding a cure for the disease on the proficiency test.

Question: In this sentence, who does the blank refer to?

A. Sarah
B. Katrina
",B
"Sarah had a bachelor's degree in microbiology and Katrina had a PhD, so _ had a hard time finding a cure for the disease on the proficiency test.

Question: In this sentence, who does the blank refer to?

A. Sarah
B. Katrina
",A
"The rice had too much salt in it, but the potato had just enough salt, and as a result the _ was delicious.

Question: In this sentence, who does the blank refer to?

A. potato
B. rice
",A
"The rice had too much salt in it, but the potato had just enough salt, and as a result the _ was gross.

Question: In this sentence, who does the blank refer to?

A. potato
B. rice
",B
"The test could not determine the strength of the battery, but worked fine for the plug , since the measurement for the _ was concrete .

Question: In this sentence, who does the blank refer to?

A. battery
B. plug
",B
"The test could not determine the strength of the battery, but worked fine for the plug , since the measurement for the _ was vague .

Question: In this sentence, who does the blank refer to?

A. battery
B. plug
",A
"Dennis wanted to teach biology, but Lawrence thought he should teach chemistry so _ relented and taught chemistry.

Question: In this sentence, who does the blank refer to?

A. Dennis
B. Lawrence
",A
"Dennis wanted to teach biology, but Lawrence thought he should teach chemistry so _ relented and let him teach biology.

Question: In this sentence, who does the blank refer to?

A. Dennis
B. Lawrence
",B
"James threw the ball into the basket and it could not enter it. The _ is very big.

Question: In this sentence, who does the blank refer to?

A. ball
B. basket
",A
"James threw the ball into the basket and it could not enter it. The _ is very small.

Question: In this sentence, who does the blank refer to?

A. ball
B. basket
",B
"The serum was given to Neil from Dennis, so _ must be the patient at the hospital.

Question: In this sentence, who does the blank refer to?

A. Neil
B. Dennis
",A
"The serum was given to Neil from Dennis, so _ must be the doctor at the hospital.

Question: In this sentence, who does the blank refer to?

A. Neil
B. Dennis
",B
"The flag can hardly blow when raised up in the wind because the _ is heavy.

Question: In this sentence, who does the blank refer to?

A. flag
B. wind
",A
"The flag can hardly blow when raised up in the wind because the _ is light.

Question: In this sentence, who does the blank refer to?

A. flag
B. wind
",B
"Tanya was really mad at Mary and tried to ignore her, because _ hurt her.

Question: In this sentence, who does the blank refer to?

A. Tanya
B. Mary
",B
"Tanya was really mad at Mary and tried to ignore her, because _ was hurt.

Question: In this sentence, who does the blank refer to?

A. Tanya
B. Mary
",A
"Carrie thought frogs were gross and slimy, but Christine liked them, so _ was horrified when one jumped in their hair.

Question: In this sentence, who does the blank refer to?

A. Carrie
B. Christine
",A
"Carrie thought frogs were gross and slimy, but Christine liked them, so _ was amused when one jumped in their hair.

Question: In this sentence, who does the blank refer to?

A. Carrie
B. Christine
",B
"When it was time for the reunion, Neil got invited but not Aaron, so _ was rather mad about the situation.

Question: In this sentence, who does the blank refer to?

A. Neil
B. Aaron
",B
"When it was time for the reunion, Neil got invited but not Aaron, so _ was rather happy about the situation.

Question: In this sentence, who does the blank refer to?

A. Neil
B. Aaron
",A
"The apartment complex accepted Jason as a tenant and not Matthew because _ had a steady job.

Question: In this sentence, who does the blank refer to?

A. Jason
B. Matthew
",A
"The apartment complex accepted Jason as a tenant and not Matthew because _ did not have a steady job.

Question: In this sentence, who does the blank refer to?

A. Jason
B. Matthew
",B
"The old car would not fit inside the cluttered garage because the _ was too full.

Question: In this sentence, who does the blank refer to?

A. garage
B. car
",A
"The old car would not fit inside the cluttered garage because the _ was too big.

Question: In this sentence, who does the blank refer to?

A. garage
B. car
",B
"Although Joseph was a better English teacher than Hunter _ always questioned when to use a comma.

Question: In this sentence, who does the blank refer to?

A. Joseph
B. Hunter
",A
"Although Joseph was a better English teacher than Hunter _ never questioned when to use a comma.

Question: In this sentence, who does the blank refer to?

A. Joseph
B. Hunter
",B
"Benjamin ran the mile two times slower compared to Joel because _ was too old.

Question: In this sentence, who does the blank refer to?

A. Benjamin
B. Joel
",A
"Benjamin ran the mile two times slower compared to Joel because  _ was still young.

Question: In this sentence, who does the blank refer to?

A. Benjamin
B. Joel
",B
"Sarah could put lipstick or mascara to be beautiful, but she chose to put on the _ because it would be clean even if she cried.

Question: In this sentence, who does the blank refer to?

A. mascara
B. lipstick
",B
"Sarah could put lipstick or mascara to be beautiful, but she chose to put on the _ because it would be messy even if she cried.

Question: In this sentence, who does the blank refer to?

A. mascara
B. lipstick
",A
"With nothing for kids to do in the neighborhood, when voting for a new playground or a tavern, Odette voted for the _ being built.

Question: In this sentence, who does the blank refer to?

A. playground
B. tavern
",A
"With nothing for kids to do in the neighborhood, when voting for a new playground or a tavern, Odette voted against the _ being built.

Question: In this sentence, who does the blank refer to?

A. playground
B. tavern
",B
"The nut kept getting loose as the hobbyist tried to tighten it on the bolt because the _ was too big.

Question: In this sentence, who does the blank refer to?

A. bolt
B. nut
",B
"The nut kept getting loose as the hobbyist tried to tighten it on the bolt because the _ was too small.

Question: In this sentence, who does the blank refer to?

A. bolt
B. nut
",A
"It took Matthew a shorter time to check the inventory than Jason because _ had worked at the company for a short time.

Question: In this sentence, who does the blank refer to?

A. Matthew
B. Jason
",B
"It took Matthew longer to check the inventory than Jason because _ had worked at the company for a short time.

Question: In this sentence, who does the blank refer to?

A. Matthew
B. Jason
",A
"The nail drove straight through the drywall but got stuck against the wood, since the _ was easy to puncture.

Question: In this sentence, who does the blank refer to?

A. drywall
B. wood
",A
"The nail drove straight through the drywall but got stuck against the wood, since the _ was difficult to puncture.

Question: In this sentence, who does the blank refer to?

A. drywall
B. wood
",B
"William was able to stay up later than Kevin was although _ had drank their coffee.

Question: In this sentence, who does the blank refer to?

A. William
B. Kevin
",B
"William was able to stay up later than Kevin was because _ had drank their coffee.

Question: In this sentence, who does the blank refer to?

A. William
B. Kevin
",A
"Megan held Laura in a hug while they were crying, because _ was more stable than they were.

Question: In this sentence, who does the blank refer to?

A. Megan
B. Laura
",A
"Megan held Laura in a hug while they were crying, because _ was more emotional than they were.

Question: In this sentence, who does the blank refer to?

A. Megan
B. Laura
",B
"The car was quick when it used electricity instead of gasoline, because it was made to run on the _ less efficiently.

Question: In this sentence, who does the blank refer to?

A. gasoline
B. electricity
",A
"The car was quick when it used electricity instead of gasoline, because it was made to run on the _ more efficiently.

Question: In this sentence, who does the blank refer to?

A. gasoline
B. electricity
",B
"Justin likes cabbage, broccoli and collard greens while Hunter likes fruits. _ grows a garden each year.

Question: In this sentence, who does the blank refer to?

A. Justin
B. Hunter
",A
"Justin likes cabbage, broccoli and collard greens while Hunter likes fruits. _ buys a apples each year.

Question: In this sentence, who does the blank refer to?

A. Justin
B. Hunter
",B
"Natalie ignored the orange cat more than Rebecca because _ was such an animal lover.

Question: In this sentence, who does the blank refer to?

A. Natalie
B. Rebecca
",B
"Natalie played with the orange cat more than Rebecca because _ was such an animal lover.

Question: In this sentence, who does the blank refer to?

A. Natalie
B. Rebecca
",A
"Angela showed a lot of assertiveness when talking with Elena, because _ tended to be stubborn.

Question: In this sentence, who does the blank refer to?

A. Angela
B. Elena
",B
"Angela showed a lot of assertiveness when talking with Elena, because _ tended to be overbearing.

Question: In this sentence, who does the blank refer to?

A. Angela
B. Elena
",A
"In order to increase the strength of his brain, Mitch decided to take up painting rather than reading, because the _ was easy for his eyes.

Question: In this sentence, who does the blank refer to?

A. reading
B. painting
",B
"In order to increase the strength of his brain, Mitch decided to take up painting rather than reading, because the _ was difficult for his eyes.

Question: In this sentence, who does the blank refer to?

A. reading
B. painting
",A
"The State's courts like to keep their important records electronically. The _ are very vital.

Question: In this sentence, who does the blank refer to?

A. Records
B. Courts
",A
"The State's courts like to keep their important records electronically. The _ are very cautious.

Question: In this sentence, who does the blank refer to?

A. Records
B. Courts
",B
"Lindsey asked Amy to go on a trip to Los Angeles with her because _ is disabled.

Question: In this sentence, who does the blank refer to?

A. Lindsey
B. Amy
",A
"Lindsey asked Amy to go on a trip to Los Angeles with her because _ is trusted.

Question: In this sentence, who does the blank refer to?

A. Lindsey
B. Amy
",B
"The cook could safely touch the pot, but had to wait on the pan, because the _ was hot.

Question: In this sentence, who does the blank refer to?

A. pot
B. pan
",B
"The cook could safely touch the pot, but had to wait on the pan, because the _ was cold.

Question: In this sentence, who does the blank refer to?

A. pot
B. pan
",A
"I poured the water from the cup to the pot to make the flower grow, and as I poured, the _ became lighter.

Question: In this sentence, who does the blank refer to?

A. cup
B. pot
",A
"I poured the water from the cup to the pot to make the flower grow, and as I poured, the _ became heavier.

Question: In this sentence, who does the blank refer to?

A. cup
B. pot
",B
"Logan knew Ryan was terrified of rats in the house so _ went and stayed in their room.

Question: In this sentence, who does the blank refer to?

A. Logan
B. Ryan
",B
"Logan knew Ryan was terrified of rats in the house so _ went and set up traps.

Question: In this sentence, who does the blank refer to?

A. Logan
B. Ryan
",A
"The shoe store had two big sellers, sneakers and pumps, but because it was track season, the _ were selling out slowly.

Question: In this sentence, who does the blank refer to?

A. sneakers
B. pumps
",B
"The shoe store had two big sellers, sneakers and pumps, but since it was track season, the _ were selling out faster.

Question: In this sentence, who does the blank refer to?

A. sneakers
B. pumps
",A
"Angela covers Kayla's hours over the weekend so they can go on vacation and _ is very busy.

Question: In this sentence, who does the blank refer to?

A. Angela
B. Kayla
",A
"Angela covers Kayla's hours over the weekend so they can go on vacation and _ is very relaxed.

Question: In this sentence, who does the blank refer to?

A. Angela
B. Kayla
",B
"William swept up all the leaves while Ian sat on the porch relaxing, so _ was annoyed and tired.

Question: In this sentence, who does the blank refer to?

A. William
B. Ian
",A
"William swept up all the leaves while Ian sat on the porch relaxing, so _ was chill and relaxed.

Question: In this sentence, who does the blank refer to?

A. William
B. Ian
",B
"Jason had very thin skin but Kenneth isn't easily offended. _ thought the person's comment was rude.

Question: In this sentence, who does the blank refer to?

A. Jason
B. Kenneth
",A
"Jason had very thin skin but Kenneth isn't easily offended. _ thought the person's comment was appropriate.

Question: In this sentence, who does the blank refer to?

A. Jason
B. Kenneth
",B
"Unlike the shy Amy, Monica was an extrovert,  so _ dreaded attending the big party.

Question: In this sentence, who does the blank refer to?

A. Amy
B. Monica
",A
"Unlike the shy Amy, Monica was an extrovert,  so _ looked forward to attending the big party.

Question: In this sentence, who does the blank refer to?

A. Amy
B. Monica
",B
"Emily takes prescription medicine for their pain but Cynthia only uses essential oil as _  have experienced issues with addiction.

Question: In this sentence, who does the blank refer to?

A. Emily
B. Cynthia
",B
"Emily takes prescription medicine for their pain but Cynthia only uses essential oil as _ does not have issues with addiction.

Question: In this sentence, who does the blank refer to?

A. Emily
B. Cynthia
",A
"The child wanted to store the shells in the boxes but the _ were too large.

Question: In this sentence, who does the blank refer to?

A. boxes
B. shells
",B
"The child wanted to store the shells in the boxes but the _ were too small.

Question: In this sentence, who does the blank refer to?

A. boxes
B. shells
",A
"Katrina orders water at the bar, while Emily has a nice, cold beer, so _ is the drunk person.

Question: In this sentence, who does the blank refer to?

A. Katrina
B. Emily
",B
"Katrina orders water at the bar, while Emily has a nice, cold beer, so _ is the sober person.

Question: In this sentence, who does the blank refer to?

A. Katrina
B. Emily
",A
"Monica was interviewing for a good new position at a technology company and Carrie was giving the interview. _ wanted to be hired.

Question: In this sentence, who does the blank refer to?

A. Monica
B. Carrie
",A
"Monica was interviewing for a good new position at a technology company and Carrie was giving the interview. _ wanted to hire.

Question: In this sentence, who does the blank refer to?

A. Monica
B. Carrie
",B
"Katrina could always go out drinking with friends but not Kayla because _ was over age.

Question: In this sentence, who does the blank refer to?

A. Katrina
B. Kayla
",A
"Katrina could always go out drinking with friends but not Kayla because _ was under age.

Question: In this sentence, who does the blank refer to?

A. Katrina
B. Kayla
",B
"The mental health of Brian is much better than William's because _ sees a therapist.

Question: In this sentence, who does the blank refer to?

A. Brian
B. William
",A
"The mental health of Brian is much worse than William's because _ sees a therapist.

Question: In this sentence, who does the blank refer to?

A. Brian
B. William
",B
"Peter needed to do consistent work and was able to use the wrench but replaced the screwdriver because the _ was durable.

Question: In this sentence, who does the blank refer to?

A. wrench
B. screwdriver
",A
"Peter needed to do consistent work and was able to use the wrench but replaced the screwdriver because the _ was rusting.

Question: In this sentence, who does the blank refer to?

A. wrench
B. screwdriver
",B
"Mary wanted to either grill or bake the fish in the oven. She decided to use the _  because it was raining outside.

Question: In this sentence, who does the blank refer to?

A. grill
B. oven
",B
"Mary wanted to either grill or bake the fish in the oven. She decided to use the _  because it was nice outside.

Question: In this sentence, who does the blank refer to?

A. grill
B. oven
",A
"The horse ran up to Rebecca but past Christine, because _ had sugar cubes in their pocket.

Question: In this sentence, who does the blank refer to?

A. Rebecca
B. Christine
",A
"The horse ran past Rebecca and up to Christine, because _ had sugar cubes in their pocket.

Question: In this sentence, who does the blank refer to?

A. Rebecca
B. Christine
",B
"Kenneth can make their dollar go further than Ian because _ never learned how to be very cheap.

Question: In this sentence, who does the blank refer to?

A. Kenneth
B. Ian
",B
"Kenneth can make their dollar go further than Ian because _ has learned how to be very cheap.

Question: In this sentence, who does the blank refer to?

A. Kenneth
B. Ian
",A
"When the spider was dead Maria was jubilant but Kayla was upset because _ hated spiders.

Question: In this sentence, who does the blank refer to?

A. Maria
B. Kayla
",A
"When the spider was dead Maria was jubilant but Kayla was upset because _ loved spiders.

Question: In this sentence, who does the blank refer to?

A. Maria
B. Kayla
",B
"I'm going to enter the spelling bee instead of the geography bee since the _ seems harder to win.

Question: In this sentence, who does the blank refer to?

A. spelling bee
B. geography bee
",B
"I'm going to enter the spelling bee instead of the geography bee since the _ seems easier to win.

Question: In this sentence, who does the blank refer to?

A. spelling bee
B. geography bee
",A
"the soup was great and enough fro the guests  but needed a little salt added. the _ was little.

Question: In this sentence, who does the blank refer to?

A. salt
B. soup
",A
"the soup was great and enough fro the guests  but needed a little salt added. the _ was much.

Question: In this sentence, who does the blank refer to?

A. salt
B. soup
",B
"Megan had a harder time on the exam than Patricia because _ kept remembering to study.

Question: In this sentence, who does the blank refer to?

A. Megan
B. Patricia
",B
"Megan had a harder time on the exam than Patricia because _ kept forgetting to study.

Question: In this sentence, who does the blank refer to?

A. Megan
B. Patricia
",A
"Because Donald liked cinnamon rolls but Neil loved them, _ ate cinnamon rolls for breakfast occasionally.

Question: In this sentence, who does the blank refer to?

A. Donald
B. Neil
",A
"Because Donald liked cinnamon rolls but Neil loved them, _ ate cinnamon rolls for breakfast often.

Question: In this sentence, who does the blank refer to?

A. Donald
B. Neil
",B
"After the earthquake, Robert remained more calm than Jason because _ lived far from the epicenter.

Question: In this sentence, who does the blank refer to?

A. Robert
B. Jason
",A
"After the earthquake, Robert remained more calm than Jason because _ lived close to the epicenter.

Question: In this sentence, who does the blank refer to?

A. Robert
B. Jason
",B
"Jason did bathroom renovation for Michael, later his house failed inspection when _ wanted to sell the house.

Question: In this sentence, who does the blank refer to?

A. Jason
B. Michael
",B
"Jason did bathroom renovation for Michael, later his house failed inspection so _ offered to redo the work.

Question: In this sentence, who does the blank refer to?

A. Jason
B. Michael
",A
"The bunny spat out the carrots and nibbled on the beans instead because the _ were rotten .

Question: In this sentence, who does the blank refer to?

A. carrots
B. beans
",A
"The bunny spat out the carrots and nibbled on the beans instead because the _ were fresh .

Question: In this sentence, who does the blank refer to?

A. carrots
B. beans
",B
"He was emotionally distraught so he went out for a walk and bought himself an ice cream. The _ appeased his hunger.

Question: In this sentence, who does the blank refer to?

A. walk
B. ice cream
",B
"He was emotionally distraught so he went out for a walk and bought himself an ice cream. The _ cleared his mind.

Question: In this sentence, who does the blank refer to?

A. walk
B. ice cream
",A
"Hanging out at the party they had beer and soda for drinks, I wanted to feel inebriated so I grabbed the _ from the cooler.

Question: In this sentence, who does the blank refer to?

A. beer
B. soda
",A
"Hanging out at the party they had beer and soda for drinks, I wanted to feel awake so I grabbed the _ from the cooler.

Question: In this sentence, who does the blank refer to?

A. beer
B. soda
",B
"Samuel likes to rollerblade a lot, but Brett is more of a skateboarder, so _ dislikes the skating rink.

Question: In this sentence, who does the blank refer to?

A. Samuel
B. Brett
",B
"Samuel likes to rollerblade a lot, but Brett is more of a skateboarder, so _ likes the skating rink.

Question: In this sentence, who does the blank refer to?

A. Samuel
B. Brett
",A
"Juan decided to buy a raffle ticket instead of a lottery ticket because the _ was unfair.

Question: In this sentence, who does the blank refer to?

A. lottery
B. raffle
",A
"Juan decided to buy a raffle ticket instead of a lottery ticket because the _ was fair.

Question: In this sentence, who does the blank refer to?

A. lottery
B. raffle
",B
"Lindsey gave the container of sugar to Megan because _ had been following a recipe.

Question: In this sentence, who does the blank refer to?

A. Lindsey
B. Megan
",B
"Lindsey gave the container of sugar to Megan because _ had been on a diet.

Question: In this sentence, who does the blank refer to?

A. Lindsey
B. Megan
",A
"Kendall went to the home department store and bought the textiles but ignored the chairs because the _ were pretty.

Question: In this sentence, who does the blank refer to?

A. textiles
B. chairs
",A
"Kendall went to the home department store and bought the textiles but ignored the chairs because the _ were ugly.

Question: In this sentence, who does the blank refer to?

A. textiles
B. chairs
",B
"James slid down from the top of the roof to the fence because the _ is shorter.

Question: In this sentence, who does the blank refer to?

A. roof
B. fence
",B
"James slid down from the top of the roof to the fence because the _ is taller.

Question: In this sentence, who does the blank refer to?

A. roof
B. fence
",A
"Mary did not like to belong to any group unlike Jennifer, due to the fact that _ was a shy person.

Question: In this sentence, who does the blank refer to?

A. Mary
B. Jennifer
",A
"Mary did not like to belong to any group unlike Jennifer, due to the fact that _ was an outgoing person.

Question: In this sentence, who does the blank refer to?

A. Mary
B. Jennifer
",B
"Joel was a realist unlike Robert, so _ was the one that developed a crush on a fellow classmate.

Question: In this sentence, who does the blank refer to?

A. Joel
B. Robert
",B
"Joel was a romantic unlike Robert, so _ was the one that developed a crush on a fellow classmate.

Question: In this sentence, who does the blank refer to?

A. Joel
B. Robert
",A
"The old cards could not squeeze into the boxes because the _ were too thick.

Question: In this sentence, who does the blank refer to?

A. cards
B. boxes
",A
"The old cards could not squeeze into the boxes because the _ were too small.

Question: In this sentence, who does the blank refer to?

A. cards
B. boxes
",B
"I was able to carry the paint roller but I asked my husband to fetch the bucket because the _ was light.

Question: In this sentence, who does the blank refer to?

A. paint roller
B. bucket
",A
"I was able to carry the paint roller but I asked my husband to fetch the bucket because the _ was heavy.

Question: In this sentence, who does the blank refer to?

A. paint roller
B. bucket
",B
"Jacob and Samantha were in love. Jacob bought roses for her without chocolates because the _ were loved by her.

Question: In this sentence, who does the blank refer to?

A. roses
B. chocolates
",A
"Jacob and Samantha were in love. Jacob bought roses for her without chocolates because the _ were hated by her.

Question: In this sentence, who does the blank refer to?

A. roses
B. chocolates
",B
"Katrina gave Christine a stuffed animal for their birthday, but _ already had this one.

Question: In this sentence, who does the blank refer to?

A. Katrina
B. Christine
",B
"Katrina gave Christine a stuffed animal for their birthday because _ already had this one himself.

Question: In this sentence, who does the blank refer to?

A. Katrina
B. Christine
",A
"John after crying for a while wipes his face with the new towel and got the _ wet.

Question: In this sentence, who does the blank refer to?

A. face
B. towel
",B
"John after crying for a while wipes his face with the new towel and got the _ dry.

Question: In this sentence, who does the blank refer to?

A. face
B. towel
",A
"Angela was diurnal while Erin was nocturnal so _ preferred to stay out late at night.

Question: In this sentence, who does the blank refer to?

A. Angela
B. Erin
",B
"Angela was nocturnal while Erin was diurnal so _ preferred to stay out late at night.

Question: In this sentence, who does the blank refer to?

A. Angela
B. Erin
",A
"Ian was unable to get certified as a teacher unlike Kyle, due to _ failing a background check.

Question: In this sentence, who does the blank refer to?

A. Ian
B. Kyle
",A
"Ian was unable to get certified as a teacher unlike Kyle, due to _ passing a background check.

Question: In this sentence, who does the blank refer to?

A. Ian
B. Kyle
",B
"They had invested in a large curtain that would drop onto the stage, but it didn’t work out because the _ was too low.

Question: In this sentence, who does the blank refer to?

A. curtain
B. stage
",B
"They had invested in a large curtain that would drop onto the stage, but it didn’t work out because the _ was too short.

Question: In this sentence, who does the blank refer to?

A. curtain
B. stage
",A
"Laura was cycling well ahead of Erin since _ was riding quite quickly down the road.

Question: In this sentence, who does the blank refer to?

A. Laura
B. Erin
",A
"Laura was cycling well ahead of Erin since _ was riding quite slowly down the road.

Question: In this sentence, who does the blank refer to?

A. Laura
B. Erin
",B
"The jewelry Kayla wore made quite an impression on Rachel although _ is more stylish than she is, usually.

Question: In this sentence, who does the blank refer to?

A. Kayla
B. Rachel
",B
"The jewelry Kayla wore made quite an impression on Rachel although _ is less stylish than she is, usually.

Question: In this sentence, who does the blank refer to?

A. Kayla
B. Rachel
",A
"Although Samuel was more of a sneakerhead than Robert, _ found a great pair of Converse.

Question: In this sentence, who does the blank refer to?

A. Samuel
B. Robert
",B
"Although Samuel was more of a sneakerhead than Robert, _ overlooked a great pair of Converse.

Question: In this sentence, who does the blank refer to?

A. Samuel
B. Robert
",A
"The soil was that of a domesticated area, so between flowers and weeds, there were more of the _ .

Question: In this sentence, who does the blank refer to?

A. flowers
B. weeds
",A
"The soil was that of a wild area, so between flowers and weeds, there were more of the _ .

Question: In this sentence, who does the blank refer to?

A. flowers
B. weeds
",B
"Kayla got good grades in school while Rebecca didnt really care for school. _ got a scholarship in Harvard.

Question: In this sentence, who does the blank refer to?

A. Kayla
B. Rebecca
",A
"Kayla got good grades in school while Rebecca didnt really care for school. _  didn't get a scholarship.

Question: In this sentence, who does the blank refer to?

A. Kayla
B. Rebecca
",B
"Mary is casting a blank stare off to nowhere seeming to look through Carrie so _ has a confused look on her face..

Question: In this sentence, who does the blank refer to?

A. Mary
B. Carrie
",B
"Mary is casting a blank stare off to nowhere seeming to look through Carrie so _ has a dazed look on her face..

Question: In this sentence, who does the blank refer to?

A. Mary
B. Carrie
",A
"Aaron asked Ian to help replace the bathroom tile because _ wanted help with it.

Question: In this sentence, who does the blank refer to?

A. Aaron
B. Ian
",A
"Aaron asked Ian to help replace the bathroom tile because _ asked to help with it.

Question: In this sentence, who does the blank refer to?

A. Aaron
B. Ian
",B
"Victoria's daily routine includes jumping rope as opposed to Monica's, so _ is likely less healthy overall.

Question: In this sentence, who does the blank refer to?

A. Victoria
B. Monica
",B
"Victoria's daily routine includes jumping rope as opposed to Monica's, so _ is likely healthier overall.

Question: In this sentence, who does the blank refer to?

A. Victoria
B. Monica
",A
"Ryan loved having an iPhone but Leslie refused to upgrade their flip phone. _ had always been last to learn new technology.

Question: In this sentence, who does the blank refer to?

A. Ryan
B. Leslie
",B
"Ryan loved having an iPhone but Leslie refused to upgrade their flip phone. _ had always been first to learn new technology.

Question: In this sentence, who does the blank refer to?

A. Ryan
B. Leslie
",A
"Because Kyle was a vegetarian and Kevin was not, _ ordered a hamburger at the restaurant.

Question: In this sentence, who does the blank refer to?

A. Kyle
B. Kevin
",B
"Because Kyle was a vegetarian and Kevin was not, _ ordered a salad at the restaurant.

Question: In this sentence, who does the blank refer to?

A. Kyle
B. Kevin
",A
"The lure that I used was a lot better than the bait of my friend, because the _ was broken.

Question: In this sentence, who does the blank refer to?

A. lure
B. bait
",B
"The lure that I used was a lot better than the bait of my friend, because the _ was working.

Question: In this sentence, who does the blank refer to?

A. lure
B. bait
",A
"The light sensitive roses had to be removed from the garden and moved to the vineyard, as the _ was sunnier.

Question: In this sentence, who does the blank refer to?

A. garden
B. vineyard
",A
"The light sensitive roses had to be removed from the garden and moved to the vineyard, as the _ was shadier.

Question: In this sentence, who does the blank refer to?

A. garden
B. vineyard
",B
"Badminton was a lot easier for Josh than tennis because the _ court was smaller.

Question: In this sentence, who does the blank refer to?

A. badminton
B. tennis
",A
"Badminton was a lot easier for Josh than tennis because the _ court was larger.

Question: In this sentence, who does the blank refer to?

A. badminton
B. tennis
",B
"The boy got in trouble for stealing the ring but he didn't touch the necklace because the _ was worth a lot.

Question: In this sentence, who does the blank refer to?

A. ring
B. necklace
",A
"The boy got in trouble for stealing the ring but he didn't touch the necklace because the _ was worth very little.

Question: In this sentence, who does the blank refer to?

A. ring
B. necklace
",B
"Leslie was laying a concrete patio when Joel showed up to help.  _ was thankful for the assistance.

Question: In this sentence, who does the blank refer to?

A. Leslie
B. Joel
",A
"Leslie was laying a concrete patio when Joel showed up to help.  _ was glad to give assistance.

Question: In this sentence, who does the blank refer to?

A. Leslie
B. Joel
",B
"Rebecca wanted to change names and Carrie didn't approve because _ thought it was a dated name.

Question: In this sentence, who does the blank refer to?

A. Rebecca
B. Carrie
",B
"Rebecca wanted to change names and Carrie didn't approve because _ thought it was a cool name.

Question: In this sentence, who does the blank refer to?

A. Rebecca
B. Carrie
",A
"We had to clean up the huge mess using the mop instead of the broom as the _ was durable.

Question: In this sentence, who does the blank refer to?

A. mop
B. broom
",A
"We had to clean up the huge mess using the mop instead of the broom as the _ was weak.

Question: In this sentence, who does the blank refer to?

A. mop
B. broom
",B
"When deciding which calendar to buy, Samuel chose a small one for Craig, because that is what _ knows he prefers.

Question: In this sentence, who does the blank refer to?

A. Samuel
B. Craig
",A
"When deciding which calendar to buy, Samuel chose a large one for Craig, despite what _ said he prefers.

Question: In this sentence, who does the blank refer to?

A. Samuel
B. Craig
",B
"Leslie wanted to impress Christopher with their music, so _ was invited to the performance.

Question: In this sentence, who does the blank refer to?

A. Leslie
B. Christopher
",B
"Leslie wanted to impress Christopher with their music, so _ invited her to the performance.

Question: In this sentence, who does the blank refer to?

A. Leslie
B. Christopher
",A
"The press searched for news regarding celebrities or laws. They found the _ news more interesting.

Question: In this sentence, who does the blank refer to?

A. celebrities
B. laws
",A
"The press searched for news regarding celebrities or laws. They found the _ news more dull.

Question: In this sentence, who does the blank refer to?

A. celebrities
B. laws
",B
"He tried to put the chemical from the jug into a new bottler, but it all couldn't go because the _ was too tiny.

Question: In this sentence, who does the blank refer to?

A. chemical
B. bottle
",B
"He tried to put the chemical from the jug into a new bottler, but it all couldn't go because the _ was too much.

Question: In this sentence, who does the blank refer to?

A. chemical
B. bottle
",A
"Joseph asked Craig what to do with their dog, because _ knew that they could be professional about it.

Question: In this sentence, who does the blank refer to?

A. Joseph
B. Craig
",B
"Joseph asked Craig what to do with their dog, because _ knew that they could not be objective about it.

Question: In this sentence, who does the blank refer to?

A. Joseph
B. Craig
",A
"Hunter donated hair for a wig to Robert after their hair fell out because _ needed help and had no hair.

Question: In this sentence, who does the blank refer to?

A. Hunter
B. Robert
",B
"Hunter donated hair for a wig to Robert after their hair fell out because _ wanted to help and had long hair.

Question: In this sentence, who does the blank refer to?

A. Hunter
B. Robert
",A
"Jennifer would outgrow Sarah in a matter of a few months even though _ was younger.

Question: In this sentence, who does the blank refer to?

A. Jennifer
B. Sarah
",A
"Jennifer would outgrow Sarah in a matter of a few months even though _ was older.

Question: In this sentence, who does the blank refer to?

A. Jennifer
B. Sarah
",B
"The carpenter took boards from his truck and put them in the garage until the _ was empty.

Question: In this sentence, who does the blank refer to?

A. garage
B. truck
",B
"The carpenter took boards from his truck and put them in the garage until the _ was full.

Question: In this sentence, who does the blank refer to?

A. garage
B. truck
",A
"Billy knew his LEGO snake was hungry, but didn't know if it would eat the rat, because the _ wasn't alive.

Question: In this sentence, who does the blank refer to?

A. snake
B. rat
",A
"Billy knew his LEGO snake was hungry, but didn't know if it would eat the rat, because the _ wasn't dead.

Question: In this sentence, who does the blank refer to?

A. snake
B. rat
",B
"The teacher enjoyed having Patricia in their class but wished Betty would be transferred because _ was defiant.

Question: In this sentence, who does the blank refer to?

A. Patricia
B. Betty
",B
"The teacher enjoyed having Patricia in their class but wished Betty would be transferred because _ was obediant.

Question: In this sentence, who does the blank refer to?

A. Patricia
B. Betty
",A
"Steven did their best to irritate Logan all the time, because _ was easily agitated.

Question: In this sentence, who does the blank refer to?

A. Steven
B. Logan
",B
"Steven did their best to irritate Logan all the time, because _ was a trouble maker.

Question: In this sentence, who does the blank refer to?

A. Steven
B. Logan
",A
"Joseph built their home out of concrete but Randy used wood, so _ had tremendous damage after the twister hit the neighborhood.

Question: In this sentence, who does the blank refer to?

A. Joseph
B. Randy
",B
"Joseph built their home out of concrete but Randy used wood, so _ had little damage after the twister hit the neighborhood.

Question: In this sentence, who does the blank refer to?

A. Joseph
B. Randy
",A
"She used the butter to sauteed the shrimps with eggplant and pasta. The _ was curvaceous.

Question: In this sentence, who does the blank refer to?

A. pasta
B. eggplant
",B
"She used the butter to sauteed the shrimps with eggplant and pasta. The _ was stringy.

Question: In this sentence, who does the blank refer to?

A. pasta
B. eggplant
",A
"John got more money when he sold the coin than when he sold the stamp because the _ was worthless.

Question: In this sentence, who does the blank refer to?

A. stamp
B. coin
",A
"John got more money when he sold the coin than when he sold the stamp because the _ was valuable.

Question: In this sentence, who does the blank refer to?

A. stamp
B. coin
",B
"Tim decided to shave his beard instead of his head since his wife thought that the _ is sexier.

Question: In this sentence, who does the blank refer to?

A. head
B. beard
",A
"Tim decided to shave his beard instead of his head since his wife thought that the _ is uglier.

Question: In this sentence, who does the blank refer to?

A. head
B. beard
",B
"Earl got a new shirt for his daughter. It was a sports shirt to replace the oxford shirt because the _ is old.

Question: In this sentence, who does the blank refer to?

A. oxford shirt
B. sports shirt
",A
"Earl got a new shirt for his daughter. It was a sports shirt to replace the oxford shirt because the _ is new.

Question: In this sentence, who does the blank refer to?

A. oxford shirt
B. sports shirt
",B
"The store sold out of cookies long before salads because the _ were too boring.

Question: In this sentence, who does the blank refer to?

A. cookies
B. salads
",B
"The store sold out of cookies long before salads because the _ were too delicious.

Question: In this sentence, who does the blank refer to?

A. cookies
B. salads
",A
"Jason excelled at the violin lessons while Logan struggled, because _ lacked a gift for music.

Question: In this sentence, who does the blank refer to?

A. Jason
B. Logan
",B
"Jason excelled at the violin lessons while Logan struggled, because _ had a gift for music.

Question: In this sentence, who does the blank refer to?

A. Jason
B. Logan
",A
"Brian liked to clean with vinegar but Kenneth hated the smell, so _ had to get used to it.

Question: In this sentence, who does the blank refer to?

A. Brian
B. Kenneth
",B
"Brian liked to clean with vinegar but Kenneth hated the smell, so _ had to use something else.

Question: In this sentence, who does the blank refer to?

A. Brian
B. Kenneth
",A
"Mary cleaned the toilet every day but Angela almost never did because _ was very slovenly.

Question: In this sentence, who does the blank refer to?

A. Mary
B. Angela
",B
"Mary cleaned the toilet every day but Angela almost never did because _ was very houseproud.

Question: In this sentence, who does the blank refer to?

A. Mary
B. Angela
",A
"The software was harder to install on the computer than on the laptop because the _ was running slower.

Question: In this sentence, who does the blank refer to?

A. computer
B. laptop
",A
"The software was harder to install on the computer than on the laptop because the _ was running faster.

Question: In this sentence, who does the blank refer to?

A. computer
B. laptop
",B
"Ryan's fish tank looks really clean, and Nelson's looks really dirty because _ cleans regularly.

Question: In this sentence, who does the blank refer to?

A. Ryan
B. Nelson
",A
"Ryan's fish tank looks really clean, and Nelson's looks really dirty because _ cleans rarely.

Question: In this sentence, who does the blank refer to?

A. Ryan
B. Nelson
",B
"Rebecca was excited that Elena was coming over because _ had been asking to see their new house for weeks.

Question: In this sentence, who does the blank refer to?

A. Rebecca
B. Elena
",B
"Rebecca was excited that Elena was coming over because _ had been waiting for them to see their house for weeks.

Question: In this sentence, who does the blank refer to?

A. Rebecca
B. Elena
",A
"The hair Hannah attached to his hair with a glue got blown away by the wind. The _ is confirmed weak.

Question: In this sentence, who does the blank refer to?

A. glue
B. wind
",A
"The hair Hannah attached to his hair with a glue got blown away by the wind. The _ is confirmed strong.

Question: In this sentence, who does the blank refer to?

A. glue
B. wind
",B
"Nelson was inside the teepee, while Jason stayed outside, so _ ended up getting drenched in the rainstorm.

Question: In this sentence, who does the blank refer to?

A. Nelson
B. Jason
",B
"Nelson was inside the teepee, while Jason stayed outside, so _ avoided getting drenched in the rainstorm.

Question: In this sentence, who does the blank refer to?

A. Nelson
B. Jason
",A
"My husband and I like the joint account better than the separate account as we can both access the _ .

Question: In this sentence, who does the blank refer to?

A. joint account
B. separate account
",A
"My husband and I like the joint account better than the separate account as we cannot both access the _ .

Question: In this sentence, who does the blank refer to?

A. joint account
B. separate account
",B
"Wearing contact lenses was desirable for Leslie but not Christopher because _ had poor vision.

Question: In this sentence, who does the blank refer to?

A. Leslie
B. Christopher
",A
"Wearing contact lenses was desirable for Leslie but not Christopher because _ had excellent vision.

Question: In this sentence, who does the blank refer to?

A. Leslie
B. Christopher
",B
"So _ was happy because William had managed to steal a valuable painting from the house of Christopher.

Question: In this sentence, who does the blank refer to?

A. William
B. Christopher
",A
"So _ was upset because William had managed to steal a valuable painting from the house of Christopher.

Question: In this sentence, who does the blank refer to?

A. William
B. Christopher
",B
"Most of their guests wanted coffee and not lemonade because it was cold outside and the _ was cold.

Question: In this sentence, who does the blank refer to?

A. lemonade
B. coffee
",A
"Most of their guests wanted coffee and not lemonade because it was cold outside and the _ was hot.

Question: In this sentence, who does the blank refer to?

A. lemonade
B. coffee
",B
"I kept the rabbit in a cage instead of in the barn because it was harder to find it in the _ .

Question: In this sentence, who does the blank refer to?

A. barn
B. cage
",A
"I kept the rabbit in a cage instead of in the barn because it was easier to find it in the _ .

Question: In this sentence, who does the blank refer to?

A. barn
B. cage
",B
"Ryan only found one tomato in Brett's garden that was ripe, so _ felt bad picking it.

Question: In this sentence, who does the blank refer to?

A. Ryan
B. Brett
",A
"Ryan only found one tomato in Brett's garden that was ripe, and _ didn't want it picked.

Question: In this sentence, who does the blank refer to?

A. Ryan
B. Brett
",B
"James body is feeling hot, so he placed a pad on it to cool it down. The _ temperature is high.

Question: In this sentence, who does the blank refer to?

A. body
B. pad
",A
"James body is feeling hot, so he placed a pad on it to cool it down. The _ temperature is low.

Question: In this sentence, who does the blank refer to?

A. body
B. pad
",B
"The creative artist was making a collage and got a bunch of newspapers but not magazines because the _ were not cheap.

Question: In this sentence, who does the blank refer to?

A. newspapers
B. magazines
",B
"The creative artist was making a collage and got a bunch of newspapers but not magazines because the _ were everywhere.

Question: In this sentence, who does the blank refer to?

A. newspapers
B. magazines
",A
"James cannot hear the response given by the girl but he can hear her cry because the _ is loud.

Question: In this sentence, who does the blank refer to?

A. response
B. cry
",B
"James cannot hear the response given by the girl but he can hear her cry because the _ is quiet.

Question: In this sentence, who does the blank refer to?

A. response
B. cry
",A
"Megan always wore earplugs at night, but Kayla did not, because _ was not bothered by random sounds.

Question: In this sentence, who does the blank refer to?

A. Megan
B. Kayla
",B
"Megan always wore earplugs at night, but Kayla did not, because _ was disturbed by random sounds.

Question: In this sentence, who does the blank refer to?

A. Megan
B. Kayla
",A
"Kyle tried to stop before Nelson was hit because it was _ that was the passenger.

Question: In this sentence, who does the blank refer to?

A. Kyle
B. Nelson
",B
"Kyle tried to stop before Nelson was hit because it was _ that was the driver.

Question: In this sentence, who does the blank refer to?

A. Kyle
B. Nelson
",A
"John wanted to exchange the tea with some water because it is a hot day already and the _ is cold.

Question: In this sentence, who does the blank refer to?

A. tea
B. water
",B
"John wanted to exchange the tea with some water because it is a hot day already and the _ is hot.

Question: In this sentence, who does the blank refer to?

A. tea
B. water
",A
"Sarah was more successful at work than Betty because _ stayed longer hours at the job.

Question: In this sentence, who does the blank refer to?

A. Sarah
B. Betty
",A
"Sarah was less successful at work than Betty because _ stayed longer hours at the job.

Question: In this sentence, who does the blank refer to?

A. Sarah
B. Betty
",B
"The steak cooked faster than the roast did because the _ was a thinner piece of meat.

Question: In this sentence, who does the blank refer to?

A. steak
B. roast
",A
"The steak cooked faster than the roast did because the _ was a thicker piece of meat.

Question: In this sentence, who does the blank refer to?

A. steak
B. roast
",B
"Christine got a better rating on their restaurant's health inspection than Betty because _ kept the place clean .

Question: In this sentence, who does the blank refer to?

A. Christine
B. Betty
",A
"Christine got a lower rating on their restaurant's health inspection than Betty because _ kept the place clean .

Question: In this sentence, who does the blank refer to?

A. Christine
B. Betty
",B
"James ran out of makeup when making up his face. He never knew the _ was so small.

Question: In this sentence, who does the blank refer to?

A. face
B. makeup
",B
"James ran out of makeup when making up his face. He never knew the _ is so large.

Question: In this sentence, who does the blank refer to?

A. face
B. makeup
",A
"The tattoo artist was preparing his workstation for Craig but not Eric because _ had money.

Question: In this sentence, who does the blank refer to?

A. Craig
B. Eric
",A
"The tattoo artist was preparing his workstation for Craig but not Eric because _ was broke.

Question: In this sentence, who does the blank refer to?

A. Craig
B. Eric
",B
"The habanero pepper was going to fit in the bottle as the _ was narrow.

Question: In this sentence, who does the blank refer to?

A. pepper
B. bottle
",A
"The habanero pepper was going to fit in the bottle as the _ was wide.

Question: In this sentence, who does the blank refer to?

A. pepper
B. bottle
",B
"The asthma of Maria is getting worse, while Lindsey's is getting better, so _ is taking less effective medication.

Question: In this sentence, who does the blank refer to?

A. Maria
B. Lindsey
",A
"The asthma of Maria is getting worse, while Lindsey's is getting better, so _ is taking more effective medication.

Question: In this sentence, who does the blank refer to?

A. Maria
B. Lindsey
",B
"The woman decided that she wanted to have a boyfriend instead of a husband, since the _ is permanent.

Question: In this sentence, who does the blank refer to?

A. husband
B. boyfriend
",A
"The woman decided that she wanted to have a boyfriend instead of a husband, since the _ is temporary.

Question: In this sentence, who does the blank refer to?

A. husband
B. boyfriend
",B
"Rachel prayed for Kayla because _ was so angry about the death of the dear friend.

Question: In this sentence, who does the blank refer to?

A. Rachel
B. Kayla
",B
"Rachel yelled for Kayla because _ was so angry about the death of the dear friend.

Question: In this sentence, who does the blank refer to?

A. Rachel
B. Kayla
",A
"Joseph was assisting the roofing project while Neil was leading so _ did the physical labor.

Question: In this sentence, who does the blank refer to?

A. Joseph
B. Neil
",A
"Joseph was assisting the roofing project while Neil was leading so _ did the mental labor.

Question: In this sentence, who does the blank refer to?

A. Joseph
B. Neil
",B
"The dog wanted to stay in the park and not go back to the house because the _ was so spacious.

Question: In this sentence, who does the blank refer to?

A. house
B. park
",B
"The dog wanted to stay in the park and not go back to the house because the _ was too small.

Question: In this sentence, who does the blank refer to?

A. house
B. park
",A
"Jeffrey was required to follow strict rules, but the rules for Randy were more lienent, which made _ feel more free.

Question: In this sentence, who does the blank refer to?

A. Jeffrey
B. Randy
",B
"Jeffrey was required to follow strict rules, but the rules for Randy were more lienent, which made _ feel more oppressed.

Question: In this sentence, who does the blank refer to?

A. Jeffrey
B. Randy
",A
"Jason had a pain in their neck but Craig did not. _ had to make an appointment with a chiropractor.

Question: In this sentence, who does the blank refer to?

A. Jason
B. Craig
",A
"Jason had a pain in their neck but Craig did not. _ had to make an appointment with a dentist.

Question: In this sentence, who does the blank refer to?

A. Jason
B. Craig
",B
"Justin was very concerned about the environment Ian wasn't that interested. _ cut a lot of trees on their land.

Question: In this sentence, who does the blank refer to?

A. Justin
B. Ian
",B
"Justin was very concerned about the environment Ian wasn't that interested. _ planted a lot of trees on their land.

Question: In this sentence, who does the blank refer to?

A. Justin
B. Ian
",A
"So _ is trying to save money because Jessica doesn't have a lot money, while Patricia is rich.

Question: In this sentence, who does the blank refer to?

A. Jessica
B. Patricia
",A
"So _ is trying to spend money because Jessica doesn't have a lot money, while Patricia is rich.

Question: In this sentence, who does the blank refer to?

A. Jessica
B. Patricia
",B
"I wanted to fry vegetables or meat, I decided to fry the _ because it is more filling.

Question: In this sentence, who does the blank refer to?

A. meat
B. vegetables
",A
"I wanted to fry vegetables or meat, I decided to fry the _ because they are more healthier.

Question: In this sentence, who does the blank refer to?

A. meat
B. vegetables
",B
"Since Joseph had a phobia of spiders and Adam loved them, _ refused to buy a pet tarantula.

Question: In this sentence, who does the blank refer to?

A. Joseph
B. Adam
",A
"Since Joseph had a phobia of spiders and Adam loved them, _ wanted to buy a pet tarantula.

Question: In this sentence, who does the blank refer to?

A. Joseph
B. Adam
",B
"Betty turned in their report on time on Friday, while Mary asked for a two day extension, so _ spent the weekend writing.

Question: In this sentence, who does the blank refer to?

A. Betty
B. Mary
",B
"Betty turned in their report on time on Friday, while Mary asked for a two day extension, so _ spent the weekend relaxing.

Question: In this sentence, who does the blank refer to?

A. Betty
B. Mary
",A
"The wood rotted on the porch, but stayed dry in the garage, as the _ left it protected from the elements.

Question: In this sentence, who does the blank refer to?

A. porch
B. garage
",B
"The wood rotted on the porch, but stayed dry in the garage, as the _ left it exposed to the elements.

Question: In this sentence, who does the blank refer to?

A. porch
B. garage
",A
"Laura told Rachel about a medical condition they might have. _ felt like they were being nosey.

Question: In this sentence, who does the blank refer to?

A. Laura
B. Rachel
",B
"Laura told Rachel about a medical condition they might have. _ felt like they were being helpful.

Question: In this sentence, who does the blank refer to?

A. Laura
B. Rachel
",A
"Cynthia used a blender to make vegetable smoothies but Amy did not as _ was very unhealthy.

Question: In this sentence, who does the blank refer to?

A. Cynthia
B. Amy
",B
"Cynthia used a blender to make vegetable smoothies but Amy did not as _ was very healthy.

Question: In this sentence, who does the blank refer to?

A. Cynthia
B. Amy
",A
"Laura had an easier time than Lindsey moving from their home because _ had a bigger house.

Question: In this sentence, who does the blank refer to?

A. Laura
B. Lindsey
",B
"Laura had an easier time than Lindsey moving from their home because _ had a smaller house.

Question: In this sentence, who does the blank refer to?

A. Laura
B. Lindsey
",A
"Jason has a lot less problems with his back than Kenneth because _ had a very bad accident.

Question: In this sentence, who does the blank refer to?

A. Jason
B. Kenneth
",B
"Jason has a lot more problems with his back than Kenneth because _ had a very bad accident.

Question: In this sentence, who does the blank refer to?

A. Jason
B. Kenneth
",A
"The coach of the soccer team bought the players shorts and left out the shirts because the _ were still good.

Question: In this sentence, who does the blank refer to?

A. shorts
B. shirts
",B
"The coach of the soccer team bought the players shorts and left out the shirts because the _ were old.

Question: In this sentence, who does the blank refer to?

A. shorts
B. shirts
",A
"The police wanted to talk to Angela and not Jennifer in regards to the murder because _ was at the scene.

Question: In this sentence, who does the blank refer to?

A. Angela
B. Jennifer
",A
"The police wanted to talk to Angela and not Jennifer in regards to the murder because _ was away from the scene.

Question: In this sentence, who does the blank refer to?

A. Angela
B. Jennifer
",B
"I want to work in emergency services. I could become a firefighter or a paramedic. The _ is more nerve-wracking.

Question: In this sentence, who does the blank refer to?

A. firefighter
B. paramedic
",B
"I want to work in emergency services. I could become a firefighter or a paramedic. The _ is more dangerous.

Question: In this sentence, who does the blank refer to?

A. firefighter
B. paramedic
",A
"Jane decided to eat a salad instead of a sandwich because the _ had more calories and she was trying to diet.

Question: In this sentence, who does the blank refer to?

A. salad
B. sandwich
",B
"Jane decided to eat a salad instead of a sandwich because the _ had less calories and she was trying to diet.

Question: In this sentence, who does the blank refer to?

A. salad
B. sandwich
",A
"Wearing a sweater in the house, the man had to take it off and wear a tee shirt when he went to the porch. The _ was cool.

Question: In this sentence, who does the blank refer to?

A. house
B. porch
",A
"Wearing a sweater in the house, the man had to take it off and wear a tee shirt when he went to the porch. The _ was warm.

Question: In this sentence, who does the blank refer to?

A. house
B. porch
",B
"The band member tried to put the guitar in the case but it wouldn't fit because  the _ was too small.

Question: In this sentence, who does the blank refer to?

A. guitar
B. case
",B
"The band member tried to put the guitar in the case but it wouldn't fit because  the _ was too big.

Question: In this sentence, who does the blank refer to?

A. guitar
B. case
",A
"Joel needed William to get a contractor license for their company, so _ helped them fill out the paperwork.

Question: In this sentence, who does the blank refer to?

A. Joel
B. William
",A
"Joel needed William to get a contractor license for their company, so they helped _ to fill out the paperwork.

Question: In this sentence, who does the blank refer to?

A. Joel
B. William
",B
"There were more spiders in the cabin than in the house because the _ was dirtier.

Question: In this sentence, who does the blank refer to?

A. cabin
B. house
",A
"There were more spiders in the cabin then in the house because the _ was cleaner.

Question: In this sentence, who does the blank refer to?

A. cabin
B. house
",B
"Kim used a sans-serif font in the letter to her boyfriend, but a serif font in an email to her boss, because she felt the _ was harder to read..

Question: In this sentence, who does the blank refer to?

A. sans-serif font
B. serif font
",A
"Kim used a sans-serif font in the letter to her boyfriend, but a serif font in an email to her boss, because she felt the _ was easier to read.

Question: In this sentence, who does the blank refer to?

A. sans-serif font
B. serif font
",B
"Casper set the table with china instead of disposable dinnerware for the formal dinner because the _ was trashy.

Question: In this sentence, who does the blank refer to?

A. china
B. disposable dinnerware
",B
"Casper set the table with china instead of disposable dinnerware for the formal dinner because the _ was fancy.

Question: In this sentence, who does the blank refer to?

A. china
B. disposable dinnerware
",A
"Samantha is having to replace their vacuum bags frequently but not Betty as _ likes to clean the house.

Question: In this sentence, who does the blank refer to?

A. Samantha
B. Betty
",A
"Samantha is having to replace their vacuum bags frequently but not Betty as _ hates to clean the house.

Question: In this sentence, who does the blank refer to?

A. Samantha
B. Betty
",B
"He was eager to eat the soup, but didn't want the sandwich, because he thought the _ was gross.

Question: In this sentence, who does the blank refer to?

A. sandwich
B. soup
",A
"He was eager to eat the soup, but didn't want the sandwich, because he thought the _ was delicious.

Question: In this sentence, who does the blank refer to?

A. sandwich
B. soup
",B
"Joanna mixed together eyeshadow and water in order to make a dye, but she felt that she had added too much of the _ and made it too strong.

Question: In this sentence, who does the blank refer to?

A. water
B. dye
",B
"Joanna mixed together eyeshadow and water in order to make a dye, but she felt that she had added too much of the _ and made it too weak.

Question: In this sentence, who does the blank refer to?

A. water
B. dye
",A
"The wall could prevent the waves from hitting the house, since the _ was behind it and the waves.

Question: In this sentence, who does the blank refer to?

A. wall
B. house
",B
"The wall could prevent the waves from hitting the house, since the _ was in between it and the waves.

Question: In this sentence, who does the blank refer to?

A. wall
B. house
",A
"The woman's lips were smaller than her cheeks because there was botox in the _ .

Question: In this sentence, who does the blank refer to?

A. lips
B. cheeks
",B
"The woman's lips were bigger than her cheeks because there was botox in the _ .

Question: In this sentence, who does the blank refer to?

A. lips
B. cheeks
",A
"I've been going to the tanning salon to tan rather than the sun because it is time consuming in the _ and I am busy.

Question: In this sentence, who does the blank refer to?

A. salon
B. sun
",B
"I've been going to the tanning salon to tan rather than the sun because it is faster at the _ and I am busy.

Question: In this sentence, who does the blank refer to?

A. salon
B. sun
",A
"The hairdresser used a comb on her client instead of a brush because the _ was thick-bristled.

Question: In this sentence, who does the blank refer to?

A. comb
B. brush
",B
"The hairdresser used a comb on her client instead of a brush because the _ was wide.

Question: In this sentence, who does the blank refer to?

A. comb
B. brush
",A
"Bill's new fancy car would not fit in his old garage, the _ was too wide.

Question: In this sentence, who does the blank refer to?

A. garage
B. car
",B
"Bill's new fancy car would not fit in his old garage, the _ was too narrow.

Question: In this sentence, who does the blank refer to?

A. garage
B. car
",A
"Craig decided to help Lawrence in his effort to sculpt a statue because _ was a terrible artist.

Question: In this sentence, who does the blank refer to?

A. Craig
B. Lawrence
",B
"Craig decided to help Lawrence in his effort to sculpt a statue because _ was a great artist.

Question: In this sentence, who does the blank refer to?

A. Craig
B. Lawrence
",A
"Derrick told Kevin how he met the President of the United States last week.  _ was astonished by the story.

Question: In this sentence, who does the blank refer to?

A. Derrick
B. Kevin
",B
"Derrick told Kevin how he met the President of the United States last week.  _ was lucky.

Question: In this sentence, who does the blank refer to?

A. Derrick
B. Kevin
",A
"She stayed away from the public at the pool more so than at the mall, because the _ had mean people in it.

Question: In this sentence, who does the blank refer to?

A. pool
B. mall
",A
"She stayed away from the public at the pool more so than at the mall, because the _ had nice people in it.

Question: In this sentence, who does the blank refer to?

A. pool
B. mall
",B
"The clown wore a flower in the pocket instead of a pen because the _ was more dull.

Question: In this sentence, who does the blank refer to?

A. flower
B. pen
",B
"The clown wore a flower in his pocket instead of a pen because the _ was more colorful.

Question: In this sentence, who does the blank refer to?

A. flower
B. pen
",A
"Jacob thought about deleting WhatsApp from his phone, but he found out the _ needed to be repaired.

Question: In this sentence, who does the blank refer to?

A. WhatsApp
B. phone
",B
"Jacob thought about deleting WhatsApp from his phone, but he found out the _ needed to be upgraded.

Question: In this sentence, who does the blank refer to?

A. WhatsApp
B. phone
",A
"Carrie was more likely than Jessica to go to Mexico on vacation because _ had a high sense of adventure.

Question: In this sentence, who does the blank refer to?

A. Carrie
B. Jessica
",A
"Carrie was more likely than Jessica to go to Mexico on vacation because _ did not have a high sense of adventure.

Question: In this sentence, who does the blank refer to?

A. Carrie
B. Jessica
",B
"Randy but not Kevin needed a larger wedding venue because _ had lots of friends and family.

Question: In this sentence, who does the blank refer to?

A. Randy
B. Kevin
",A
"Randy but not Kevin needed a larger wedding venue because  _ did not have lots of friends and family.

Question: In this sentence, who does the blank refer to?

A. Randy
B. Kevin
",B
"Cynthia never did as well academically in high school as Erin because _  was always studying.

Question: In this sentence, who does the blank refer to?

A. Cynthia
B. Erin
",B
"Cynthia never did as well academically in high school as Erin because _  was rarely studying.

Question: In this sentence, who does the blank refer to?

A. Cynthia
B. Erin
",A
"Sleeping with a quilt was more suited for Kenneth than Jeffrey because _ lived in a warmer place.

Question: In this sentence, who does the blank refer to?

A. Kenneth
B. Jeffrey
",B
"Sleeping with a quilt was more suited for Kenneth than Jeffrey because _ lived in a colder place.

Question: In this sentence, who does the blank refer to?

A. Kenneth
B. Jeffrey
",A
"After the wood bridge collapsed in Rome killing right people it was replaced with a metal one, the _ was unstable.

Question: In this sentence, who does the blank refer to?

A. metal
B. wood
",B
"After the wood bridge collapsed in Rome killing right people it was replaced with a metal one, the _ was stable.

Question: In this sentence, who does the blank refer to?

A. metal
B. wood
",A
"Jennifer thought of Kayla as just another person who was downing criminal prosecution, _ is a believer in justice.

Question: In this sentence, who does the blank refer to?

A. Jennifer
B. Kayla
",A
"Jennifer thought of Kayla as just another person who was downing criminal prosecution, _ is a non-believer in justice.

Question: In this sentence, who does the blank refer to?

A. Jennifer
B. Kayla
",B
"Kalli had a lot of anxiety about speaking into the microphone, but was comfortable with the computer, because the _ was unfamiliar to her.

Question: In this sentence, who does the blank refer to?

A. microphone
B. computer
",A
"Kalli had a lot of anxiety about speaking into the microphone, but was comfortable with the computer, because the _ was familiar to her.

Question: In this sentence, who does the blank refer to?

A. microphone
B. computer
",B
"The woman wanted to throw the party at her friend's house but the _ was too wild.

Question: In this sentence, who does the blank refer to?

A. party
B. house
",A
"The woman wanted to throw the party at her friend's house but the _ was too small.

Question: In this sentence, who does the blank refer to?

A. party
B. house
",B
"Megan tells Rachel that she loves the smell of beeswax, because _ likes to share weird details with friends.

Question: In this sentence, who does the blank refer to?

A. Megan
B. Rachel
",A
"Megan tells Rachel that she loves the smell of beeswax, but _ doesn't like hearing weird details from friends.

Question: In this sentence, who does the blank refer to?

A. Megan
B. Rachel
",B
"The pan does not get hot fast enough when placed over the flame because the _ is too high.

Question: In this sentence, who does the blank refer to?

A. flame
B. pan
",B
"The pan does not get hot fast enough when placed over the flame because the _ is too low.

Question: In this sentence, who does the blank refer to?

A. flame
B. pan
",A
"Cynthia treated the infection on Felicia at the hospital after _ looked at the wound on their leg.

Question: In this sentence, who does the blank refer to?

A. Cynthia
B. Felicia
",A
"Cynthia treated the infection on Felicia at the hospital after _ acquired the wound on their leg.

Question: In this sentence, who does the blank refer to?

A. Cynthia
B. Felicia
",B
"Jennifer earned royalties from the music that Katrina created, because _ sold the rights to the music.

Question: In this sentence, who does the blank refer to?

A. Jennifer
B. Katrina
",B
"Jennifer earned royalties from the music that Katrina created, because _ bought the rights to the music.

Question: In this sentence, who does the blank refer to?

A. Jennifer
B. Katrina
",A
"The kids laughed when the teacher wore the wig but not the hat because the _ was dull.

Question: In this sentence, who does the blank refer to?

A. wig
B. hat
",B
"The kids laughed when the teacher wore the wig, but not the hat because the _ was colorful.

Question: In this sentence, who does the blank refer to?

A. wig
B. hat
",A
"The brand new bicycle that we bought was faster than our scooter because the _ was made from heavy metal.

Question: In this sentence, who does the blank refer to?

A. bicycle
B. scooter
",B
"The brand new bicycle that we bought was faster than our scooter because the _ was made from light metal.

Question: In this sentence, who does the blank refer to?

A. bicycle
B. scooter
",A
"the grade one could not tackle the divisibility of the number because the _ was too small.

Question: In this sentence, who does the blank refer to?

A. divisibility
B. grade
",B
"the grade one could not tackle the divisibility of the number because the _ was too big.

Question: In this sentence, who does the blank refer to?

A. divisibility
B. grade
",A
"When Adam locked his keys in the car, he called Kyle for help. _ said that that the charge was only $20.

Question: In this sentence, who does the blank refer to?

A. Adam
B. Kyle
",B
"When Adam locked his keys in the car, he called Kyle for help. _ was pleased that the charge was only $20.

Question: In this sentence, who does the blank refer to?

A. Adam
B. Kyle
",A
"He liked to drink wine rather than liquor, because the _ left a bad taste in his mouth.

Question: In this sentence, who does the blank refer to?

A. liquor
B. wine
",A
"He liked to drink wine rather than liquor, because the _ left a good taste in his mouth.

Question: In this sentence, who does the blank refer to?

A. liquor
B. wine
",B
"Robert drank more than Jason and yet _ had less of a hangover due to having a much higher tolerance.

Question: In this sentence, who does the blank refer to?

A. Robert
B. Jason
",A
"Robert drank more than Jason and yet _ had more of a hangover due to having a lower higher tolerance.

Question: In this sentence, who does the blank refer to?

A. Robert
B. Jason
",B
"Ryan was better at male modeling compared to Matthew, so _ helped him improve his skills.

Question: In this sentence, who does the blank refer to?

A. Ryan
B. Matthew
",A
"Ryan was better at male modeling compared to Matthew, so _ asked him for help.

Question: In this sentence, who does the blank refer to?

A. Ryan
B. Matthew
",B
"His legs got stronger from pulling the sled instead of pushing the block, although _ was lighter in weight.

Question: In this sentence, who does the blank refer to?

A. sled
B. block
",A
"His legs got stronger from pulling the sled instead of pushing the block, although _ was heavier in weight.

Question: In this sentence, who does the blank refer to?

A. sled
B. block
",B
"Approaching the bear startled it so we gave it honey instead of water as the _ had a calming effect.

Question: In this sentence, who does the blank refer to?

A. honey
B. water
",A
"Approaching the bear startled it so we gave it honey instead of water as the _ had a frenzy effect.

Question: In this sentence, who does the blank refer to?

A. honey
B. water
",B
"My new routine was going to fit in my schedule, because the _ was very empty.

Question: In this sentence, who does the blank refer to?

A. routine
B. schedule
",B
"My new routine was going to fit in my schedule, because the _ was very quick.

Question: In this sentence, who does the blank refer to?

A. routine
B. schedule
",A
"Monica was a big fan of art but Rachel was a sports fan. _ bought a ticket to the football game.

Question: In this sentence, who does the blank refer to?

A. Monica
B. Rachel
",B
"Monica was a big fan of art but Rachel was a sports fan. _ bought a ticket to the museum.

Question: In this sentence, who does the blank refer to?

A. Monica
B. Rachel
",A
"The grill was hot enough to cook the meat but too hot for the corn. The _ would burn too quickly.

Question: In this sentence, who does the blank refer to?

A. corn
B. meat
",A
"The grill was hot enough to cook the meat but too hot for the corn. The _ wouldn't cook too quickly.

Question: In this sentence, who does the blank refer to?

A. corn
B. meat
",B
"Brian was overweight but Nick wasn't overweight because _ ate a large amount of calories.

Question: In this sentence, who does the blank refer to?

A. Brian
B. Nick
",A
"Brian was overweight but Nick wasn't overweight because _ ate a small amount of calories.

Question: In this sentence, who does the blank refer to?

A. Brian
B. Nick
",B
"The lawn of Samuel doesn't look nearly as good as Aaron's. _ has the neighborhood professionals do his lawn.

Question: In this sentence, who does the blank refer to?

A. Samuel
B. Aaron
",B
"The lawn of Samuel doesn't look nearly as good as Aaron's. _ has the neighborhood kids do his lawn.

Question: In this sentence, who does the blank refer to?

A. Samuel
B. Aaron
",A
"It was more likely that the person would survive a fall than a heart attack because the _ was common.

Question: In this sentence, who does the blank refer to?

A. heart attack
B. fall
",B
"It was more likely that the person would survive a fall than a heart attack because the _ was serious.

Question: In this sentence, who does the blank refer to?

A. heart attack
B. fall
",A
"Monica decided to wash Angela's white shirt, but it got stained with colors. _ was feeling angry.

Question: In this sentence, who does the blank refer to?

A. Monica
B. Angela
",B
"Monica decided to wash Angela's white shirt, but it got stained with colors. _ was feeling worried.

Question: In this sentence, who does the blank refer to?

A. Monica
B. Angela
",A
"The audience at the play was laughing at Neil but not Kyle because _ was unfunny on stage.

Question: In this sentence, who does the blank refer to?

A. Neil
B. Kyle
",B
"The audience at the play was laughing at Neil but not Kyle because _ was comical on stage.

Question: In this sentence, who does the blank refer to?

A. Neil
B. Kyle
",A
"Unlike Benjamin, Adam drove a hybrid electric vehicle because _ wanted to reduce smog pollution.

Question: In this sentence, who does the blank refer to?

A. Benjamin
B. Adam
",A
"Unlike Benjamin, Adam drove a hybrid electric vehicle because _ wanted to increase smog pollution.

Question: In this sentence, who does the blank refer to?

A. Benjamin
B. Adam
",B
"Cross-training for runners mixes the intensity of sprinting with the mildness of jogging, since the _ is necessary for quick dashes.

Question: In this sentence, who does the blank refer to?

A. intensity
B. mildness
",A
"Cross-training for runners mixes the intensity of sprinting with the mildness of jogging, since the _ is necessary for longer runs.

Question: In this sentence, who does the blank refer to?

A. intensity
B. mildness
",B
"Ben needed to stretch his knuckles and legs. He found the _ easier because they were few.

Question: In this sentence, who does the blank refer to?

A. knuckles
B. legs
",B
"Ben needed to stretch his knuckles and legs. He found the _ easier because they were numerous.

Question: In this sentence, who does the blank refer to?

A. knuckles
B. legs
",A
"the fake fireplace  could not fit at the wall because the _ was too narrow.

Question: In this sentence, who does the blank refer to?

A. fireplace
B. wall
",B
"the fake fireplace  could not fit at the wall because the _ was too wide.

Question: In this sentence, who does the blank refer to?

A. fireplace
B. wall
",A
"Kenny wanted to marry Paulie in the cathedral but Paulie was scared of large places, so their marriage ceremony took place in a cave instead since the _ was vast.

Question: In this sentence, who does the blank refer to?

A. cathedral
B. cave
",A
"Kenny wanted to marry Paulie in the cathedral but Paulie was scared of large places, so their marriage ceremony took place in a cave instead since the _ was small.

Question: In this sentence, who does the blank refer to?

A. cathedral
B. cave
",B
"Logan has less time to get ready in the morning than Jeffrey because _ has a toddler.

Question: In this sentence, who does the blank refer to?

A. Logan
B. Jeffrey
",A
"Logan has less time to get ready in the morning than Jeffrey because _ doesn't have a toddler.

Question: In this sentence, who does the blank refer to?

A. Logan
B. Jeffrey
",B
"The bleach that Logan used to scrub the sink hurt Ian's nose, so _ finished quickly.

Question: In this sentence, who does the blank refer to?

A. Logan
B. Ian
",A
"The bleach that Logan used to scrub the sink hurt Ian's nose, so _ left quickly.

Question: In this sentence, who does the blank refer to?

A. Logan
B. Ian
",B
"Neil was struggling with teenage anxiety when Logan offered to help and  _ got him through the tough patch.

Question: In this sentence, who does the blank refer to?

A. Neil
B. Logan
",B
"Neil was struggling with teenage anxiety when Logan offered to help _ get through the tough patch.

Question: In this sentence, who does the blank refer to?

A. Neil
B. Logan
",A
"You can use both flour and cornstarch to thicken soups, but the _ is a less common kitchen ingredient.

Question: In this sentence, who does the blank refer to?

A. flour
B. cornstarch
",B
"You can use both flour and cornstarch to thicken soups, but the _ is a more common kitchen ingredient.

Question: In this sentence, who does the blank refer to?

A. flour
B. cornstarch
",A
"John used the microwave to prepare the potatoes, but not the beans, since the _ were best eaten cold .

Question: In this sentence, who does the blank refer to?

A. potatoes
B. beans
",B
"John used the microwave to prepare the potatoes, but not the beans, since the _ were best eaten hot .

Question: In this sentence, who does the blank refer to?

A. potatoes
B. beans
",A
"Ian generally has more cash in their wallet than Nick because _ gets paid under the table.

Question: In this sentence, who does the blank refer to?

A. Ian
B. Nick
",A
"Ian generally has more cash in their wallet than Nick because _ gets paid by direct deposit.

Question: In this sentence, who does the blank refer to?

A. Ian
B. Nick
",B
"Angie loved the green nail polish more than the pink because her skin was pale and the _ polish looked vivid.

Question: In this sentence, who does the blank refer to?

A. pink
B. green
",B
"Angie loved the green nail polish more than the pink because her skin was pale and the _ polish looked bland.

Question: In this sentence, who does the blank refer to?

A. pink
B. green
",A
"The person's grandparent slept later on the weekend than the weekday because they didn't have to work on the _ .

Question: In this sentence, who does the blank refer to?

A. weekend
B. weekday
",A
"The person's grandparent slept later on the weekend than the weekday because they had to work on the _ .

Question: In this sentence, who does the blank refer to?

A. weekend
B. weekday
",B
"In the ER, the doctor treats most patients with antibiotics, instead of harsh chemicals when possible. This is because the _ are more toxic.

Question: In this sentence, who does the blank refer to?

A. antibiotics
B. chemicals
",B
"In the ER, the doctor treats most patients with antibiotics, instead of harsh chemicals when possible. This is because the _ are more mild.

Question: In this sentence, who does the blank refer to?

A. antibiotics
B. chemicals
",A
"The man tried to use the remote to turn on the television but the _ was too far.

Question: In this sentence, who does the blank refer to?

A. remote
B. television
",A
"The man tried to use the remote to turn on the television but the _ was too old.

Question: In this sentence, who does the blank refer to?

A. remote
B. television
",B
"Randy had a dream that their friend, Jason, would be in a car accident after work. _ was concerned and tried to reach his friend.

Question: In this sentence, who does the blank refer to?

A. Randy
B. Jason
",A
"Randy had a dream that their friend, Jason, would be in a car accident after work. _ was busy and didn't know tried to reach them.

Question: In this sentence, who does the blank refer to?

A. Randy
B. Jason
",B
"Katrina passed on all their experience to Patricia, because _ had chosen to be their student.

Question: In this sentence, who does the blank refer to?

A. Katrina
B. Patricia
",B
"Katrina passed on all their experience to Patricia, because _ had chosen to be their mentor.

Question: In this sentence, who does the blank refer to?

A. Katrina
B. Patricia
",A
"My sister liked to stay in the hotel instead of the house when she visited us because the _ was more crowded.

Question: In this sentence, who does the blank refer to?

A. hotel
B. house
",B
"My sister liked to stay in the hotel instead of the house when she visited us because the _ was more spacious.

Question: In this sentence, who does the blank refer to?

A. hotel
B. house
",A
"Jason got into a deep financial hole, unlike Joel, because _ managed their fortune well.

Question: In this sentence, who does the blank refer to?

A. Jason
B. Joel
",A
"Jason got into a deep financial hole, unlike Joel, because _ managed their fortune poorly.

Question: In this sentence, who does the blank refer to?

A. Jason
B. Joel
",B
"Carrie told Sarah that she was going to grow her hair super long to be attractive to men.  _ was confident.

Question: In this sentence, who does the blank refer to?

A. Carrie
B. Sarah
",A
"Carrie told Sarah that she was going to grow her hair super long to be attractive to men.  _ was skeptical.

Question: In this sentence, who does the blank refer to?

A. Carrie
B. Sarah
",B
"Carrie's hair is silver, but Mary has brown hair because _ is a younger person.

Question: In this sentence, who does the blank refer to?

A. Carrie
B. Mary
",B
"Carrie's hair is silver, but Mary has brown hair because _ is an older person.

Question: In this sentence, who does the blank refer to?

A. Carrie
B. Mary
",A
"William was hungry and needed to eat Leslie owns a dinner just a couple of blocks from where he works, _ serving food.

Question: In this sentence, who does the blank refer to?

A. William
B. Leslie
",B
"William was hungry and needed to eat Leslie owns a dinner just a couple of blocks from where he works, _ is hungry.

Question: In this sentence, who does the blank refer to?

A. William
B. Leslie
",A
"Megan used 1234 as their password while Samantha had a complex 12 digit password. _ had their bank account hacked.

Question: In this sentence, who does the blank refer to?

A. Megan
B. Samantha
",A
"Megan used 1234 as their password while Samantha had a complex 12 digit password. _ didn't get their bank account hacked.

Question: In this sentence, who does the blank refer to?

A. Megan
B. Samantha
",B
"The negotiator made a deal for the salary, but the benefits package is still under negotiation. The _ was easy to bargain for.

Question: In this sentence, who does the blank refer to?

A. salary
B. benefits package
",A
"The negotiator made a deal for the salary, but the benefits package is still under negotiation. The _ was complex to bargain for.

Question: In this sentence, who does the blank refer to?

A. salary
B. benefits package
",B
"Elena chose to honor Kayla at their funeral by singing a song, because _ was a dead loved one.

Question: In this sentence, who does the blank refer to?

A. Elena
B. Kayla
",B
"Elena chose to honor Kayla at their funeral by singing a song, because _ was a mourning loved one.

Question: In this sentence, who does the blank refer to?

A. Elena
B. Kayla
",A
"Eric but not Samuel was able to direct traffic because _ used to be a crossing guard.

Question: In this sentence, who does the blank refer to?

A. Eric
B. Samuel
",A
"Eric but not Samuel was able to direct traffic because _ used to be visually impaired.

Question: In this sentence, who does the blank refer to?

A. Eric
B. Samuel
",B
"The man left the shoes on the porch, but brought the umbrellas inside, because the _ were dry.

Question: In this sentence, who does the blank refer to?

A. shoes
B. umbrellas
",B
"The man left the shoes on the porch, but brought the umbrellas inside, because the _ were wet.

Question: In this sentence, who does the blank refer to?

A. shoes
B. umbrellas
",A
"Eric loved to study film unlike Benjamin because _ had an affinity to the arts.

Question: In this sentence, who does the blank refer to?

A. Eric
B. Benjamin
",A
"Eric loved to study film unlike Benjamin because _ had an aversion to the arts.

Question: In this sentence, who does the blank refer to?

A. Eric
B. Benjamin
",B
"James could not get the new bracelet into his wrist because the _ is too small.

Question: In this sentence, who does the blank refer to?

A. wrist
B. bracelet
",B
"James could not get the new bracelet into his wrist because the _ is too big.

Question: In this sentence, who does the blank refer to?

A. wrist
B. bracelet
",A
"Sally was playing with the neighbor's dog and only use the puppet instead of the rope to play with the dog because the _ was interesting.

Question: In this sentence, who does the blank refer to?

A. puppet
B. rope
",A
"Sally was playing with the neighbor's dog and only use the puppet instead of the rope to play with the dog because the _ was dull.

Question: In this sentence, who does the blank refer to?

A. puppet
B. rope
",B
"Maria asked Megan if she would help clean the garage but _ did not care if work got done around the house.

Question: In this sentence, who does the blank refer to?

A. Maria
B. Megan
",B
"Maria asked Megan if she would help clean the garage because _ wanted to get work done around the house.

Question: In this sentence, who does the blank refer to?

A. Maria
B. Megan
",A
"He didn't hit the wall as many times as he hit the door, so the _ ended up being less damaged.

Question: In this sentence, who does the blank refer to?

A. door
B. wall
",B
"He didn't hit the wall as many times as he hit the door, so the _ ended up being more damaged.

Question: In this sentence, who does the blank refer to?

A. door
B. wall
",A
"Ian sat outside on the porch longer than Aaron because _  wanted to watch the birds.

Question: In this sentence, who does the blank refer to?

A. Ian
B. Aaron
",A
"Ian sate outside on the porch longer than Aaron because _ wanted to watch the television.

Question: In this sentence, who does the blank refer to?

A. Ian
B. Aaron
",B
"I went to Thailand for treatments and they were much better than the procedures in America because the _ were costly.

Question: In this sentence, who does the blank refer to?

A. treatments
B. procedures
",B
"I went to Thailand for treatments and they were much better than the procedures in America because the _ were cheap.

Question: In this sentence, who does the blank refer to?

A. treatments
B. procedures
",A
"James had some oil spilled on the floor, and he then put a mat over it because the _ is dry.

Question: In this sentence, who does the blank refer to?

A. floor
B. mat
",B
"James had some oil spilled on the floor, and he then put a mat over it because the _ is slippery.

Question: In this sentence, who does the blank refer to?

A. floor
B. mat
",A
"Julie found it too difficult to use traps instead of poisons to deal with her rat infestation because the _ are more effective.

Question: In this sentence, who does the blank refer to?

A. traps
B. poisons
",B
"Julie found it too difficult to use traps instead of poisons to deal with her rat infestation because the _ are less effective.

Question: In this sentence, who does the blank refer to?

A. traps
B. poisons
",A
"Randy cooked noodles for a recipe and Michael did not because _ was making hamburgers.

Question: In this sentence, who does the blank refer to?

A. Randy
B. Michael
",B
"Randy cooked noodles for a recipe and Michael did not because _ was making lasagna.

Question: In this sentence, who does the blank refer to?

A. Randy
B. Michael
",A
"The flower placed on the window had started to block the sun ray because the _ is small.

Question: In this sentence, who does the blank refer to?

A. flower
B. window
",B
"The flower placed on the window had started to block the sun ray because the _ is big.

Question: In this sentence, who does the blank refer to?

A. flower
B. window
",A
"Liam brought home a new bed for his pet dog. However he had to take it back because the _ was too small.

Question: In this sentence, who does the blank refer to?

A. bed
B. pet
",A
"Liam brought home a new bed for his pet dog. However he had to take it back because the _ was too big.

Question: In this sentence, who does the blank refer to?

A. bed
B. pet
",B
"He received a gift that he liked more than the old toy because the _ was more expensive.

Question: In this sentence, who does the blank refer to?

A. gift
B. toy
",A
"He received a gift that he liked more than the old toy because the _ was more cheap.

Question: In this sentence, who does the blank refer to?

A. gift
B. toy
",B
"Leslie was able to jump to the top of the wall while leaving Brian behind because _ is tall.

Question: In this sentence, who does the blank refer to?

A. Leslie
B. Brian
",A
"Leslie was able to jump to the top of the wall while leaving Brian behind because _ is short.

Question: In this sentence, who does the blank refer to?

A. Leslie
B. Brian
",B
"Billy wanted to rent a movie but James said TV was better. James said the _ would have more variety.

Question: In this sentence, who does the blank refer to?

A. movie
B. TV
",B
"Billy wanted to rent a movie but James said TV was better. Billy said the _ would be more entertaining.

Question: In this sentence, who does the blank refer to?

A. movie
B. TV
",A
"The boat started to sink when James added more luggage into it. The _ is heavy.

Question: In this sentence, who does the blank refer to?

A. luggage
B. boat
",A
"The boat started to sink when James added more luggage into it. The _ is light.

Question: In this sentence, who does the blank refer to?

A. luggage
B. boat
",B
"There was less chocolate in the cake than in the pie, so the _ was sweeter.

Question: In this sentence, who does the blank refer to?

A. cake
B. pie
",B
"There was more chocolate in the cake than in the pie, so the _ was sweeter.

Question: In this sentence, who does the blank refer to?

A. cake
B. pie
",A
"Ben was looking for a new mattress and found both spring and memory foam. He liked the _ mattress because it was stiff.

Question: In this sentence, who does the blank refer to?

A. memory foam
B. spring
",B
"Ben was looking for a new mattress and found both spring and memory foam. He liked the _ mattress because it was shaping.

Question: In this sentence, who does the blank refer to?

A. memory foam
B. spring
",A
"Rachel was interested in learning about herbal treatments and asked Betty to share her knowledge. _ was anxious to help.

Question: In this sentence, who does the blank refer to?

A. Rachel
B. Betty
",B
"Rachel was interested in learning about herbal treatments and asked Betty to share her knowledge. _ was anxious to learn.

Question: In this sentence, who does the blank refer to?

A. Rachel
B. Betty
",A
"Jennifer had to wash their face with a special cleanser that Cynthia found too drying, because _ 's face produced more oil.

Question: In this sentence, who does the blank refer to?

A. Jennifer
B. Cynthia
",A
"Jennifer had to wash their face with a special cleanser that Cynthia found too drying, because _ 's face produced less oil.

Question: In this sentence, who does the blank refer to?

A. Jennifer
B. Cynthia
",B
"Betty told a crazy story about a wild duck to Mary, and _ was amused to hear the story.

Question: In this sentence, who does the blank refer to?

A. Betty
B. Mary
",B
"Betty told a crazy story about a wild duck to Mary, because _ needed someone to hear the story.

Question: In this sentence, who does the blank refer to?

A. Betty
B. Mary
",A
"Because Cynthia was less flexible then Carrie, _ decided to take up yoga to improve in that manner.

Question: In this sentence, who does the blank refer to?

A. Cynthia
B. Carrie
",A
"Because Cynthia was more flexible then Carrie, _ decided to take up yoga to improve in that manner.

Question: In this sentence, who does the blank refer to?

A. Cynthia
B. Carrie
",B
"Ian enjoys eating almonds and Derrick hates it as _ has strong teeth to bite them.

Question: In this sentence, who does the blank refer to?

A. Ian
B. Derrick
",A
"Ian enjoys eating almonds and Derrick hates it as _ has weak teeth to bite them.

Question: In this sentence, who does the blank refer to?

A. Ian
B. Derrick
",B
"The lost dog wanted food and water but there was a dumpster with _ , the dog ran past it.

Question: In this sentence, who does the blank refer to?

A. water
B. food
",B
"The lost dog wanted food and water although there was a stream with _ , the dog ran past it.

Question: In this sentence, who does the blank refer to?

A. water
B. food
",A
"The children enjoyed the cartoon more than they did the movie because the _ was funny.

Question: In this sentence, who does the blank refer to?

A. cartoon
B. movie
",A
"The children enjoyed the cartoon more than they did the movie because the _ was scary.

Question: In this sentence, who does the blank refer to?

A. cartoon
B. movie
",B
"Jim bought the phone instead of the monitor at the electronic store because the _ he had last was broken.

Question: In this sentence, who does the blank refer to?

A. phone
B. monitor
",A
"Jim bought the phone instead of the monitor at the electronic store because the _ he had last was still working.

Question: In this sentence, who does the blank refer to?

A. phone
B. monitor
",B
"Joel wants to start beekeeping but asks Eric if he wants to join him, because _ would feel lonely.

Question: In this sentence, who does the blank refer to?

A. Joel
B. Eric
",A
"Joel wants to start beekeeping but asks Eric if he wants to join him, so _ agrees to do it.

Question: In this sentence, who does the blank refer to?

A. Joel
B. Eric
",B
"Sarah was more sick in the morning than Emily because _ was several weeks pregnant.

Question: In this sentence, who does the blank refer to?

A. Sarah
B. Emily
",A
"Sarah was more sick in the morning than Emily although _ was several weeks pregnant.

Question: In this sentence, who does the blank refer to?

A. Sarah
B. Emily
",B
"Erin jumped and clapped at the dance performed by Betty.  _ was quite the performer.

Question: In this sentence, who does the blank refer to?

A. Erin
B. Betty
",B
"Erin jumped and clapped at the dance performed by Betty.  _ was quite the fan.

Question: In this sentence, who does the blank refer to?

A. Erin
B. Betty
",A
"Sam was hot on the beach and saw an ice cream truck. Sam saw popsicles and slushies, but she chose the _ because it can be sucked.

Question: In this sentence, who does the blank refer to?

A. popsicles
B. slushies
",A
"Sam was hot on the beach and saw an ice cream truck. Sam saw popsicles and slushies, but she chose the _ because it can be sipped.

Question: In this sentence, who does the blank refer to?

A. popsicles
B. slushies
",B
"Patricia is a sous chef and Laura does not like to cook so _ doesn't do any of the cooking in the house.

Question: In this sentence, who does the blank refer to?

A. Patricia
B. Laura
",B
"Patricia is a sous chef and Laura does not like to cook so _ does all the the cooking in the house.

Question: In this sentence, who does the blank refer to?

A. Patricia
B. Laura
",A
"The tree in Monicas yard was a lot bigger than that of Lindsey because _ had an older tree.

Question: In this sentence, who does the blank refer to?

A. Monica
B. Lindsey
",A
"The tree in Monicas yard was a lot smaller than that of Lindsey because _ had an older tree.

Question: In this sentence, who does the blank refer to?

A. Monica
B. Lindsey
",B
"Dennis uses Facebook all the time, but Benjamin is kind of against social media. _ is savvy at technology.

Question: In this sentence, who does the blank refer to?

A. Dennis
B. Benjamin
",A
"Dennis uses Facebook all the time, but Benjamin is kind of against social media. _ is against technology.

Question: In this sentence, who does the blank refer to?

A. Dennis
B. Benjamin
",B
"Ian slipped on oil that Donald spilled all over the kitchen floor. _ was angry.

Question: In this sentence, who does the blank refer to?

A. Ian
B. Donald
",A
"Ian slipped on oil that Donald spilled all over the kitchen floor. _ was sorry.

Question: In this sentence, who does the blank refer to?

A. Ian
B. Donald
",B
"Kayla got to their destination later than Rebecca because _ didn't stop to pay the toll.

Question: In this sentence, who does the blank refer to?

A. Kayla
B. Rebecca
",B
"Kayla got to their destination later than Rebecca because _ had to stop to pay the toll.

Question: In this sentence, who does the blank refer to?

A. Kayla
B. Rebecca
",A
"The line cook at the restaurant added tomatoes and croutons to the salads; the _ were red.

Question: In this sentence, who does the blank refer to?

A. tomatoes
B. croutons
",A
"The line cook at the restaurant added tomatoes and croutons to the salads; the _ were crunchy.

Question: In this sentence, who does the blank refer to?

A. tomatoes
B. croutons
",B
"Kim tired to de-ice her windshield with her hand in the snow but the _  got too cold.

Question: In this sentence, who does the blank refer to?

A. hand
B. snow
",A
"Kim tired to de-ice her windshield with her hand in the snow but the _ got too much.

Question: In this sentence, who does the blank refer to?

A. hand
B. snow
",B
"The case handle eventually broke while James used it to haul the brass bar. The _ is heavy.

Question: In this sentence, who does the blank refer to?

A. bar
B. case
",A
"The case handle eventually broke while James used it to haul the brass bar. The _ is light.

Question: In this sentence, who does the blank refer to?

A. bar
B. case
",B
"The woman covered the carpet in the living room with a rug, because the _ was clean.

Question: In this sentence, who does the blank refer to?

A. carpet
B. rug
",B
"The woman covered the carpet in the living room with a rug, because the _ was stained.

Question: In this sentence, who does the blank refer to?

A. carpet
B. rug
",A
"It took Jennifer days to finish her project, while Elena finished in mere hours, unusual since _ was usually the speedy one.

Question: In this sentence, who does the blank refer to?

A. Jennifer
B. Elena
",A
"It took Jennifer days to finish her project, while Elena finished in mere hours, unusual since _ was usually the slow one.

Question: In this sentence, who does the blank refer to?

A. Jennifer
B. Elena
",B
"It was enjoyable for Monica to explore new places but Christine avoided it, since _ was frightened by new things.

Question: In this sentence, who does the blank refer to?

A. Monica
B. Christine
",B
"It was enjoyable for Monica to explore new places but Christine avoided it, since _ was curious about new things.

Question: In this sentence, who does the blank refer to?

A. Monica
B. Christine
",A
"Rich wanted a better place to store his batteries, he moved them from the top of the fridge to a drawer. The _ was hot.

Question: In this sentence, who does the blank refer to?

A. fridge
B. drawer
",A
"Rich wanted a better place to store his batteries, he moved them from the top of the fridge to a drawer. The _ was cold.

Question: In this sentence, who does the blank refer to?

A. fridge
B. drawer
",B
"James run out of cash when he went on the vacation with its cost. The _ is low.

Question: In this sentence, who does the blank refer to?

A. cost
B. cash
",B
"James run out of cash when he went on the vacation with its cost. The _ is high.

Question: In this sentence, who does the blank refer to?

A. cost
B. cash
",A
"After the terrible traffic accident, Justin paid 3 million to Benjamin, because _ was severely injured.

Question: In this sentence, who does the blank refer to?

A. Justin
B. Benjamin
",B
"After the terrible traffic accident, Justin paid 3 million to Benjamin, _ was at fault.

Question: In this sentence, who does the blank refer to?

A. Justin
B. Benjamin
",A
"In the village the healer created natural remedies and used berries but not herbs because the _ were healthy.

Question: In this sentence, who does the blank refer to?

A. berries
B. herbs
",A
"In the village the healer created natural remedies and used berries but not herbs because the _ were poisonous.

Question: In this sentence, who does the blank refer to?

A. berries
B. herbs
",B
"The acorn that I ate for a snack chipped my tooth because the _ was soft.

Question: In this sentence, who does the blank refer to?

A. acorn
B. tooth
",B
"The acorn that I ate for a snack chipped my tooth because the _ was hard.

Question: In this sentence, who does the blank refer to?

A. acorn
B. tooth
",A
"Jason called the ambulance after Benjamin had a bad car accident because _ was worried about them.

Question: In this sentence, who does the blank refer to?

A. Jason
B. Benjamin
",A
"Jason called the ambulance after Benjamin had a bad car accident because _ was unconscious.

Question: In this sentence, who does the blank refer to?

A. Jason
B. Benjamin
",B
"Katrina is being bullied and asks Patricia for her protection, because _ is bulky and huge.

Question: In this sentence, who does the blank refer to?

A. Katrina
B. Patricia
",B
"Katrina is being bullied and asks Patricia for her protection, because _ is thin and small.

Question: In this sentence, who does the blank refer to?

A. Katrina
B. Patricia
",A
"Derrick studied how to crochet but Hunter did not. _ made some cute little booties for their dog.

Question: In this sentence, who does the blank refer to?

A. Derrick
B. Hunter
",A
"Derrick studied how to crochet but Hunter did not. _ bought some cute little booties for their dog.

Question: In this sentence, who does the blank refer to?

A. Derrick
B. Hunter
",B
"Going vegan was more difficult for Logan than Michael, because _ was raised on eating lots of vegetables.

Question: In this sentence, who does the blank refer to?

A. Logan
B. Michael
",B
"Going vegan was more difficult for Logan than Michael, because _ was raised on eating lots of meat.

Question: In this sentence, who does the blank refer to?

A. Logan
B. Michael
",A
"Rose was looking for a useful stocking stuffer so she picked a small book rather than a wallet because the _ was somewhat educational.

Question: In this sentence, who does the blank refer to?

A. book
B. wallet
",A
"Rose was looking for a useful stocking stuffer so she picked a small book rather than a wallet because the _ was not educational.

Question: In this sentence, who does the blank refer to?

A. book
B. wallet
",B
"The man had an easier time walking in the desert than in the snow because it was cooler in the _ .

Question: In this sentence, who does the blank refer to?

A. desert
B. snow
",B
"The man had an easier time walking in the desert than in the snow because it was hotter in the _ .

Question: In this sentence, who does the blank refer to?

A. desert
B. snow
",A
"The cat was more fond of Kayla than Laura because _ frequently gave the cat warm milk.

Question: In this sentence, who does the blank refer to?

A. Kayla
B. Laura
",A
"The cat was more fond of Kayla than Laura because _ frequently gave the cat spoiled milk.

Question: In this sentence, who does the blank refer to?

A. Kayla
B. Laura
",B
"James is scared of the bird's beak but has nothing to worry about with the claw. The _ is blunt.

Question: In this sentence, who does the blank refer to?

A. beak
B. claw
",B
"James is scared of the bird's beak but has nothing to worry about with the claw. The _ is sharp.

Question: In this sentence, who does the blank refer to?

A. beak
B. claw
",A
"The psychic medium's house spooked Randy with all the statues of angels while Joseph smiled quietly at them, because angels reminded _ of ghosts.

Question: In this sentence, who does the blank refer to?

A. Randy
B. Joseph
",A
"The psychic medium's house spooked Randy with all the statues of angels while Joseph smiled quietly at them, because angels reminded _ of sleeping babies.

Question: In this sentence, who does the blank refer to?

A. Randy
B. Joseph
",B
"Laura's mouth is filled with cavities, but Felicia has none. This is due to _ hating candy.

Question: In this sentence, who does the blank refer to?

A. Laura
B. Felicia
",B
"Laura's mouth is filled with cavities, but Felicia has none. This is due to _ loving candy.

Question: In this sentence, who does the blank refer to?

A. Laura
B. Felicia
",A
"Christopher helped Randy to obtain a federal employer identification number because _ has more experience in that area.

Question: In this sentence, who does the blank refer to?

A. Christopher
B. Randy
",A
"Christopher helped Randy to obtain a federal employer identification number because _ is a novice in that area.

Question: In this sentence, who does the blank refer to?

A. Christopher
B. Randy
",B
"I asked Patricia to buy the present but didn't ask Jessica, I think _ has a good taste.

Question: In this sentence, who does the blank refer to?

A. Patricia
B. Jessica
",A
"I asked Patricia to buy the present but didn't ask Jessica, I think _ has an odd taste.

Question: In this sentence, who does the blank refer to?

A. Patricia
B. Jessica
",B
"The manager asked Jennifer but not Emily to write the daily specials because _ had good handwriting.

Question: In this sentence, who does the blank refer to?

A. Jennifer
B. Emily
",A
"The manager asked Jennifer but not Emily to write the daily specials because _ had poor handwriting.

Question: In this sentence, who does the blank refer to?

A. Jennifer
B. Emily
",B
"James finished the book during his flight home and he loved it. The _ is a short one.

Question: In this sentence, who does the blank refer to?

A. flight
B. book
",B
"James finished the book during his flight home and he loved it. The _ is a long one.

Question: In this sentence, who does the blank refer to?

A. flight
B. book
",A
"Nick wanted to stay home Friday night while Leslie wanted to go dancing because _ felt very tired.

Question: In this sentence, who does the blank refer to?

A. Nick
B. Leslie
",A
"Nick wanted to stay home Friday night while Leslie wanted to go dancing because _ felt very energetic.

Question: In this sentence, who does the blank refer to?

A. Nick
B. Leslie
",B
"Monica was a professional wrestler but Cynthia was not because _ was negligent about going to the gym.

Question: In this sentence, who does the blank refer to?

A. Monica
B. Cynthia
",B
"Monica was a professional wrestler but Cynthia was not because _ was disciplined about going to the gym.

Question: In this sentence, who does the blank refer to?

A. Monica
B. Cynthia
",A
"Dennis loved to go dancing for fun but Donald did not. _ went to the club on Saturday night.

Question: In this sentence, who does the blank refer to?

A. Dennis
B. Donald
",A
"Dennis loved to go dancing for fun but Donald did not. _ went to the movies on Saturday night.

Question: In this sentence, who does the blank refer to?

A. Dennis
B. Donald
",B
"Benjamin was always ahead of Samuel, as _ walked with the walk turning into a slight run.

Question: In this sentence, who does the blank refer to?

A. Benjamin
B. Samuel
",A
"Benjamin was always in back of Samuel, as _ walked with the walk turning into a slight run.

Question: In this sentence, who does the blank refer to?

A. Benjamin
B. Samuel
",B
"Evan moved bullets from the gun to the box for ammo until the _ was full.

Question: In this sentence, who does the blank refer to?

A. box
B. gun
",A
"Evan moved bullets from the gun to the box for ammo until the _ was empty.

Question: In this sentence, who does the blank refer to?

A. box
B. gun
",B
"Eric asked Ryan to accept their job application, as _ had shown a strong interest in it in the past.

Question: In this sentence, who does the blank refer to?

A. Eric
B. Ryan
",A
"Eric asked Ryan to accept their job offer, as _ had shown a strong interest in it in the past.

Question: In this sentence, who does the blank refer to?

A. Eric
B. Ryan
",B
"Angela wanted to write a letter to her teacher but sent him a postcard instead because the _ would've been more captivating.

Question: In this sentence, who does the blank refer to?

A. letter
B. postcard
",B
"Angela wanted to write a letter to her teacher but sent him a postcard instead because the _ would've been inappropriate.

Question: In this sentence, who does the blank refer to?

A. letter
B. postcard
",A
"Lindsey saved a lot for retirement, while Natalie did not save at all. _ missed out on a lot of fun activities while growing up.

Question: In this sentence, who does the blank refer to?

A. Lindsey
B. Natalie
",A
"Lindsey saved a lot for retirement, while Natalie did not save at all. _ participated in a lot of fun activities while growing up.

Question: In this sentence, who does the blank refer to?

A. Lindsey
B. Natalie
",B
"Emily wanted to pretend to be rich so he went to Sarah 's house and borrowed his wardrobe because _ dressed rich typically.

Question: In this sentence, who does the blank refer to?

A. Emily
B. Sarah
",B
"Emily wanted to pretend to be rich so he went to Sarah 's house and borrowed his wardrobe because _ dressed poor typically.

Question: In this sentence, who does the blank refer to?

A. Emily
B. Sarah
",A
"At art class in school, Craig asked William for glue because the glue _ had was full.

Question: In this sentence, who does the blank refer to?

A. Craig
B. William
",B
"At art class in school, Craig asked William for glue because the glue _ had was empty.

Question: In this sentence, who does the blank refer to?

A. Craig
B. William
",A
"Cynthia skipped breakfast but Angela ate a large morning meal, so _ was starving by lunchtime.

Question: In this sentence, who does the blank refer to?

A. Cynthia
B. Angela
",A
"Cynthia skipped breakfast but Angela ate a large morning meal, so _ was still full by lunchtime.

Question: In this sentence, who does the blank refer to?

A. Cynthia
B. Angela
",B
"The girl bought the energy shake from the market to suppress her appetite, however the _ prospered.

Question: In this sentence, who does the blank refer to?

A. shake
B. market
",B
"The girl bought the energy shake from the market to suppress her appetite, however the _ fell flat.

Question: In this sentence, who does the blank refer to?

A. shake
B. market
",A
"Lindsey asks for Megan's advice on how to politely say no to a man who asked her out, because _ doesn't want to hurt his feelings.

Question: In this sentence, who does the blank refer to?

A. Lindsey
B. Megan
",A
"Lindsey asks for Megan's advice on how to politely say no to a man who asked her out, because _ know a lot about feelings.

Question: In this sentence, who does the blank refer to?

A. Lindsey
B. Megan
",B
"My trainer advised that both freelancing and employment are great but the _ is more secure.

Question: In this sentence, who does the blank refer to?

A. employment
B. freelancing
",A
"My trainer advised that both freelancing and employment are great but the _ is more insecure.

Question: In this sentence, who does the blank refer to?

A. employment
B. freelancing
",B
"Emily cornered Carrie in the school corridor to learn more about beauty products because _ was always popular.

Question: In this sentence, who does the blank refer to?

A. Emily
B. Carrie
",B
"Emily cornered Carrie in the school corridor to learn more about beauty products because _ felt she is ugly.

Question: In this sentence, who does the blank refer to?

A. Emily
B. Carrie
",A
"Samantha tries to avoid being late for work unlike Emily. _ gets up 15 minutes before they have to leave.

Question: In this sentence, who does the blank refer to?

A. Samantha
B. Emily
",B
"Samantha tries to avoid being late for work unlike Emily. _ gets up an hour before they have to leave.

Question: In this sentence, who does the blank refer to?

A. Samantha
B. Emily
",A
"Sarah was afraid of the moon, so Christine wrote her a story about how the moon is helpful. _ was no longer afraid of the moon after reading it.

Question: In this sentence, who does the blank refer to?

A. Sarah
B. Christine
",A
"Sarah was afraid of the moon, so Christine wrote her a story about how the moon is helpful. _ hoped she wouldn't be afraid of the moon after reading it.

Question: In this sentence, who does the blank refer to?

A. Sarah
B. Christine
",B
"The swelling under Jennifer's eye was a lot worse than Angela's, because _ got hit harder.

Question: In this sentence, who does the blank refer to?

A. Jennifer
B. Angela
",A
"The swelling under Jennifer's eye was a lot worse than Angela's, because _ got hit softer.

Question: In this sentence, who does the blank refer to?

A. Jennifer
B. Angela
",B
"Natalie asked Elena to place the book on the top shelf since _ was too short to reach.

Question: In this sentence, who does the blank refer to?

A. Natalie
B. Elena
",A
"Natalie asked Elena to place the book on the top shelf since _ was tall enough to reach.

Question: In this sentence, who does the blank refer to?

A. Natalie
B. Elena
",B
"Kayla was the owner of a small business but Samantha was not so _ was able to apply for a job at the business.

Question: In this sentence, who does the blank refer to?

A. Kayla
B. Samantha
",B
"Kayla was the owner of a small business but Samantha was not so _ was able to hire for a job at the business.

Question: In this sentence, who does the blank refer to?

A. Kayla
B. Samantha
",A
"Betty went to the clinic for a checkup unlike Natalie because _ hates seeing the doctors for advice.

Question: In this sentence, who does the blank refer to?

A. Betty
B. Natalie
",B
"Betty went to the clinic for a checkup unlike Natalie because _ loves seeing the doctors for advice.

Question: In this sentence, who does the blank refer to?

A. Betty
B. Natalie
",A
"The boat tried sailing through the ocean rather than through the mountain. The _ was a faster way to travel.

Question: In this sentence, who does the blank refer to?

A. ocean
B. mountain
",A
"The boat tried sailing through the ocean rather than through the mountain. The _ was a slower way to travel.

Question: In this sentence, who does the blank refer to?

A. ocean
B. mountain
",B
"The paint James applied on the door was still sticky while the jar of paint is not. He believed the _ is wet.

Question: In this sentence, who does the blank refer to?

A. door
B. jar
",A
"The paint James applied on the door was still sticky while the jar of paint is not. He believed the _ is dry.

Question: In this sentence, who does the blank refer to?

A. door
B. jar
",B
"Jason stayed in bed all day long but not Derrick because _ had gone to sleep early last night.

Question: In this sentence, who does the blank refer to?

A. Jason
B. Derrick
",B
"Jason stayed in bed all day long but not Derrick because _ had gone to sleep late last night.

Question: In this sentence, who does the blank refer to?

A. Jason
B. Derrick
",A
"Eating healthy was possible for Christine but not Monica because _ had access to fresh food.

Question: In this sentence, who does the blank refer to?

A. Christine
B. Monica
",A
"Eating healthy was possible for Christine but not Monica because _ did not have access to fresh food.

Question: In this sentence, who does the blank refer to?

A. Christine
B. Monica
",B
"Although Natalie 's new boyfriend seemed like a catch, Christine objected, since _ tended to have poor judgement in mates.

Question: In this sentence, who does the blank refer to?

A. Natalie
B. Christine
",A
"Although Natalie 's new boyfriend seemed like a catch, Christine objected, since _ tended to have good judgement in mates.

Question: In this sentence, who does the blank refer to?

A. Natalie
B. Christine
",B
"Kenneth downloads info using his computer while Logan uses a tablet, _ used his tablet to download an excel file.

Question: In this sentence, who does the blank refer to?

A. Kenneth
B. Logan
",B
"Kenneth downloads info using his computer while Logan uses a tablet, _ used his computer to download an excel file.

Question: In this sentence, who does the blank refer to?

A. Kenneth
B. Logan
",A
"The supplies were moved away from the homes and into the camps because the _ were running a surplus on them.

Question: In this sentence, who does the blank refer to?

A. camps
B. homes
",B
"The supplies were moved away from the homes and into the camps because the _ were running scarce on them.

Question: In this sentence, who does the blank refer to?

A. camps
B. homes
",A
"Getting flowers to bloom was easier for Joseph than Brian, as _ had a good knowledge of gardening .

Question: In this sentence, who does the blank refer to?

A. Joseph
B. Brian
",A
"Getting flowers to bloom was easier for Joseph than Brian, as _ had a bad knowledge of gardening .

Question: In this sentence, who does the blank refer to?

A. Joseph
B. Brian
",B
"The child was resistant during dinner so it hid the bean under the napkin during dinner because the _ was small.

Question: In this sentence, who does the blank refer to?

A. bean
B. napkin
",A
"The child was resistant during dinner so it hid the bean under the napkin during dinner because the _ was wide.

Question: In this sentence, who does the blank refer to?

A. bean
B. napkin
",B
"Megan used a razor while Angela used a pair of clippers so the hair was shorter on _ .

Question: In this sentence, who does the blank refer to?

A. Megan
B. Angela
",A
"Megan used a razor while Angela used a pair of clippers so the hair was longer on _ .

Question: In this sentence, who does the blank refer to?

A. Megan
B. Angela
",B
"To perfect his emo look, Nick copied the way Matthew dressed because _ had never dressed emo before.

Question: In this sentence, who does the blank refer to?

A. Nick
B. Matthew
",A
"To perfect his emo look, Nick copied the way Matthew dressed because _ had dressed emo all his life.

Question: In this sentence, who does the blank refer to?

A. Nick
B. Matthew
",B
"With practice the skateboarder could jump the rail but not the ramp since the _ was low.

Question: In this sentence, who does the blank refer to?

A. rail
B. ramp
",A
"With practice the skateboarder could jump the rail but not the ramp since the _ was high.

Question: In this sentence, who does the blank refer to?

A. rail
B. ramp
",B
"Amy thinks owls are a cool bird but Kayla does not. _ bought a stuffed animal that looks like an owl.

Question: In this sentence, who does the blank refer to?

A. Amy
B. Kayla
",A
"Amy thinks owls are a cool bird but Kayla does not. _ bought a stuffed animal that looks like a bear.

Question: In this sentence, who does the blank refer to?

A. Amy
B. Kayla
",B
"After hearing about the good reviews Jeffrey went to Robert for a wedding cake because _ was engaged.

Question: In this sentence, who does the blank refer to?

A. Jeffrey
B. Robert
",A
"After hearing about the good reviews Jeffrey went to Robert for a wedding cake because _ was baker.

Question: In this sentence, who does the blank refer to?

A. Jeffrey
B. Robert
",B
"The boy threw the frisbee instead of the ball for the dog to fetch, because the dog loved playing with the _ .

Question: In this sentence, who does the blank refer to?

A. frisbee
B. ball
",A
"The boy threw the frisbee instead of the ball for the dog to fetch, because the dog hated playing with the _ .

Question: In this sentence, who does the blank refer to?

A. frisbee
B. ball
",B
"Samuel had an unhealthy love for jolly ranchers, so Benjamin tried to get them help.  _ was not amused.

Question: In this sentence, who does the blank refer to?

A. Samuel
B. Benjamin
",A
"Samuel had an unhealthy love for jolly ranchers, so Benjamin tried to get them help.  _ was satisfied.

Question: In this sentence, who does the blank refer to?

A. Samuel
B. Benjamin
",B
"The canal had less fish in it than the river, because the _ was very wide.

Question: In this sentence, who does the blank refer to?

A. canal
B. river
",B
"The canal had less fish in it than the river, because the _ was very narrow.

Question: In this sentence, who does the blank refer to?

A. canal
B. river
",A
"She was hesitant about spending money on the dress, but was fine with buying the purse, because the _ was so cheap.

Question: In this sentence, who does the blank refer to?

A. purse
B. dress
",A
"She was hesitant about spending money on the dress, but was fine with buying the purse, because the _ was so expensive.

Question: In this sentence, who does the blank refer to?

A. purse
B. dress
",B
"On laundry day Mary had a load of whites and a load of colors. She set the temp to cold for the _ .

Question: In this sentence, who does the blank refer to?

A. whites
B. colors
",B
"On laundry day Mary had a load of whites and a load of colors. She set the temp to hot for the _ .

Question: In this sentence, who does the blank refer to?

A. whites
B. colors
",A
"Laura served Patricia a grilled salmon filet with lemon and dill and a side of asparagus, because _ was a chef.

Question: In this sentence, who does the blank refer to?

A. Laura
B. Patricia
",A
"Laura served Patricia a grilled salmon filet with lemon and dill and a side of asparagus, because _ was a pescatarian.

Question: In this sentence, who does the blank refer to?

A. Laura
B. Patricia
",B
"Jill couldn't fix her hair up properly. The bobble would not go round the ponytail because the _ was too thick.

Question: In this sentence, who does the blank refer to?

A. bobble
B. ponytail
",B
"Jill couldn't fix her hair up properly. The bobble would not go round the ponytail because the _ was too small.

Question: In this sentence, who does the blank refer to?

A. bobble
B. ponytail
",A
"Dennis was a very talented singer unlike Ryan because _ wanted to be a musician for a living.

Question: In this sentence, who does the blank refer to?

A. Dennis
B. Ryan
",A
"Dennis was a very talented singer unlike Ryan because _ wanted to be a sportsman for a living.

Question: In this sentence, who does the blank refer to?

A. Dennis
B. Ryan
",B
"He knew that the sun was closer to earth than the other star, because the _ was duller.

Question: In this sentence, who does the blank refer to?

A. sun
B. star
",B
"He knew that the sun was closer to earth than the other star, because the _ was brighter.

Question: In this sentence, who does the blank refer to?

A. sun
B. star
",A
"They wanted more satiation at the wedding, so the planners used icing rather than fruit on the cake as the _ was more empty.

Question: In this sentence, who does the blank refer to?

A. icing
B. fruit
",B
"They wanted more satiation at the wedding, so the planners used icing rather than fruit on the cake as the _ was more filling.

Question: In this sentence, who does the blank refer to?

A. icing
B. fruit
",A
"Jeffrey has to take insulin for their diabetes, but Joel doesn't have that problem. That's because _ barely eats sugar.

Question: In this sentence, who does the blank refer to?

A. Jeffrey
B. Joel
",B
"Jeffrey has to take insulin for their diabetes, but Joel doesn't have that problem. That's because _ excessively eats sugar.

Question: In this sentence, who does the blank refer to?

A. Jeffrey
B. Joel
",A
"The creams worked better for Benjamin than they did for Kenneth because _ was bad about applying them regularly.

Question: In this sentence, who does the blank refer to?

A. Benjamin
B. Kenneth
",B
"The creams worked better for Benjamin than they did for Kenneth because _ was better about applying them regularly.

Question: In this sentence, who does the blank refer to?

A. Benjamin
B. Kenneth
",A
"john cannot use the rake to clear the debris and they pass through the holes between the prong. The _ are tiny.

Question: In this sentence, who does the blank refer to?

A. debris
B. holes
",A
"john cannot use the rake to clear the debris and they pass through the holes between the prong. The _ are wide..

Question: In this sentence, who does the blank refer to?

A. debris
B. holes
",B
"At the end of the year, Christine realized why she failed while Mary got A's; _ failed to resist play over studying.

Question: In this sentence, who does the blank refer to?

A. Christine
B. Mary
",A
"At the end of the year, Christine realized why she failed while Mary got A's; _ managed to resist play over studying.

Question: In this sentence, who does the blank refer to?

A. Christine
B. Mary
",B
"She decided to learn to play the harp and the trumpet, as the _ was so beautiful.

Question: In this sentence, who does the blank refer to?

A. harp
B. trumpet
",A
"She decided to learn to play the harp and the trumpet, as the _ was jazzy.

Question: In this sentence, who does the blank refer to?

A. harp
B. trumpet
",B
"Arby prefers to go to a community college rather than a university because the _ is more stressful.

Question: In this sentence, who does the blank refer to?

A. community college
B. university
",B
"Arby prefers to go to a community college rather than a university because the _ is more laid back.

Question: In this sentence, who does the blank refer to?

A. community college
B. university
",A
"Kayla fit into a size six shoe while Tanya did not because _ has large feet.

Question: In this sentence, who does the blank refer to?

A. Kayla
B. Tanya
",B
"Kayla fit into a size six shoe while Tanya did not because _ has small feet.

Question: In this sentence, who does the blank refer to?

A. Kayla
B. Tanya
",A
"Craig came over to Logan's house and helped him get stains out of his carpet.  _ was grateful.

Question: In this sentence, who does the blank refer to?

A. Craig
B. Logan
",B
"Craig came over to Logan's house and helped him get stains out of his carpet.  _ was generous.

Question: In this sentence, who does the blank refer to?

A. Craig
B. Logan
",A
"Kayla decided to trim their hair but Monica did not as _ had very long hair.

Question: In this sentence, who does the blank refer to?

A. Kayla
B. Monica
",A
"Kayla decided to trim their hair but Monica did not as _ had very short hair.

Question: In this sentence, who does the blank refer to?

A. Kayla
B. Monica
",B
"During the winter season, Angela fed their horse much more than Sarah. _ had an skinny horse.

Question: In this sentence, who does the blank refer to?

A. Angela
B. Sarah
",B
"During the winter season, Angela fed their horse much more than Sarah. _ had an obese horse.

Question: In this sentence, who does the blank refer to?

A. Angela
B. Sarah
",A
"George did the concrete driveway before doing a concrete foundation because doing a _ was more advanced.

Question: In this sentence, who does the blank refer to?

A. driveway
B. foundation
",B
"George did the concrete driveway before doing a concrete foundation because doing a _ was more elementary.

Question: In this sentence, who does the blank refer to?

A. driveway
B. foundation
",A
"Their relationship soured in the country, but rejuvenated in the city, since the _ was such an invigorating atmosphere for them.

Question: In this sentence, who does the blank refer to?

A. country
B. city
",B
"Their relationship soured in the country, but rejuvenated in the city, since the _ was such an unmotivating atmosphere for them.

Question: In this sentence, who does the blank refer to?

A. country
B. city
",A
"The floor was much more slippery than the carpet because the _ had more friction.

Question: In this sentence, who does the blank refer to?

A. carpet
B. floor
",A
"The floor was much more slippery than the carpet because the _ had less friction.

Question: In this sentence, who does the blank refer to?

A. carpet
B. floor
",B
"The rules of seven card stud were tougher to understand than five card draw. _ is the more complex game.

Question: In this sentence, who does the blank refer to?

A. seven card stud
B. five card draw
",A
"The rules of seven card stud were tougher to understand than five card draw. _ is the more simple game.

Question: In this sentence, who does the blank refer to?

A. seven card stud
B. five card draw
",B
"Steven wanted to practice speed reading with Benjamin, so _ invited him over after school.

Question: In this sentence, who does the blank refer to?

A. Steven
B. Benjamin
",A
"Steven wanted to practice speed reading with Benjamin, but _ already had plans after school.

Question: In this sentence, who does the blank refer to?

A. Steven
B. Benjamin
",B
"The meditation center replaced the wood on the floor with foam since the _ was agreeable for concentration.

Question: In this sentence, who does the blank refer to?

A. wood
B. foam
",B
"The meditation center replaced the wood on the floor with foam since the _ was uncomfortable for concentration.

Question: In this sentence, who does the blank refer to?

A. wood
B. foam
",A
"You could smell Adam but not Joseph because _ put on extra deodorant before leaving the house.

Question: In this sentence, who does the blank refer to?

A. Adam
B. Joseph
",B
"You could smell Adam but not Joseph because _ did not put on deodorant before leaving the house.

Question: In this sentence, who does the blank refer to?

A. Adam
B. Joseph
",A
"The fingernails of Steven grow faster than those of Randy because _ eats a lot more food.

Question: In this sentence, who does the blank refer to?

A. Steven
B. Randy
",A
"The fingernails of Steven grow faster than those of Randy because _ eats a lot less food.

Question: In this sentence, who does the blank refer to?

A. Steven
B. Randy
",B
"i wear skirts best  in the hot climate and temperatures, the _ are short.

Question: In this sentence, who does the blank refer to?

A. temperatures
B. skirt
",B
"i wear skirts best  in the hot climate and temperatures, the _ are hot.

Question: In this sentence, who does the blank refer to?

A. temperatures
B. skirt
",A
"Hunter wanted to avoid Randy because of  broken heart theatrics because _ was melodramatic.

Question: In this sentence, who does the blank refer to?

A. Hunter
B. Randy
",B
"Hunter wanted to avoid Randy because of  broken heart theatrics because _ was unsympathetic.

Question: In this sentence, who does the blank refer to?

A. Hunter
B. Randy
",A
"Mary had an easier time cleaning LEGOs than Patricia because _  didn't enjoy cleaning small pieces.

Question: In this sentence, who does the blank refer to?

A. Mary
B. Patricia
",B
"Mary had an easier time cleaning LEGOs than Patricia because _ enjoyed cleaning small pieces.

Question: In this sentence, who does the blank refer to?

A. Mary
B. Patricia
",A
"Laura was playing a long game of chess when Tanya yelled checkmate in happiness. _ lost the game.

Question: In this sentence, who does the blank refer to?

A. Laura
B. Tanya
",A
"Laura was playing a long game of chess when Tanya yelled checkmate in happiness. _ won the game.

Question: In this sentence, who does the blank refer to?

A. Laura
B. Tanya
",B
"When Benjamin had his wages garnished, Steven helped him, so the boss gave _ a pay hike.

Question: In this sentence, who does the blank refer to?

A. Benjamin
B. Steven
",B
"When Benjamin had his wages garnished, Steven gossiped, so the boss gave _ a pay hike.

Question: In this sentence, who does the blank refer to?

A. Benjamin
B. Steven
",A
"Benjamin had a terrible temper, and often took it out on Justin, because _ was a weak person.

Question: In this sentence, who does the blank refer to?

A. Benjamin
B. Justin
",B
"Benjamin had a terrible temper, and often took it out on Justin, because _ was a cruel person.

Question: In this sentence, who does the blank refer to?

A. Benjamin
B. Justin
",A
"William liked to drink energy drinks. Leslie said he preferred black coffee. _ liked bitter coffee.

Question: In this sentence, who does the blank refer to?

A. William
B. Leslie
",B
"William liked to drink energy drinks. Leslie said he preferred black coffee. _ didn't like bitter coffee.

Question: In this sentence, who does the blank refer to?

A. William
B. Leslie
",A
"Hunter caused a lot of pain because of the fight with Justin, so _ had to take a lot of Advil.

Question: In this sentence, who does the blank refer to?

A. Hunter
B. Justin
",B
"Hunter was in a lot of pain because of the fight with Justin, so _ had to take a lot of Advil.

Question: In this sentence, who does the blank refer to?

A. Hunter
B. Justin
",A
"When the tank needed to be cleaned, Betty left so Maria would have to do it. _ felt imposed upon.

Question: In this sentence, who does the blank refer to?

A. Betty
B. Maria
",B
"When the tank needed to be cleaned, Betty left so Maria would have to do it. _ felt sneaky.

Question: In this sentence, who does the blank refer to?

A. Betty
B. Maria
",A
"The toilet clogged easily but the sink rarely did, as the _ was really old.

Question: In this sentence, who does the blank refer to?

A. toilet
B. sink
",A
"The toilet clogged easily but the sink rarely did, as the _ was brand new.

Question: In this sentence, who does the blank refer to?

A. toilet
B. sink
",B
"The carrots burned on the grill, but the tomatoes were okay, because the _ were drier.

Question: In this sentence, who does the blank refer to?

A. tomatoes
B. carrots
",B
"The carrots burned on the grill, but the tomatoes were okay, because the _ were wetter.

Question: In this sentence, who does the blank refer to?

A. tomatoes
B. carrots
",A
"When Ricky went to soccer practice, he broke his shin guards, though his shoes were just fine, so the _ were made weakly.

Question: In this sentence, who does the blank refer to?

A. shin guards
B. shoes
",A
"When Ricky went to soccer practice, he broke his shin guards, though his shoes were just fine, so the _ were made to last.

Question: In this sentence, who does the blank refer to?

A. shin guards
B. shoes
",B
"Robert gave rose clippings to Jason but they did not grow, since _ was bad at growing rose bushes.

Question: In this sentence, who does the blank refer to?

A. Robert
B. Jason
",B
"Robert gave rose clippings to Jason but they did not grow, since _ was good at growing rose bushes.

Question: In this sentence, who does the blank refer to?

A. Robert
B. Jason
",A
"Before joining the military, Sarah told Kayla about what to expect before deployment so _ didn't have to worry.

Question: In this sentence, who does the blank refer to?

A. Sarah
B. Kayla
",B
"Before joining the military, Sarah told Kayla about what to expect before deployment so _ didn't feel guilty.

Question: In this sentence, who does the blank refer to?

A. Sarah
B. Kayla
",A
"Outdoor exercise was important for Leslie but not to Jason. _ always tried to get vitamin D from nature.

Question: In this sentence, who does the blank refer to?

A. Leslie
B. Jason
",A
"Outdoor exercise was important for Leslie but not to Jason. _ always tried to get vitamin D from a supplement.

Question: In this sentence, who does the blank refer to?

A. Leslie
B. Jason
",B
"Derrick plays basketball weekly unlike Robert so _ had quicker reflexes getting the ball in a pickup game.

Question: In this sentence, who does the blank refer to?

A. Derrick
B. Robert
",A
"Derrick plays basketball weekly unlike Robert so _ had slower reflexes getting the ball in a pickup game.

Question: In this sentence, who does the blank refer to?

A. Derrick
B. Robert
",B
"His parents hated that Ben loved cakes and apples. He decided to cut the _ from his diet to be unhealthy.

Question: In this sentence, who does the blank refer to?

A. cakes
B. apples
",B
"His parents hated that Ben loved cakes and apples. He decided to cut the _ from his diet to be healthy.

Question: In this sentence, who does the blank refer to?

A. cakes
B. apples
",A
"Megan loved animals but Jennifer did not, so  _ did not smile when she saw the puppy.

Question: In this sentence, who does the blank refer to?

A. Megan
B. Jennifer
",B
"Megan loved animals but Jennifer did not, so only _ would smile when she saw the puppy.

Question: In this sentence, who does the blank refer to?

A. Megan
B. Jennifer
",A
"Samantha learned how to swim at a young age but Betty never learned how, so _ didn't need to wear a life jacket.

Question: In this sentence, who does the blank refer to?

A. Samantha
B. Betty
",A
"Samantha learned how to swim at a young age but Betty never learned how, so _ put on a life jacket.

Question: In this sentence, who does the blank refer to?

A. Samantha
B. Betty
",B
"She wanted a fountain pen but bought a rollerball pen instead, because the _ is more expensive.

Question: In this sentence, who does the blank refer to?

A. fountain pen
B. rollerball pen
",A
"She wanted a fountain pen but bought a rollerball pen instead, because the _ is less expensive.

Question: In this sentence, who does the blank refer to?

A. fountain pen
B. rollerball pen
",B
"The thief walked silently into the house and tripped over the rope after passing the brick because the _ was invisible.

Question: In this sentence, who does the blank refer to?

A. rope
B. brick
",A
"The thief walked silently into the house and tripped over the rope after passing the brick because the _ was obvious.

Question: In this sentence, who does the blank refer to?

A. rope
B. brick
",B
"Katrina was really crazy about Christine all these years because _ couldn't control their emotions.

Question: In this sentence, who does the blank refer to?

A. Katrina
B. Christine
",A
"Katrina was really crazy about Christine all these years because _ couldn't control looking gorgeous.

Question: In this sentence, who does the blank refer to?

A. Katrina
B. Christine
",B
"The bandage he bought to cover the burn could not fit because the _ was too big.

Question: In this sentence, who does the blank refer to?

A. burn
B. bandage
",A
"The bandage he bought to cover the burn could not fit because the _ was too small.

Question: In this sentence, who does the blank refer to?

A. burn
B. bandage
",B
"Brian has recently hurt Dennis and lost his trust and now wants to regain his trust, because _ feels sad.

Question: In this sentence, who does the blank refer to?

A. Brian
B. Dennis
",B
"Brian has recently hurt Dennis and lost his trust and now wants to regain his trust, because _ regrets his actions.

Question: In this sentence, who does the blank refer to?

A. Brian
B. Dennis
",A
"Victoria needed to prepare Samantha for the big news but _ couldn't be found outside.

Question: In this sentence, who does the blank refer to?

A. Victoria
B. Samantha
",B
"Victoria needed to prepare Samantha for the big news but _ forgot what it was.

Question: In this sentence, who does the blank refer to?

A. Victoria
B. Samantha
",A
"Michael asked Jeffrey if the company had ever been accused of discrimination because _ wanted to know.

Question: In this sentence, who does the blank refer to?

A. Michael
B. Jeffrey
",A
"Michael asked Jeffrey if the company had ever been accused of discrimination but _ did not know.

Question: In this sentence, who does the blank refer to?

A. Michael
B. Jeffrey
",B
"The birdcage was cleaner than the dog kennel because the _ was used more often.

Question: In this sentence, who does the blank refer to?

A. birdcage
B. kennel
",B
"The birdcage was dirtier than the dog kennel because the _ was used more often.

Question: In this sentence, who does the blank refer to?

A. birdcage
B. kennel
",A
"She was able to finish the stew, but threw away the rice, because the _ had been cooked perfectly.

Question: In this sentence, who does the blank refer to?

A. rice
B. stew
",B
"She was able to finish the stew, but threw away the rice, because the _ had been cooked incorrectly.

Question: In this sentence, who does the blank refer to?

A. rice
B. stew
",A
"Jake ate the cake instead of the pie because there was more sugar in the _ .

Question: In this sentence, who does the blank refer to?

A. pie
B. cake
",A
"Jake ate the cake instead of the pie because there was less sugar in the _ .

Question: In this sentence, who does the blank refer to?

A. pie
B. cake
",B
"In Mike's garden, the mint is growing better than the arugula, so the _ is likely getting sufficient sunlight.

Question: In this sentence, who does the blank refer to?

A. mint
B. arugula
",A
"In Mike's garden, the mint is growing better than the arugula, so the _ is likely getting insufficient sunlight.

Question: In this sentence, who does the blank refer to?

A. mint
B. arugula
",B
"Megan had to buy puppy training pads but not Katrina because _ had an outdoor dog.

Question: In this sentence, who does the blank refer to?

A. Megan
B. Katrina
",B
"Megan had to buy puppy training pads but not Katrina because _ had an indoor dog.

Question: In this sentence, who does the blank refer to?

A. Megan
B. Katrina
",A
"The doctor told Joel that he needed to quit smoking, whereas William didn't need to, due to _ being a casual smoker.

Question: In this sentence, who does the blank refer to?

A. Joel
B. William
",B
"The doctor told Joel that he needed to quit smoking, whereas William didn't need to, due to _ being a chain smoker.

Question: In this sentence, who does the blank refer to?

A. Joel
B. William
",A
"David was a teenager who had just gotten his first car which had nice leather seats, David was careless sitting down and damaged the _ .

Question: In this sentence, who does the blank refer to?

A. car
B. seats
",B
"David was a teenager who had just gotten his first car which had nice leather seatsr, David was careless driving and damaged the _ .

Question: In this sentence, who does the blank refer to?

A. car
B. seats
",A
"Nelson was scheduled to retire from their position at the company before Eric because _ was younger.

Question: In this sentence, who does the blank refer to?

A. Nelson
B. Eric
",B
"Nelson was scheduled to retire from their position at the company before Eric because _ was older.

Question: In this sentence, who does the blank refer to?

A. Nelson
B. Eric
",A
"Michael had such a simple life compared to Steven because _ came from a poor family.

Question: In this sentence, who does the blank refer to?

A. Michael
B. Steven
",B
"Michael had such a simple life compared to Steven because _ came from a rich family.

Question: In this sentence, who does the blank refer to?

A. Michael
B. Steven
",A
"The ears were pierced last Saturday with the hole puncher and not clipper as the _ was dirty.

Question: In this sentence, who does the blank refer to?

A. hole puncher
B. clipper
",B
"The ears were pierced last Saturday with the hole puncher and not clipper as the _ was sterile.

Question: In this sentence, who does the blank refer to?

A. hole puncher
B. clipper
",A
"Adam politely asked Ryan to reach the book on the top shelf, because _ was very short.

Question: In this sentence, who does the blank refer to?

A. Adam
B. Ryan
",A
"Adam politely asked Ryan to reach the book on the top shelf, because _ was not as short.

Question: In this sentence, who does the blank refer to?

A. Adam
B. Ryan
",B
"Christopher practiced fire safety and Derrick did not, so _ remained calm when the fire alarm at the office building went off.

Question: In this sentence, who does the blank refer to?

A. Christopher
B. Derrick
",A
"Christopher practiced fire safety and Derrick did not, so _ freaked out when the fire alarm at the office building went off.

Question: In this sentence, who does the blank refer to?

A. Christopher
B. Derrick
",B
"Steven spent years learning to play the piano while Kyle learned in a week. _ was a superior student.

Question: In this sentence, who does the blank refer to?

A. Steven
B. Kyle
",B
"Steven spent years learning to play the piano while Kyle learned in a week. _ was an average student.

Question: In this sentence, who does the blank refer to?

A. Steven
B. Kyle
",A
"Jill dropped her ice cream onto her wide sailor pants and decided to put on jeans. She needed to put on different leggings because the _ are clean.

Question: In this sentence, who does the blank refer to?

A. sailor pants
B. jeans
",B
"Jill dropped her ice cream onto her wide sailor pants and decided to put on jeans. She needed to put on different leggings because the _ are dirty.

Question: In this sentence, who does the blank refer to?

A. sailor pants
B. jeans
",A
"Robert has to stock up on diapers and wipes even though Ian doesn't because _ just added a baby to their household.

Question: In this sentence, who does the blank refer to?

A. Robert
B. Ian
",A
"Robert has to stock up on diapers and wipes even though Ian doesn't because _ didn't just add a baby to their household.

Question: In this sentence, who does the blank refer to?

A. Robert
B. Ian
",B
"Justin provided thorough and concise legal advice for Christopher in their office because _ was an attorney.

Question: In this sentence, who does the blank refer to?

A. Justin
B. Christopher
",A
"Justin provided thorough and concise legal advice for Christopher in their office because _ needed an attorney.

Question: In this sentence, who does the blank refer to?

A. Justin
B. Christopher
",B
"There was more hair on the floor in the bedroom than in the bathroom because the woman brushed her hair in the _ .

Question: In this sentence, who does the blank refer to?

A. bedroom
B. bathroom
",A
"There was less hair on the floor in the bedroom than in the bathroom because the woman brushed her hair in the _ .

Question: In this sentence, who does the blank refer to?

A. bedroom
B. bathroom
",B
"Michael bought the goldfish for Craig to feed to his arowanas. _ had too little money to pay for them.

Question: In this sentence, who does the blank refer to?

A. Michael
B. Craig
",B
"Michael bought the goldfish for Craig to feed to his arowanas. _ had enough money to pay for them.

Question: In this sentence, who does the blank refer to?

A. Michael
B. Craig
",A
"Victoria uses more oil when frying chicken than Maria because _ cares too much about cholesterol.

Question: In this sentence, who does the blank refer to?

A. Victoria
B. Maria
",B
"Victoria uses more oil when frying chicken than Maria because _ doesn't care about cholesterol.

Question: In this sentence, who does the blank refer to?

A. Victoria
B. Maria
",A
"There were many more orchids than daisies in the flower garden because the _ were fertile  season.

Question: In this sentence, who does the blank refer to?

A. orchids
B. daisies
",A
"There were many more orchids than daisies in the flower garden because the _ were infertile  season.

Question: In this sentence, who does the blank refer to?

A. orchids
B. daisies
",B
"The bully stole my shirt and left my hat because the _ was worth more money.

Question: In this sentence, who does the blank refer to?

A. shirt
B. hat
",A
"The bully stole my shirt and left my hat because the _ was worth less money.

Question: In this sentence, who does the blank refer to?

A. shirt
B. hat
",B
"Jeffrey played with the slime, but Dennis didn't, because _ hates getting their hands dirty.

Question: In this sentence, who does the blank refer to?

A. Jeffrey
B. Dennis
",B
"Jeffrey played with the slime, but Dennis didn't, because _ doesn't mind getting their hands dirty.

Question: In this sentence, who does the blank refer to?

A. Jeffrey
B. Dennis
",A
"Donald's hearing was far better than Christopher's because _ had been around loud noises his whole life.

Question: In this sentence, who does the blank refer to?

A. Donald
B. Christopher
",B
"Donald's hearing was far worse than Christopher's because _ had been around loud noises his whole life.

Question: In this sentence, who does the blank refer to?

A. Donald
B. Christopher
",A
"Nelson was on a mission to ruin Michael 's career because _ had slighted him in the past.

Question: In this sentence, who does the blank refer to?

A. Nelson
B. Michael
",B
"Nelson was on a mission to ruin Michael 's career because _ had a very petty personality.

Question: In this sentence, who does the blank refer to?

A. Nelson
B. Michael
",A
"Erin fainted when there was blood to be seen so when Lindsey was bleeding _ hid it.

Question: In this sentence, who does the blank refer to?

A. Erin
B. Lindsey
",B
"Erin fainted when there was blood to be seen so when Lindsey was bleeding _ didn't look.

Question: In this sentence, who does the blank refer to?

A. Erin
B. Lindsey
",A
"Justin won many more races than Jason was able to win because _ had shorter legs.

Question: In this sentence, who does the blank refer to?

A. Justin
B. Jason
",B
"Justin won many more races than Jason was able to win because _ had longer legs.

Question: In this sentence, who does the blank refer to?

A. Justin
B. Jason
",A
"He liked the bark on the maple tree and not the pine tree because the _ was rough.

Question: In this sentence, who does the blank refer to?

A. pine tree
B. maple tree
",A
"He liked the bark on the maple tree and not the pine tree because the _ was smooth.

Question: In this sentence, who does the blank refer to?

A. pine tree
B. maple tree
",B
"Annie put thought into what gifts to bring to the wedding, bringing a tea kettle and a cast iron skillet. The _ was very shiny.

Question: In this sentence, who does the blank refer to?

A. kettle
B. skillet
",A
"Annie put thought into what gifts to bring to the wedding, bringing a tea kettle and a cast iron skillet. The _ was very dull.

Question: In this sentence, who does the blank refer to?

A. kettle
B. skillet
",B
"The plants do not grow because too much was planted at a spot. The _ is too small.

Question: In this sentence, who does the blank refer to?

A. spot
B. plant
",A
"The plants do not grow because too much was planted at a spot. The _ is too big.

Question: In this sentence, who does the blank refer to?

A. spot
B. plant
",B
"Since Craig's dog was sick and in need of a veterinarian while Kevin's was healthy and energetic, _ took their dog to the park.

Question: In this sentence, who does the blank refer to?

A. Craig
B. Kevin
",B
"Since Craig's dog was sick and in need of a veterinarian while Kevin's was healthy and energetic, _ took their dog to the animal hospital.

Question: In this sentence, who does the blank refer to?

A. Craig
B. Kevin
",A
"Carrie regretted Samantha visiting her while she was sick at home as _ now had the same fever and a runny nose just like her friend.

Question: In this sentence, who does the blank refer to?

A. Carrie
B. Samantha
",B
"Carrie regretted visiting Samantha while she was sick at home as _ now had the same fever and a runny nose just like her friend.

Question: In this sentence, who does the blank refer to?

A. Carrie
B. Samantha
",A
"Bill poured the bag of green apple into the white bowl until the _ was completely empty.

Question: In this sentence, who does the blank refer to?

A. bag
B. bowl
",A
"Bill poured the bag of green apple into the white bowl until the _ was completely full.

Question: In this sentence, who does the blank refer to?

A. bag
B. bowl
",B
"Because Emily had strep throat but Kayla had a cold, _ was given no prescription medications by the doctor.

Question: In this sentence, who does the blank refer to?

A. Emily
B. Kayla
",B
"Because Emily had strep throat but Kayla had a cold, _ was given antibiotics by the doctor.

Question: In this sentence, who does the blank refer to?

A. Emily
B. Kayla
",A
"Adam told Donald about how he liked to drive fast in the rain.  _ was worried for him.

Question: In this sentence, who does the blank refer to?

A. Adam
B. Donald
",B
"Adam told Donald about how he liked to drive fast in the rain.  _ was reckless.

Question: In this sentence, who does the blank refer to?

A. Adam
B. Donald
",A
"Emily took a shorter time to work on the engine than Cynthia because _ was not familiar with cars.

Question: In this sentence, who does the blank refer to?

A. Emily
B. Cynthia
",B
"Emily took a longer time to work on the engine than Cynthia because _ was not familiar with cars.

Question: In this sentence, who does the blank refer to?

A. Emily
B. Cynthia
",A
"Victoria was able to drink milk unlike Elena, by reason that _ was very allergic to dairy.

Question: In this sentence, who does the blank refer to?

A. Victoria
B. Elena
",B
"Victoria was unable to drink milk unlike Elena, by reason that _ was very allergic to dairy.

Question: In this sentence, who does the blank refer to?

A. Victoria
B. Elena
",A
"Mary put the unused furniture in the den before decorating the dining room, because the _ would be seen during the party.

Question: In this sentence, who does the blank refer to?

A. den
B. dining room
",B
"Mary put the unused furniture in the den before decorating the dining room, because the _ would not be used during the party.

Question: In this sentence, who does the blank refer to?

A. den
B. dining room
",A
"The pet duck of Rachel is sadder than the one that Kayla owns. _ is a bad caretaker of animals.

Question: In this sentence, who does the blank refer to?

A. Rachel
B. Kayla
",A
"The pet duck of Rachel is sadder than the one that Kayla owns. _ is a good caretaker of animals.

Question: In this sentence, who does the blank refer to?

A. Rachel
B. Kayla
",B
"The signs that were on the corner below the lights flew off in the hurricane. The _ were heavy.

Question: In this sentence, who does the blank refer to?

A. signs
B. lights
",B
"The signs that were on the corner below the lights flew off in the hurricane. The _ were light.

Question: In this sentence, who does the blank refer to?

A. signs
B. lights
",A
"The circle drawn around the letters did not cover the entire letters because the _ is too much.

Question: In this sentence, who does the blank refer to?

A. circle
B. letter
",B
"The circle drawn around the letters did not cover the entire letters because the _ is too small.

Question: In this sentence, who does the blank refer to?

A. circle
B. letter
",A
"Jeffrey tried to scrub the stain out of the wood with a cloth, but the _ was just too messy.

Question: In this sentence, who does the blank refer to?

A. wood
B. cloth
",A
"Jeffrey tried to scrub the stain out of the wood with a cloth, but the _ was just too soft.

Question: In this sentence, who does the blank refer to?

A. wood
B. cloth
",B
"Cynthia decided to hire Sarah to create a new logo for her company because _ was a professional designer.

Question: In this sentence, who does the blank refer to?

A. Cynthia
B. Sarah
",B
"Cynthia decided to hire Sarah to create a new logo for her company because _ needed a professional designer.

Question: In this sentence, who does the blank refer to?

A. Cynthia
B. Sarah
",A
"Brett was told by Dennis that they had anemia so _ spent time asking questions to the other about supplements.

Question: In this sentence, who does the blank refer to?

A. Brett
B. Dennis
",A
"Brett was told by Dennis that they had anemia so _ spent time answering questions to the other about supplements.

Question: In this sentence, who does the blank refer to?

A. Brett
B. Dennis
",B
"Kyle was rarely in the kitchen while Hunter constantly was because _ hated to cook.

Question: In this sentence, who does the blank refer to?

A. Kyle
B. Hunter
",A
"Kyle was rarely in the kitchen while Hunter constantly was because _ loved to cook.

Question: In this sentence, who does the blank refer to?

A. Kyle
B. Hunter
",B
"Erin was more ready for the situation than Felicia so _ didn't have to prevent distractions.

Question: In this sentence, who does the blank refer to?

A. Erin
B. Felicia
",A
"Erin was more ready for the situation than Felicia so _ needed to prevent distractions.

Question: In this sentence, who does the blank refer to?

A. Erin
B. Felicia
",B
"Patrick took on an assertive attitude instead of a passive one because the _ people always lost.

Question: In this sentence, who does the blank refer to?

A. passive
B. assertive
",A
"Patrick took on an assertive attitude instead of a passive one because the _ people always won.

Question: In this sentence, who does the blank refer to?

A. passive
B. assertive
",B
"Neil brought peanuts to the party but Justin brought balloons, _ was aware of food allergies.

Question: In this sentence, who does the blank refer to?

A. Neil
B. Justin
",B
"Neil brought peanuts to the party but Justin brought balloons, _ was unaware of food allergies.

Question: In this sentence, who does the blank refer to?

A. Neil
B. Justin
",A
"Nathan tried to improve his credit by paying his loan on time and earning more at his job, but the _ paid little.

Question: In this sentence, who does the blank refer to?

A. loan
B. job
",B
"Nathan tried to improve his credit by paying his loan on time and earning more at his job, but the _ had high interest.

Question: In this sentence, who does the blank refer to?

A. loan
B. job
",A
"It took the food ten additional minutes to cook over the flame because the _ is little.

Question: In this sentence, who does the blank refer to?

A. food
B. flame
",B
"It took the food ten additional minutes to cook over the flame because the _ is too much.

Question: In this sentence, who does the blank refer to?

A. food
B. flame
",A
"They bought the kitchen table instead of the coffee table, because the _ was too short.

Question: In this sentence, who does the blank refer to?

A. kitchen table
B. coffee table
",B
"They bought the kitchen table instead of the coffee table, because the _ was tall enough.

Question: In this sentence, who does the blank refer to?

A. kitchen table
B. coffee table
",A
"The sidewalk was made of bricks while the driveway was made of poured concrete. The _ was more smooth to ride on.

Question: In this sentence, who does the blank refer to?

A. sidewalk
B. driveway
",B
"The sidewalk was made of bricks while the driveway was made of poured concrete. The _ was more bumpy to ride on.

Question: In this sentence, who does the blank refer to?

A. sidewalk
B. driveway
",A
"Laura asked Elena to help choose their new curtains because _  was an interior designer.

Question: In this sentence, who does the blank refer to?

A. Laura
B. Elena
",B
"Laura asked Elena to help choose their new curtains because _ was new to interior design.

Question: In this sentence, who does the blank refer to?

A. Laura
B. Elena
",A
"The teacher was sympathetic towards Joel but not Leslie because _ was ill-prepared for the exam.

Question: In this sentence, who does the blank refer to?

A. Joel
B. Leslie
",B
"The teacher was sympathetic towards Joel but not Leslie because _ was well-prepared for the exam.

Question: In this sentence, who does the blank refer to?

A. Joel
B. Leslie
",A
"Kayla was having trouble with Bedwetting but Victoria wasn't, so _ bought some silk sheets.

Question: In this sentence, who does the blank refer to?

A. Kayla
B. Victoria
",B
"Kayla was having trouble with Bedwetting but Victoria wasn't, so _ bought some rubber sheets.

Question: In this sentence, who does the blank refer to?

A. Kayla
B. Victoria
",A
"To increase his libido, Joe tried to get a gym membership and tried to eat vegan food but the _ was too much.

Question: In this sentence, who does the blank refer to?

A. food
B. membership
",B
"To increase his libido, Joe tried to get a gym membership and tried to eat vegan food but the _ was not enough.

Question: In this sentence, who does the blank refer to?

A. food
B. membership
",A
"Nelson beat out William for the lead in the school play, because _ had a better musical voice.

Question: In this sentence, who does the blank refer to?

A. Nelson
B. William
",A
"Nelson beat out William for the lead in the school play, because _ had a worse musical voice.

Question: In this sentence, who does the blank refer to?

A. Nelson
B. William
",B
"Logan watched rugby while Matthew watched golf for the reason that _ liked sports with very little physical contact.

Question: In this sentence, who does the blank refer to?

A. Logan
B. Matthew
",B
"Logan watched rugby while Matthew watched golf for the reason that _ liked sports with a lot of physical contact.

Question: In this sentence, who does the blank refer to?

A. Logan
B. Matthew
",A
"I had a difficult time with the levels in the game and not the mini games, because the _ were so easy.

Question: In this sentence, who does the blank refer to?

A. levels
B. games
",B
"I had a difficult time with the levels in the game and not the mini games, because the _ were so hard.

Question: In this sentence, who does the blank refer to?

A. levels
B. games
",A
"Jeffrey took the time to caulk their windows but Robert didn't bother. _ saw their electric bill increase.

Question: In this sentence, who does the blank refer to?

A. Jeffrey
B. Robert
",B
"Jeffrey took the time to caulk their windows but Robert didn't bother. _ saw their electric bill decrease.

Question: In this sentence, who does the blank refer to?

A. Jeffrey
B. Robert
",A
"Derrick graduated from nursing school with better grades than Benjamin because _ attended class regularly.

Question: In this sentence, who does the blank refer to?

A. Derrick
B. Benjamin
",A
"Derrick graduated from nursing school with better grades than Benjamin because _ skipped class regularly.

Question: In this sentence, who does the blank refer to?

A. Derrick
B. Benjamin
",B
"Kevin smiled to Robert at the wedding party even though _ received a backhanded compliment.

Question: In this sentence, who does the blank refer to?

A. Kevin
B. Robert
",A
"Kevin smiled to Robert at the wedding party even though _ gave him a backhanded compliment.

Question: In this sentence, who does the blank refer to?

A. Kevin
B. Robert
",B
"Amy wanted to add false eyelashes to her real eyelashes, because the _ were trendy.

Question: In this sentence, who does the blank refer to?

A. real eyelashes
B. false eyelashes
",B
"Amy wanted to add false eyelashes to her real eyelashes, because the _ were old.

Question: In this sentence, who does the blank refer to?

A. real eyelashes
B. false eyelashes
",A
"The message sent by email arrived after the one sent by text because the _ was delayed.

Question: In this sentence, who does the blank refer to?

A. email
B. text
",A
"The message sent by email arrived after the one sent by text because the _ was immediate.

Question: In this sentence, who does the blank refer to?

A. email
B. text
",B
"The woman decided to order the steak instead of the pasta because her friend has recommended the _ .

Question: In this sentence, who does the blank refer to?

A. steak
B. pasta
",A
"The woman decided to order the steak instead of the pasta because her friend has critized the _ .

Question: In this sentence, who does the blank refer to?

A. steak
B. pasta
",B
"He had learned how to make art, but didn't know if it was his passion or a job. The _ seemed like a worse outcome.

Question: In this sentence, who does the blank refer to?

A. passion
B. job
",B
"He had learned how to make art, but didn't know if it was his passion or a job. The _ seemed like a better outcome.

Question: In this sentence, who does the blank refer to?

A. passion
B. job
",A
"Since the baseball broke Mary's windshield but missed Lindsey's car altogether, _ could not believe their awful luck.

Question: In this sentence, who does the blank refer to?

A. Mary
B. Lindsey
",A
"Since the baseball broke Mary's windshield but missed Lindsey's car altogether, _ could not believe their amazing luck.

Question: In this sentence, who does the blank refer to?

A. Mary
B. Lindsey
",B
"The soap dispenser was empty so we poured some more soap into it until the _ ran out out.

Question: In this sentence, who does the blank refer to?

A. dispenser
B. soap
",B
"The soap dispenser was empty so we poured some more soap into it until the _ was full.

Question: In this sentence, who does the blank refer to?

A. dispenser
B. soap
",A
"Don had more wrinkles on his forehead than on his neck because the skin on the _ was exposed.

Question: In this sentence, who does the blank refer to?

A. neck
B. forehead
",B
"Don had more wrinkles on his forehead than on his neck because the skin on the _ was covered.

Question: In this sentence, who does the blank refer to?

A. neck
B. forehead
",A
"The man added water to the car, but didn't need to add any oil, because the _ reservoir was full.

Question: In this sentence, who does the blank refer to?

A. water
B. oil
",B
"The man added water to the car, but didn't need to add any oil, because the _ reservoir was low.

Question: In this sentence, who does the blank refer to?

A. water
B. oil
",A
"Matthew went to his doctor, Randy for his incontinence so _ gave him some medication.

Question: In this sentence, who does the blank refer to?

A. Matthew
B. Randy
",B
"Matthew went to his doctor, Randy for his incontinence so _ was given some medication.

Question: In this sentence, who does the blank refer to?

A. Matthew
B. Randy
",A
"Rebecca had more grass in their yard than Elena because _ had more rabbits in their yard.

Question: In this sentence, who does the blank refer to?

A. Rebecca
B. Elena
",B
"Rebecca had less grass in their yard than Elena because _ had more rabbits in their yard.

Question: In this sentence, who does the blank refer to?

A. Rebecca
B. Elena
",A
"Rebecca but not Erin needed to use a coccyx cushion, because _ experienced tailbone pain while sitting.

Question: In this sentence, who does the blank refer to?

A. Rebecca
B. Erin
",A
"Rebecca but not Erin needed to use a coccyx cushion, because _ did not experience tailbone pain while sitting.

Question: In this sentence, who does the blank refer to?

A. Rebecca
B. Erin
",B
"When I decorate the house for Halloween, I remove the lamp and replace it with a cauldron. The _ is common.

Question: In this sentence, who does the blank refer to?

A. lamp
B. cauldron
",A
"When I decorate the house for Halloween, I remove the lamp and replace it with a cauldron. The _ is spooky.

Question: In this sentence, who does the blank refer to?

A. lamp
B. cauldron
",B
"The microwave cooked the soup much more faster than the stove because the _ was broken.

Question: In this sentence, who does the blank refer to?

A. microwave
B. stove
",B
"The microwave cooked the soup much more faster than the stove because the _ was more powerful.

Question: In this sentence, who does the blank refer to?

A. microwave
B. stove
",A
"Joel was prone to sunburn so spent much time indoors, quite the opposite of Lawrence. _ often swam to pass the summer days.

Question: In this sentence, who does the blank refer to?

A. Joel
B. Lawrence
",B
"Joel was prone to sunburn so spent much time indoors, quite the opposite of Lawrence. _ often cooked to pass the summer days.

Question: In this sentence, who does the blank refer to?

A. Joel
B. Lawrence
",A
"Maria is struggling with her exams and asks for help from Rebecca, because _ wants to be more successful.

Question: In this sentence, who does the blank refer to?

A. Maria
B. Rebecca
",A
"Maria is struggling with her exams and asks for help from Rebecca, because _ is already successful.

Question: In this sentence, who does the blank refer to?

A. Maria
B. Rebecca
",B
"I was able to easily fit my tables through the the double doors. The _ were quite wide.

Question: In this sentence, who does the blank refer to?

A. doors
B. tables
",A
"I was able to easily fit my tables through the the double doors. The _ were quite narrow.

Question: In this sentence, who does the blank refer to?

A. doors
B. tables
",B
"James finished washing with the sponge and had to stuff it in its case because the _ is big.

Question: In this sentence, who does the blank refer to?

A. sponge
B. case
",A
"James finished washing with the sponge and had to stuff it in its case because the _ is small.

Question: In this sentence, who does the blank refer to?

A. sponge
B. case
",B
"The man decided to leave the carpet on the floor because the _ was too old.

Question: In this sentence, who does the blank refer to?

A. floor
B. carpet
",A
"The man decided to leave the carpet on the floor because the _ was new.

Question: In this sentence, who does the blank refer to?

A. floor
B. carpet
",B
"Tanya took off from work more often than Rebecca because _ suffered from severe headaches more often.

Question: In this sentence, who does the blank refer to?

A. Tanya
B. Rebecca
",A
"Tanya took off from work less often than Rebecca because _ suffered from severe headaches more often.

Question: In this sentence, who does the blank refer to?

A. Tanya
B. Rebecca
",B
"Nelson forgot to charge the battery on their cell phone but Kevin remembered to charge theirs. _ used a pay phone to call a cab.

Question: In this sentence, who does the blank refer to?

A. Nelson
B. Kevin
",A
"Nelson forgot to charge the battery on their phone but Kevin remembered to charge theirs. _ used their cell phone to call a cab.

Question: In this sentence, who does the blank refer to?

A. Nelson
B. Kevin
",B
"Elena tried to make Sarah understand that Jane had a pet lizard because _ disliked them.

Question: In this sentence, who does the blank refer to?

A. Elena
B. Sarah
",B
"Elena tried to make Sarah understand that Jane had a pet lizard because _ liked them.

Question: In this sentence, who does the blank refer to?

A. Elena
B. Sarah
",A
"Robert was fully fluent in Spanish and tried to talk to Steven using it; when he didn't understand, _ switched to English.

Question: In this sentence, who does the blank refer to?

A. Robert
B. Steven
",A
"Robert was fully fluent in Spanish and tried to talk to Steven using it; when he didn't understand, _ decided to learn.

Question: In this sentence, who does the blank refer to?

A. Robert
B. Steven
",B
"When it came to eye makeup she took her time with the eyeliner and rushed the mascara so the _ was precise.

Question: In this sentence, who does the blank refer to?

A. mascara
B. eyeliner
",B
"When it came to eye makeup she took her time with the eyeliner and rushed the mascara so the _ was sloppy.

Question: In this sentence, who does the blank refer to?

A. mascara
B. eyeliner
",A
"Elena wrote a newspaper column for Laura to edit, because _ had more power at the paper.

Question: In this sentence, who does the blank refer to?

A. Elena
B. Laura
",B
"Elena wrote a newspaper column for Laura to edit, because _ had less power at the paper.

Question: In this sentence, who does the blank refer to?

A. Elena
B. Laura
",A
"Emily voraciously tore into the rabbit meat whereas Angela couldn't even look at it since _ was hungry.

Question: In this sentence, who does the blank refer to?

A. Emily
B. Angela
",A
"Emily voraciously tore into the rabbit meat whereas Angela couldn't even look at it since _ was disgusted.

Question: In this sentence, who does the blank refer to?

A. Emily
B. Angela
",B
"She normally kept her ID and a pocket knife in the car, but when visiting her husband in prison she left the _ behind.

Question: In this sentence, who does the blank refer to?

A. ID
B. knife
",B
"She normally kept her ID and a pocket knife in the car, but when visiting her husband in prison she brought the _ with her.

Question: In this sentence, who does the blank refer to?

A. ID
B. knife
",A
"Monica loved planes while Samantha hated to fly, so _ wanted to become a pilot one day.

Question: In this sentence, who does the blank refer to?

A. Monica
B. Samantha
",A
"Monica loved planes while Samantha hated to fly, so _ never wanted to become a pilot.

Question: In this sentence, who does the blank refer to?

A. Monica
B. Samantha
",B
"Dennis felt a lot of guilt about lying but Brian did not because _ was a very dishonest person usually.

Question: In this sentence, who does the blank refer to?

A. Dennis
B. Brian
",B
"Dennis felt a lot of guilt about lying but Brian did not because _ was a very truthful person usually.

Question: In this sentence, who does the blank refer to?

A. Dennis
B. Brian
",A
"Susan changed her morning walk to the afternoon when she remembered she was free in the _ all week.

Question: In this sentence, who does the blank refer to?

A. morning
B. afternoon
",B
"Susan changed her morning walk to the afternoon when she remembered she was busy in the _ all week.

Question: In this sentence, who does the blank refer to?

A. morning
B. afternoon
",A
"Gmail is so yesterday Samantha thought as Jennifer talked about it, _ is on top of new trends.

Question: In this sentence, who does the blank refer to?

A. Samantha
B. Jennifer
",A
"Gmail is so yesterday Samantha thought as Jennifer talked about it, _ is not knowledgeable of new trends.

Question: In this sentence, who does the blank refer to?

A. Samantha
B. Jennifer
",B
"Betty was in charge of planning the wedding for Amy, and _ ended up being very useful.

Question: In this sentence, who does the blank refer to?

A. Betty
B. Amy
",A
"Betty was in charge of planning the wedding for Amy, and _ ended up being very demanding.

Question: In this sentence, who does the blank refer to?

A. Betty
B. Amy
",B
"Brian rested on the large bed as Kevin studied because _ was very behind in school.

Question: In this sentence, who does the blank refer to?

A. Brian
B. Kevin
",B
"Brian rested on the large bed as Kevin studied because _ was very tired from work.

Question: In this sentence, who does the blank refer to?

A. Brian
B. Kevin
",A
"Randy doesn't care about using natural products, while that's all that Craig uses, even though _ is probably less friendly to the environment.

Question: In this sentence, who does the blank refer to?

A. Randy
B. Craig
",B
"Randy doesn't care about using natural products, while that's all that Craig uses, so _ is probably less friendly to the environment.

Question: In this sentence, who does the blank refer to?

A. Randy
B. Craig
",A
"The girl poured the powdered milk from the box into the glass of water.  The _ was wet.

Question: In this sentence, who does the blank refer to?

A. water
B. milk
",A
"The girl poured the powdered milk from the box into the glass of water. The _ was dry.

Question: In this sentence, who does the blank refer to?

A. water
B. milk
",B
"My meeting with Marina was at eight but my shuttle was coming at nine so the timing was tight. Luckily, the _ started early.

Question: In this sentence, who does the blank refer to?

A. meeting
B. shuttle
",A
"My meeting with Marina was at eight but my shuttle was coming at nine so the timing was tight. Luckily, the _ was late.

Question: In this sentence, who does the blank refer to?

A. meeting
B. shuttle
",B
"Erin had had braces when they were younger but Lindsey had not so _ had very crooked teeth.

Question: In this sentence, who does the blank refer to?

A. Erin
B. Lindsey
",B
"Erin had had braces when they were younger but Lindsey had not so _ had very straight teeth.

Question: In this sentence, who does the blank refer to?

A. Erin
B. Lindsey
",A
"While changing her eating routine, Sally stopped eating chips and replaced it with fruit. The _ were crunchy.

Question: In this sentence, who does the blank refer to?

A. chips
B. fruit
",A
"While changing her eating routine, Sally stopped eating chips and replaced it with fruit. The _ were smooth.

Question: In this sentence, who does the blank refer to?

A. chips
B. fruit
",B
"The man was going to put his boat in the lake but the _ was too shallow.

Question: In this sentence, who does the blank refer to?

A. lake
B. boat
",A
"The man was going to put his boat in the lake but the _ was too large.

Question: In this sentence, who does the blank refer to?

A. lake
B. boat
",B
"Kyle will be able to retire a lot earlier than Adam because _ is further behind in their career.

Question: In this sentence, who does the blank refer to?

A. Kyle
B. Adam
",B
"Kyle will be able to retire a lot earlier than Adam because _ is further along in their career.

Question: In this sentence, who does the blank refer to?

A. Kyle
B. Adam
",A
"Joel didn't want to let Logan play with the slot machine even though _ was on a cold streak.

Question: In this sentence, who does the blank refer to?

A. Joel
B. Logan
",B
"Joel didn't want to let Logan play with the slot machine seeing as how _ was on a hot streak.

Question: In this sentence, who does the blank refer to?

A. Joel
B. Logan
",A
"Mary would care for Amy when they were kids since _ was the older one.

Question: In this sentence, who does the blank refer to?

A. Mary
B. Amy
",A
"Mary would care for Amy when they were kids since _ was the younger one.

Question: In this sentence, who does the blank refer to?

A. Mary
B. Amy
",B
"Joel sought out a career in the medical field but Christopher took a different route, because _ was ok with the sight of blood.

Question: In this sentence, who does the blank refer to?

A. Joel
B. Christopher
",A
"Joel sought out a career in the medical field but Christopher took a different route, because _ fainted at the sight of blood.

Question: In this sentence, who does the blank refer to?

A. Joel
B. Christopher
",B
"Michael needed Craig to carry the basket the rest of the way home, since _ was out of shape.

Question: In this sentence, who does the blank refer to?

A. Michael
B. Craig
",A
"Michael needed Craig to carry the basket the rest of the way home, since _ was physically fit.

Question: In this sentence, who does the blank refer to?

A. Michael
B. Craig
",B
"At the smoothie bar Victoria decided to buy Erin their first wheatgrass smoothie, because _ thought they were delicious.

Question: In this sentence, who does the blank refer to?

A. Victoria
B. Erin
",A
"At the smoothie bar Victoria decided to buy Erin their first wheatgrass smoothie, but _ thought they were gross.

Question: In this sentence, who does the blank refer to?

A. Victoria
B. Erin
",B
"Henry tried to cut the bamboo in his yard using a trimmer but had difficulty because the _ was too long.

Question: In this sentence, who does the blank refer to?

A. trimmer
B. bamboo
",B
"Henry tried to cut the bamboo in his yard using a trimmer but had difficulty because the _ was too short.

Question: In this sentence, who does the blank refer to?

A. trimmer
B. bamboo
",A
"The mover was successful getting the dresser out of the house, but not the desk, because the _ was big.

Question: In this sentence, who does the blank refer to?

A. dresser
B. desk
",B
"The mover was successful getting the dresser out of the house, but not the desk, because the _ was small.

Question: In this sentence, who does the blank refer to?

A. dresser
B. desk
",A
"Lindsey gained a little weight so she gave Rebecca a few tank tops because they fit _ poorly.

Question: In this sentence, who does the blank refer to?

A. Lindsey
B. Rebecca
",A
"Lindsey gained a little weight so she gave  Rebecca a few tank tops and they fit _ well.

Question: In this sentence, who does the blank refer to?

A. Lindsey
B. Rebecca
",B
"Victoria couldn't figure out how to motivate Lindsey to exercise every day, and _ hoped she would not come up with a plan.

Question: In this sentence, who does the blank refer to?

A. Victoria
B. Lindsey
",B
"Victoria couldn't figure out how to motivate Lindsey to exercise every day, but _ knew she would come up with a plan.

Question: In this sentence, who does the blank refer to?

A. Victoria
B. Lindsey
",A
"Craig loaned his jacket to Kyle, who ended up breaking the zipper; _ was remorseful.

Question: In this sentence, who does the blank refer to?

A. Craig
B. Kyle
",B
"Craig loaned his jacket to Kyle, who ended up breaking the zipper; _ was angry.

Question: In this sentence, who does the blank refer to?

A. Craig
B. Kyle
",A
"Benjamin made a cup of rosehip tea for Donald even though _ knew they preferred green tea.

Question: In this sentence, who does the blank refer to?

A. Benjamin
B. Donald
",A
"Benjamin made a cup of rosehip tea for Donald even though they knew _ preferred green tea.

Question: In this sentence, who does the blank refer to?

A. Benjamin
B. Donald
",B
"Angela is preparing Mary for tricky interview questions, because _ could use some help.

Question: In this sentence, who does the blank refer to?

A. Angela
B. Mary
",B
"Angela is preparing Mary for tricky interview questions, because _ wants to help her.

Question: In this sentence, who does the blank refer to?

A. Angela
B. Mary
",A
"My mother made tacos today and burritos yesterday for lunch so the _ were older.

Question: In this sentence, who does the blank refer to?

A. tacos
B. burritos
",B
"My mother made tacos today and burritos yesterday for lunch so the _ were fresher.

Question: In this sentence, who does the blank refer to?

A. tacos
B. burritos
",A
"Christopher gave lessons to Michael , as _ had so little piano playing knowledge and experience.

Question: In this sentence, who does the blank refer to?

A. Christopher
B. Michael
",B
"Christopher gave lessons to Michael , as _ had so much piano playing knowledge and experience.

Question: In this sentence, who does the blank refer to?

A. Christopher
B. Michael
",A
"No one dared to criticize Maria 's performance, while they felt free to demonize Katrina, as _ was so timid to them.

Question: In this sentence, who does the blank refer to?

A. Maria
B. Katrina
",B
"No one dared to criticize Maria 's performance, while they felt free to demonize Katrina, as _ was so intimidating to them.

Question: In this sentence, who does the blank refer to?

A. Maria
B. Katrina
",A
"Hunter had a disorder where they heard voices, whereas Neil did not, so _ took meds to deal with the voices.

Question: In this sentence, who does the blank refer to?

A. Hunter
B. Neil
",A
"Hunter had a disorder where they heard voices, whereas Neil did not, so _ did not take meds to deal with voices.

Question: In this sentence, who does the blank refer to?

A. Hunter
B. Neil
",B
"Josie likes reading books, horrors and biographies. Josie likes the _ because of the truths.

Question: In this sentence, who does the blank refer to?

A. horrors
B. biographies
",B
"Josie likes reading books, horrors and biographies. Josie likes the _ because of the scares.

Question: In this sentence, who does the blank refer to?

A. horrors
B. biographies
",A
"The girl sewed a blanket instead of a mitten because the _ was less complicated.

Question: In this sentence, who does the blank refer to?

A. blanket
B. mitten
",A
"The girl sewed a blanket instead of a mitten because the _ was more complicated.

Question: In this sentence, who does the blank refer to?

A. blanket
B. mitten
",B
"The government official was able to use the survey answers of Nick, but Nelson's answers were unusable because _ was being honest.

Question: In this sentence, who does the blank refer to?

A. Nick
B. Nelson
",A
"The government official was able to use the survey answers of Nick, but Nelson's answers were unusable because _ was being dishonest.

Question: In this sentence, who does the blank refer to?

A. Nick
B. Nelson
",B
"The dictator gained power of the other country by using tanks rather than the planes because the _ were destroyed.

Question: In this sentence, who does the blank refer to?

A. tanks
B. planes
",B
"The dictator gained power of the other country by using tanks rather than the planes because the _ were advanced.

Question: In this sentence, who does the blank refer to?

A. tanks
B. planes
",A
"Brett drank several bottles of water every day while Neil drank several bottles of pop. _ was never dehydrated during the day.

Question: In this sentence, who does the blank refer to?

A. Brett
B. Neil
",A
"Brett drank several bottles of water every day while Neil drank several bottles of pop. _ was often dehydrated during the day.

Question: In this sentence, who does the blank refer to?

A. Brett
B. Neil
",B
"Tim decided to swap coffee with tea as he has read that tea contributes towards losing weight. The _ is the best option for losing weight.

Question: In this sentence, who does the blank refer to?

A. tea
B. coffee
",A
"Tim decided to swap coffee with tea as he has read that tea contributes towards losing weight. The _ is not so good for losing weight.

Question: In this sentence, who does the blank refer to?

A. tea
B. coffee
",B
"I smelled the cookies and wondered if mom was making oatmeal or chocolate chip.  I smelled melted chocolate so I ran down to get the _ cookies.

Question: In this sentence, who does the blank refer to?

A. oatmeal
B. chocolate chip
",B
"I smelled the cookies and wondered if mom was making oatmeal or chocolate chip.  I smelled cinnamon so I ran down to get the _ cookies.

Question: In this sentence, who does the blank refer to?

A. oatmeal
B. chocolate chip
",A
"The woman swerved her bike to avoid the stroller but crashed into a wall, the _ was damaged.

Question: In this sentence, who does the blank refer to?

A. bike
B. stroller
",A
"The woman swerved her bike to avoid the stroller but crashed into a wall, the _ was unharmed.

Question: In this sentence, who does the blank refer to?

A. bike
B. stroller
",B
"Nelson got a lien put on his house so Eric lent him some money which _ promised to pay back as soon as possible.

Question: In this sentence, who does the blank refer to?

A. Nelson
B. Eric
",A
"Nelson got a lien put on his house so Eric lent him some money which _ expected to be paid back as soon as possible.

Question: In this sentence, who does the blank refer to?

A. Nelson
B. Eric
",B
"Since Betty is a lot less resourceful than Natalie, _ tends to save money easier.

Question: In this sentence, who does the blank refer to?

A. Betty
B. Natalie
",B
"Since Betty is a lot less resourceful than Natalie, _ tends to spend money easier.

Question: In this sentence, who does the blank refer to?

A. Betty
B. Natalie
",A
"The job was found when a friend gave him a phone and a bus pass. The _ was older.

Question: In this sentence, who does the blank refer to?

A. phone
B. pass
",A
"The job was found when a friend gave him a phone and a bus pass. The _ was temporary.

Question: In this sentence, who does the blank refer to?

A. phone
B. pass
",B
"Samuel got onto Michael about how to clean despite the fact _ always helped clean the place.

Question: In this sentence, who does the blank refer to?

A. Samuel
B. Michael
",B
"Samuel got onto Michael about how to clean despite the fact _ never helped clean the place.

Question: In this sentence, who does the blank refer to?

A. Samuel
B. Michael
",A
"Ben went to a restaurant and was stuck between ordering ginger or peppermint tea. He chose the _ because he liked the bitterness.

Question: In this sentence, who does the blank refer to?

A. ginger
B. mint
",A
"Ben went to a restaurant and was stuck between ordering ginger or peppermint tea. He chose the _ because he liked the freshness.

Question: In this sentence, who does the blank refer to?

A. ginger
B. mint
",B
"You will see lots of weeds in the yard of Matthew but none in the yard of Aaron as _ loves outside work.

Question: In this sentence, who does the blank refer to?

A. Matthew
B. Aaron
",B
"You will see lots of weeds in the yard of Matthew but none in the yard of Aaron as _ hates outside work.

Question: In this sentence, who does the blank refer to?

A. Matthew
B. Aaron
",A
"Jesse was learning to parallel park when he hit the gas pedal so hard he hit the car behind him and got out to check on the _ .

Question: In this sentence, who does the blank refer to?

A. gas pedal
B. car
",B
"Jesse was learning to parallel park when he hit the gas pedal so hard he hit the car behind him and removed his foot from the _ .

Question: In this sentence, who does the blank refer to?

A. gas pedal
B. car
",A
"Cynthia got a much better score on their math test than Rebecca. _ took the time to study for it.

Question: In this sentence, who does the blank refer to?

A. Cynthia
B. Rebecca
",A
"Cynthia got a much better score on their math test than Rebecca. _ didn't take the time to study for it.

Question: In this sentence, who does the blank refer to?

A. Cynthia
B. Rebecca
",B
"Mary sat still while Victoria listened to her chest. The diagnosis was dengue fever, which surprised _ as she hadn't found this in patients.

Question: In this sentence, who does the blank refer to?

A. Mary
B. Victoria
",B
"Mary sat still while Victoria listened to her chest. The diagnosis was dengue fever, which surprised _ as she was a homebody.

Question: In this sentence, who does the blank refer to?

A. Mary
B. Victoria
",A
"Nick was less of a sports fan than Derrick, so _ rarely attended basketball games.

Question: In this sentence, who does the blank refer to?

A. Nick
B. Derrick
",A
"Nick was less of a sports fan than Derrick, so _ often attended basketball games.

Question: In this sentence, who does the blank refer to?

A. Nick
B. Derrick
",B
"The fact is dating can be difficult if one wants to from friends to couple. People should always be respectful of the _ truth they may want to stay.

Question: In this sentence, who does the blank refer to?

A. fact
B. difficult
",B
"The fact is dating can be difficult if one wants to from friends to couple. People should always be respectful of the _ they may want to stay friends.

Question: In this sentence, who does the blank refer to?

A. fact
B. difficult
",A
"Elena hated the smell of that soap compared to Laura, because _ had good memories from that smell.

Question: In this sentence, who does the blank refer to?

A. Elena
B. Laura
",B
"Elena hated the smell of that soap compared to Laura, because _ had bad memories from that smell.

Question: In this sentence, who does the blank refer to?

A. Elena
B. Laura
",A
"The goat was trying to cross some water but she could only make it past the lake and not the river because the _ was too deep.

Question: In this sentence, who does the blank refer to?

A. lake
B. river
",B
"The goat was trying to cross some water but she could only make it past the lake and not the river because the _ was shallow.

Question: In this sentence, who does the blank refer to?

A. lake
B. river
",A
"Marilyn was usually a casual dresser, but since the wedding was formal, she knew the _ dress she bought would be inappropriate.

Question: In this sentence, who does the blank refer to?

A. casual
B. formal
",A
"Marilyn was usually a casual dresser, but since the wedding was formal, she knew the _ dress she bought would be appropriate.

Question: In this sentence, who does the blank refer to?

A. casual
B. formal
",B
"The damage in Hawaii was worse than the destruction in Japan, because the _ was from a weaker earthquake.

Question: In this sentence, who does the blank refer to?

A. damage
B. destruction
",B
"The damage in Hawaii was worse than the destruction in Japan, because the _ was from a stronger earthquake.

Question: In this sentence, who does the blank refer to?

A. damage
B. destruction
",A
"Jill poured the entire bag of flour into the mixing bowl until the _ was full.

Question: In this sentence, who does the blank refer to?

A. bag
B. bowl
",B
"Jill poured the entire bag of flour into the mixing bowl until the _ was empty.

Question: In this sentence, who does the blank refer to?

A. bag
B. bowl
",A
"Gem went to get new supplies for her hamster and she found snacks and exercise balls She chose the _ because her hamster was fat.

Question: In this sentence, who does the blank refer to?

A. exercise balls
B. snacks
",A
"Gem went to get new supplies for her hamster and she found snacks and exercise balls She chose the _ because her hamster was skinny.

Question: In this sentence, who does the blank refer to?

A. exercise balls
B. snacks
",B
"Doris wished she had gone to the rock concert rather than the art show, because the _ was exciting.

Question: In this sentence, who does the blank refer to?

A. art show
B. rock concert
",B
"Doris wished she had gone to the rock concert rather than the art show, because the _ was boring.

Question: In this sentence, who does the blank refer to?

A. art show
B. rock concert
",A
"Learn to crochet was something Victoria learned at an early age but not Emily. _ is able to knit a sweater.

Question: In this sentence, who does the blank refer to?

A. Victoria
B. Emily
",A
"Learn to crochet was something Victoria learned at an early age but not Emily. _ is able to buy a sweater.

Question: In this sentence, who does the blank refer to?

A. Victoria
B. Emily
",B
"Carrie had a warehouse job while Felicia had an office job. _ had trouble with their lower back.

Question: In this sentence, who does the blank refer to?

A. Carrie
B. Felicia
",A
"Carrie had a warehouse job while Felicia had an office job. _ had no issues with their lower back.

Question: In this sentence, who does the blank refer to?

A. Carrie
B. Felicia
",B
"Spongebob decided between a pineapple and a rock to live under the sea, but the _ was just wrong.

Question: In this sentence, who does the blank refer to?

A. pineapple
B. rock
",B
"Spongebob decided between a pineapple and a rock to live under the sea, but the _ was just right.

Question: In this sentence, who does the blank refer to?

A. pineapple
B. rock
",A
"The woman got the blouse instead of the shirt, because the _ was a less fitting size.

Question: In this sentence, who does the blank refer to?

A. shirt
B. blouse
",A
"The woman got the blouse instead of the shirt, because the _ was a more fitting size.

Question: In this sentence, who does the blank refer to?

A. shirt
B. blouse
",B
"To avoid separation, Randy followed closely behind Kyle because _ was very familiar with the area.

Question: In this sentence, who does the blank refer to?

A. Randy
B. Kyle
",B
"To avoid separation, Randy followed closely behind Kyle because _ was new to the area.

Question: In this sentence, who does the blank refer to?

A. Randy
B. Kyle
",A
"The police were looking for Neil and not Nelson, by reason that _ was a wanted person.

Question: In this sentence, who does the blank refer to?

A. Neil
B. Nelson
",A
"The police were looking for Neil and not Nelson, by reason that _ was an unwanted person.

Question: In this sentence, who does the blank refer to?

A. Neil
B. Nelson
",B
"James was able to get more slices from the cakes than expected. The _ are small.

Question: In this sentence, who does the blank refer to?

A. slices
B. cakes
",A
"James was able to get more slices from the cakes than expected. The _ are big.

Question: In this sentence, who does the blank refer to?

A. slices
B. cakes
",B
"Elena accidentally spilled her coconut oil all over Amy which made _ feel very angry.

Question: In this sentence, who does the blank refer to?

A. Elena
B. Amy
",B
"Elena accidentally spilled her coconut oil all over Amy which made _ feel very apologetic.

Question: In this sentence, who does the blank refer to?

A. Elena
B. Amy
",A
"In order to use the washer and dryer for laundry, Steve separated his laundry into dirty and wet, then he filled the _ with dirty laundry.

Question: In this sentence, who does the blank refer to?

A. washer
B. dryer
",A
"In order to use the washer and dryer for laundry, Steve separated his laundry into dirty and wet, then he filled the _ with wet laundry.

Question: In this sentence, who does the blank refer to?

A. washer
B. dryer
",B
"Joe added the cloves to the dinner instead of the peppers because he liked the way the _ tasted.

Question: In this sentence, who does the blank refer to?

A. peppers
B. cloves
",B
"Joe added the cloves to the dinner instead of the peppers because he disliked the way the _ tasted.

Question: In this sentence, who does the blank refer to?

A. peppers
B. cloves
",A
"Cynthia prefers a gas grill while Monica does not because _ doesn't like the smoky flavor of a charcoal grill.

Question: In this sentence, who does the blank refer to?

A. Cynthia
B. Monica
",A
"Cynthia prefers a gas grill while Monica does not since _ likes the smoky flavor of a charcoal grill.

Question: In this sentence, who does the blank refer to?

A. Cynthia
B. Monica
",B
"Developing good study habits came easier to Neil than Benjamin because _ did not have a lot of self discipline.

Question: In this sentence, who does the blank refer to?

A. Neil
B. Benjamin
",B
"Developing good study habits came easier to Neil than Benjamin because _ had a lot of self discipline.

Question: In this sentence, who does the blank refer to?

A. Neil
B. Benjamin
",A
"Dennis has to always watch cholesterol levels unlike Kyle because _ was advised by the doctor.

Question: In this sentence, who does the blank refer to?

A. Dennis
B. Kyle
",A
"Dennis never has to watch cholesterol levels unlike Kyle because _ was advised by the doctor.

Question: In this sentence, who does the blank refer to?

A. Dennis
B. Kyle
",B
"The problem at the conference could not be accurately identified because the _ was complex.

Question: In this sentence, who does the blank refer to?

A. problem
B. conference
",A
"The problem at the conference could not be accurately identified because the _ was simple.

Question: In this sentence, who does the blank refer to?

A. problem
B. conference
",B
"Daphne got herself a cloak and a bodysuit for her Raven costume, and she thought the _ made her look mysterious.

Question: In this sentence, who does the blank refer to?

A. cloak
B. bodysuit
",A
"Daphne got herself a cloak and a bodysuit for her Raven costume, and she thought the _ made her look skinny.

Question: In this sentence, who does the blank refer to?

A. cloak
B. bodysuit
",B
"The poses in Yoga are easier for Kenneth compared to Ryan because _ is limber.

Question: In this sentence, who does the blank refer to?

A. Kenneth
B. Ryan
",A
"The poses in Yoga are easier for Kenneth compared to Ryan because _ is stiff.

Question: In this sentence, who does the blank refer to?

A. Kenneth
B. Ryan
",B
"I grilled the steak for too long, but not the chicken breast so the _ ended up dry.

Question: In this sentence, who does the blank refer to?

A. chicken breast
B. steak
",B
"I grilled the steak for too long, but not the chicken breast so the _ ended up juicy.

Question: In this sentence, who does the blank refer to?

A. chicken breast
B. steak
",A
"Betty asked Jessica when the roses would bloom, because _ had little knowledge about flowers.

Question: In this sentence, who does the blank refer to?

A. Betty
B. Jessica
",A
"Betty asked Jessica when the roses would bloom, because _ had extensive knowledge about flowers.

Question: In this sentence, who does the blank refer to?

A. Betty
B. Jessica
",B
"I tried to clean the pipe with the brush but I couldn't because the _ was too small.

Question: In this sentence, who does the blank refer to?

A. pipe
B. brush
",A
"I tried to clean the pipe with the brush but I couldn't because the _ was too big.

Question: In this sentence, who does the blank refer to?

A. pipe
B. brush
",B
"Jacob was satisfied with the soda but was unsatisfied with the sherbet because the _ was tasty.

Question: In this sentence, who does the blank refer to?

A. soda
B. sherbet
",A
"Jacob was satisfied with the soda but was unsatisfied with the sherbet because the _ was strange.

Question: In this sentence, who does the blank refer to?

A. soda
B. sherbet
",B
"While having a discussion about what to make for dinner, Leslie suggested making rice; Joseph preferred pasta. _ agreed to make rice instead.

Question: In this sentence, who does the blank refer to?

A. Leslie
B. Joseph
",B
"While having a discussion about what to make for dinner, Leslie suggested making rice; Joseph preferred pasta. _ agreed to make pasta instead.

Question: In this sentence, who does the blank refer to?

A. Leslie
B. Joseph
",A
"I despise the system in place now at college compared to the program at school, because the _ is horrendous.

Question: In this sentence, who does the blank refer to?

A. system
B. program
",A
"I despise the system in place now at college compared to the program at school, because the _ is simple.

Question: In this sentence, who does the blank refer to?

A. system
B. program
",B
"Samuel always wore a condom when the met a new lover, but Craig rarely ever wore on. _ caught genital warts from a dirty girl.

Question: In this sentence, who does the blank refer to?

A. Samuel
B. Craig
",B
"Samuel always wore a condom when the met a new lover, but Craig rarely ever wore on. _ never contracted genital warts from a dirty girl.

Question: In this sentence, who does the blank refer to?

A. Samuel
B. Craig
",A
"I used an ax to chop down a tree, but had to get a bigger ax because the _ was too thick.

Question: In this sentence, who does the blank refer to?

A. ax
B. tree
",B
"I used an ax to chop down a tree, but had to get a bigger ax because the _ was too small.

Question: In this sentence, who does the blank refer to?

A. ax
B. tree
",A
"Kayla brought something from Lindsey in the store, because _ wanted to sell it and so it was brought.

Question: In this sentence, who does the blank refer to?

A. Kayla
B. Lindsey
",B
"Kayla brought something from Lindsey in the store, because _ wanted to buy it and so it was brought.

Question: In this sentence, who does the blank refer to?

A. Kayla
B. Lindsey
",A
"The orthodontist complimented Christopher and not Jason as _ remembers to brush and floss his teeth daily.

Question: In this sentence, who does the blank refer to?

A. Christopher
B. Jason
",A
"The orthodontist complimented Christopher and not Jason as _ forgetss to brush and floss his teeth daily.

Question: In this sentence, who does the blank refer to?

A. Christopher
B. Jason
",B
"The film was only playing during the weekday or over the weekend. We went on the _ because everyone was at work and it was less crowded.

Question: In this sentence, who does the blank refer to?

A. weekday
B. weekend
",A
"The film was only playing during the weekday or over the weekend. We went on the _ even though everyone was off work and it was more crowded.

Question: In this sentence, who does the blank refer to?

A. weekday
B. weekend
",B
"Carrie went to the vet more often than Rebecca because _ had more puppies in their care.

Question: In this sentence, who does the blank refer to?

A. Carrie
B. Rebecca
",A
"Carrie went to the vet more often than Rebecca because _ had less puppies in their care.

Question: In this sentence, who does the blank refer to?

A. Carrie
B. Rebecca
",B
"Her appointment to get her hair done was at 5:00, but she needed to catch the 4:30 train.  The _ was early, so she arrived with plenty of time.

Question: In this sentence, who does the blank refer to?

A. appointment
B. train
",B
"Her appointment to get her hair done was at 5:00, but she needed to catch the 4:30 train.  The _ was late, so she arrived with plenty of time.

Question: In this sentence, who does the blank refer to?

A. appointment
B. train
",A
"Neil is determined to overcome his laziness and help Matthew do yard work, because _ is struggling outside.

Question: In this sentence, who does the blank refer to?

A. Neil
B. Matthew
",B
"Neil is determined to overcome his laziness and help Matthew do yard work, but _ is struggling to get up.

Question: In this sentence, who does the blank refer to?

A. Neil
B. Matthew
",A
"In order to have a higher effect, Ben could change the lighting or music. He chose the _ because it was invisible.

Question: In this sentence, who does the blank refer to?

A. lighting
B. music
",B
"In order to have a higher effect, Ben could change the lighting or music. He chose the _ because it was visible.

Question: In this sentence, who does the blank refer to?

A. lighting
B. music
",A
"The barber tried to use the chemical to wash the smell out of the man's hair but the _ was too weak.

Question: In this sentence, who does the blank refer to?

A. smell
B. chemical
",B
"The barber tried to use the chemical to wash the smell out of the man's hair but the _ was too strong.

Question: In this sentence, who does the blank refer to?

A. smell
B. chemical
",A
"Mary purchased new swimwear for her daughter, but did not need to buy shorts, because her daughter had outgrown the _ .

Question: In this sentence, who does the blank refer to?

A. swimwear
B. shorts
",A
"Mary purchased new swimwear for her daughter, but did not need to buy shorts, because her daughter still fit in the _ .

Question: In this sentence, who does the blank refer to?

A. swimwear
B. shorts
",B
"Christine is opening an organic store and asks if Rachel wants to work for her, because _ needs a job.

Question: In this sentence, who does the blank refer to?

A. Christine
B. Rachel
",B
"Christine is opening an organic store and asks if Rachel wants to work for her, because _ needs employees.

Question: In this sentence, who does the blank refer to?

A. Christine
B. Rachel
",A
"In order to prune the flowers in his garden outside, Ted looked down at his shovel and his shears and picked up the _ .

Question: In this sentence, who does the blank refer to?

A. shovel
B. shears
",B
"In order to transplant the flowers in his garden outside, Ted looked down at his shovel and his shears and picked up the _ .

Question: In this sentence, who does the blank refer to?

A. shovel
B. shears
",A
"The daughter of Tanya was more embarrassed than Angela's daughter because _ yelled at her in public.

Question: In this sentence, who does the blank refer to?

A. Tanya
B. Angela
",A
"The daughter of Tanya was more embarrassed than Angela's daughter because _ talked to her in private.

Question: In this sentence, who does the blank refer to?

A. Tanya
B. Angela
",B
"I couldn't decide what jewelry to wear, should I go with the emerald or sapphire?  My outfit was blue, so I chose the _ .

Question: In this sentence, who does the blank refer to?

A. sapphire
B. emerald
",A
"I couldn't decide what jewelry to wear, should I go with the emerald or sapphire?  My outfit was green, so I chose the _ .

Question: In this sentence, who does the blank refer to?

A. sapphire
B. emerald
",B
"James found out some stain on his teeth even after using the brush. The _ is weak.

Question: In this sentence, who does the blank refer to?

A. brush
B. stain
",A
"James found out some stain on his teeth even after using the brush. The _ is tough.

Question: In this sentence, who does the blank refer to?

A. brush
B. stain
",B
"The man grabbed the rake instead of the broom to knock the ball off of the roof because the _ was shorter.

Question: In this sentence, who does the blank refer to?

A. rake
B. broom
",B
"The man grabbed the rake instead of the broom to knock the ball off of the roof because the _ was longer.

Question: In this sentence, who does the blank refer to?

A. rake
B. broom
",A
"It took a long time for Mary to heal from her fallout with Tanya as _ was just more resilient.

Question: In this sentence, who does the blank refer to?

A. Mary
B. Tanya
",B
"It took a long time for Mary to heal from her fallout with Tanya as _ was just more sensitive.

Question: In this sentence, who does the blank refer to?

A. Mary
B. Tanya
",A
"The plane had to arrive after the helicopter, so the _ delayed leaving immediately to time the arrivals right.

Question: In this sentence, who does the blank refer to?

A. plane
B. helicopter
",A
"The plane had to arrive after the helicopter, so the _ was leaving immediately to time the arrivals right.

Question: In this sentence, who does the blank refer to?

A. plane
B. helicopter
",B
"Adam owns three cats, while Benjamin has none, so it is more likely that _ is the animal hater.

Question: In this sentence, who does the blank refer to?

A. Adam
B. Benjamin
",B
"Adam owns three cats, while Benjamin has none, so it is more likely that _ is the animal lover.

Question: In this sentence, who does the blank refer to?

A. Adam
B. Benjamin
",A
"The brush Laura gave to Jessica was a family heirloom, so _ put it in a shadow box.

Question: In this sentence, who does the blank refer to?

A. Laura
B. Jessica
",B
"The brush Laura accepted from Jessica was a family heirloom, so _ put it in a shadow box.

Question: In this sentence, who does the blank refer to?

A. Laura
B. Jessica
",A
"Neil has recently gotten hepatitis A and asks for Kevin's advice, because _ has already had hepatitis.

Question: In this sentence, who does the blank refer to?

A. Neil
B. Kevin
",B
"Neil has recently gotten hepatitis A and asks for Kevin's advice, because _ has never had hepatitis.

Question: In this sentence, who does the blank refer to?

A. Neil
B. Kevin
",A
"The dye showed up on Maria's hair more than Megan's hair because _ had lighter hair.

Question: In this sentence, who does the blank refer to?

A. Maria
B. Megan
",A
"The dye showed up on Maria's hair more than Megan's hair because _ had darker hair.

Question: In this sentence, who does the blank refer to?

A. Maria
B. Megan
",B
"Jeffrey's house was on fire and Lawrence put it out, later _ brought him a large gift as thanks.

Question: In this sentence, who does the blank refer to?

A. Jeffrey
B. Lawrence
",A
"Jeffrey's house was on fire and Lawrence put it out, later _ received a large gift as thanks.

Question: In this sentence, who does the blank refer to?

A. Jeffrey
B. Lawrence
",B
"Pimples seemed to form more often for Rachel than Felicia because _ kept their face washed.

Question: In this sentence, who does the blank refer to?

A. Rachel
B. Felicia
",B
"Pimples seemed to form more often for Rachel than Felicia because _ kept their face dirty.

Question: In this sentence, who does the blank refer to?

A. Rachel
B. Felicia
",A
"Natalie was having an ant problem and hates bugs so called Elena for help since _ is fearful.

Question: In this sentence, who does the blank refer to?

A. Natalie
B. Elena
",A
"Natalie was having an ant problem and hates bugs so called Elena for help since _ is fearless.

Question: In this sentence, who does the blank refer to?

A. Natalie
B. Elena
",B
"Jessica couldn't use a hose to wash her car in the driveway because the _ was too long.

Question: In this sentence, who does the blank refer to?

A. hose
B. driveway
",B
"Jessica couldn't use a hose to wash her car in the driveway because the _ was too short.

Question: In this sentence, who does the blank refer to?

A. hose
B. driveway
",A
"While the man modified the height of the bike, the boy rode the tricycle, because the _ was the correct height.

Question: In this sentence, who does the blank refer to?

A. bike
B. tricycle
",B
"While the man modified the height of the bike, the boy rode the tricycle, because the _ was the incorrect height.

Question: In this sentence, who does the blank refer to?

A. bike
B. tricycle
",A
"Brett hated to wear socks and Ian did not because _ liked to let their feet breath.

Question: In this sentence, who does the blank refer to?

A. Brett
B. Ian
",A
"Brett hated to wear socks and Ian did not because _ didn't care about letting their feet breath.

Question: In this sentence, who does the blank refer to?

A. Brett
B. Ian
",B
"Cynthia loved to read fiction while Christine preferred non-fiction. _ thought Harry Potter was stupid.

Question: In this sentence, who does the blank refer to?

A. Cynthia
B. Christine
",B
"Cynthia loved to read fiction while Christine preferred non-fiction. _ thought Harry Potter was magical.

Question: In this sentence, who does the blank refer to?

A. Cynthia
B. Christine
",A
"Logan was Donald's new research assistant so _ tried to give the instructions that are necessary.

Question: In this sentence, who does the blank refer to?

A. Logan
B. Donald
",B
"Logan was Donald's new research assistant so _ tried to follow the instructions they were given.

Question: In this sentence, who does the blank refer to?

A. Logan
B. Donald
",A
"A barn will withstand winter very well but a shed will not because the _ is vulnerable.

Question: In this sentence, who does the blank refer to?

A. barn
B. shed
",B
"A barn will withstand winter very well but a shed will not because the _ is insulated.

Question: In this sentence, who does the blank refer to?

A. barn
B. shed
",A
"SEO is work that Natalie performs sometimes, but Patricia never has, so _ is likely inferior with technology.

Question: In this sentence, who does the blank refer to?

A. Natalie
B. Patricia
",B
"SEO is work that Natalie performs sometimes, but Patricia never has, so _ is likely better with technology.

Question: In this sentence, who does the blank refer to?

A. Natalie
B. Patricia
",A
"The farmer switched his pig feed from wheat to corn because the _ was more expensive.

Question: In this sentence, who does the blank refer to?

A. corn
B. wheat
",B
"The farmer switched his pig feed from wheat to corn because the _ was cheaper.

Question: In this sentence, who does the blank refer to?

A. corn
B. wheat
",A
"The dog was crying with the collar hurting its neck because the _ is small.

Question: In this sentence, who does the blank refer to?

A. neck
B. collar
",B
"The dog was crying with the collar hurting its neck because the _ is big.

Question: In this sentence, who does the blank refer to?

A. neck
B. collar
",A
"The retired person opted for the lounging chair in Mexico instead of the hammock as the _ was comfortable.

Question: In this sentence, who does the blank refer to?

A. lounging chair
B. hammock
",A
"The retired person opted for the lounging chair in Mexico instead of the hammock as the _ was uncomfortable.

Question: In this sentence, who does the blank refer to?

A. lounging chair
B. hammock
",B
"The tastes of Ian make him like dark chocolate more than Brett who likes milk chocolate, so _ is more likely to be an adult.

Question: In this sentence, who does the blank refer to?

A. Ian
B. Brett
",A
"The tastes of Ian make him like dark chocolate more than Brett who likes milk chocolate, so _ is more likely to be a kid.

Question: In this sentence, who does the blank refer to?

A. Ian
B. Brett
",B
"Adam turned on his computer to work on a plan for surprising Matthew because _ is a prankster.

Question: In this sentence, who does the blank refer to?

A. Adam
B. Matthew
",A
"Adam turned on his computer to work on a plan for surprising Matthew because _ has a birthday coming up.

Question: In this sentence, who does the blank refer to?

A. Adam
B. Matthew
",B
"The single Monica did not envy Emily 's married life, as _ had lost her freedom.

Question: In this sentence, who does the blank refer to?

A. Monica
B. Emily
",B
"The single Monica did not envy Emily 's married life, as _ relished her freedom.

Question: In this sentence, who does the blank refer to?

A. Monica
B. Emily
",A
"Jack was going to make a tuna sandwich but ended up eating a tuna salad. After burning the bread the _ was appetizing.

Question: In this sentence, who does the blank refer to?

A. salad
B. sandwich
",A
"Jack was going to make a tuna sandwich but ended up eating a tuna salad. After burning the bread the _ was unappetizing.

Question: In this sentence, who does the blank refer to?

A. salad
B. sandwich
",B
"Sunburn was a problem for Joseph but not for Donald because _ had very a very fair skin tone.

Question: In this sentence, who does the blank refer to?

A. Joseph
B. Donald
",A
"Sunburn was a problem for Joseph but not for Donald because _ had very a very dark skin tone.

Question: In this sentence, who does the blank refer to?

A. Joseph
B. Donald
",B
"Carrie worked for a great company compared to Samantha, therefore _ received a lot more benefits.

Question: In this sentence, who does the blank refer to?

A. Carrie
B. Samantha
",A
"Carrie worked for a bad company compared to Samantha, therefore _ received a lot more benefits.

Question: In this sentence, who does the blank refer to?

A. Carrie
B. Samantha
",B
"When her dog got lost, Maria but up posters at the playground but not the pool because few people go to the _ these days.

Question: In this sentence, who does the blank refer to?

A. playground
B. pool
",B
"When her dog got lost, Maria but up posters at the playground but not the pool because many people go to the _ these days.

Question: In this sentence, who does the blank refer to?

A. playground
B. pool
",A
"At the mall on Friday, Laura paid Jennifer for the diamonds because _ was the vendor.

Question: In this sentence, who does the blank refer to?

A. Laura
B. Jennifer
",B
"At the mall on Friday, Laura paid Jennifer for the diamonds because _ was the customer.

Question: In this sentence, who does the blank refer to?

A. Laura
B. Jennifer
",A
"Liz was making a pizza with tomato sauce, cheese, pepperoni, and basil. The last thing she used was the _ .

Question: In this sentence, who does the blank refer to?

A. tomato sauce
B. basil
",B
"Liz was making a pizza with tomato sauce, cheese, pepperoni, and basil. The first thing she used was the _ .

Question: In this sentence, who does the blank refer to?

A. tomato sauce
B. basil
",A
"The bucket was a better choice than the cup to carry water because the _ held less.

Question: In this sentence, who does the blank refer to?

A. bucket
B. cup
",B
"The bucket was a better choice than the cup to carry water because the _ held more.

Question: In this sentence, who does the blank refer to?

A. bucket
B. cup
",A
"The man didn't want to get his rearview mirror replaced before the windshield, since the _ was dirtier.

Question: In this sentence, who does the blank refer to?

A. windshield
B. mirror
",A
"The man didn't want to get his rearview mirror replaced before the windshield, since the _ was cleaner.

Question: In this sentence, who does the blank refer to?

A. windshield
B. mirror
",B
"The plant withered in the garden but thrived in the field, as the _ had inadequate nutrients for it.

Question: In this sentence, who does the blank refer to?

A. garden
B. field
",A
"The plant withered in the garden but thrived in the field, as the _ had plentiful nutrients for it.

Question: In this sentence, who does the blank refer to?

A. garden
B. field
",B
"John thought his hand was broken, but it was actually his foot because the _ was straight.

Question: In this sentence, who does the blank refer to?

A. foot
B. hand
",B
"John thought his hand was broken, but it was actually his foot because the _ was bent.

Question: In this sentence, who does the blank refer to?

A. foot
B. hand
",A
"All the players involved in playing cards had only two decks. The _ were too few.

Question: In this sentence, who does the blank refer to?

A. Cards
B. Decks
",A
"All the players involved in playing cards had only two decks. The _ were not enough.

Question: In this sentence, who does the blank refer to?

A. Cards
B. Decks
",B
"I got sap in my hair and had an easy time getting it out, so we had to gently remove the _ off my head.

Question: In this sentence, who does the blank refer to?

A. hair
B. sap
",B
"I got sap in my hair and had a bad time getting it out, so we had to shave the _ off my head.

Question: In this sentence, who does the blank refer to?

A. hair
B. sap
",A
"Gavin reads a book before going to bed instead of watching TV, because the _ helps him stay awake.

Question: In this sentence, who does the blank refer to?

A. book
B. TV
",B
"Gavin reads a book before going to bed instead of watching TV, because the _ helps him fall asleep.

Question: In this sentence, who does the blank refer to?

A. book
B. TV
",A
"Plucking the brow took longer for Elena compared to Katrina because _ had a thin brow.

Question: In this sentence, who does the blank refer to?

A. Elena
B. Katrina
",B
"Plucking the brow took longer for Elena compared to Katrina because _ had a uni-brow.

Question: In this sentence, who does the blank refer to?

A. Elena
B. Katrina
",A
"Leslie likes iPhones while Justin likes the brand Samsung, _ will not purchase a new iPhone he dislikes the brand.

Question: In this sentence, who does the blank refer to?

A. Leslie
B. Justin
",B
"Leslie likes iPhones while Justin likes the brand Samsung, _ will purchase a new iPhone soon he likes the  brand.

Question: In this sentence, who does the blank refer to?

A. Leslie
B. Justin
",A
"The shoes had more traction on the gym floor than on the grass because the _ was dry.

Question: In this sentence, who does the blank refer to?

A. grass
B. floor
",B
"The shoes had more traction on the gym floor than on the grass because the _ was wet.

Question: In this sentence, who does the blank refer to?

A. grass
B. floor
",A
"Katrina likes to keep moving whilst Angela likes to stay still because _ is calm.

Question: In this sentence, who does the blank refer to?

A. Katrina
B. Angela
",B
"Katrina likes to keep moving whilst Angela likes to stay still because _ is restless.

Question: In this sentence, who does the blank refer to?

A. Katrina
B. Angela
",A
"That afternoon, after he fixed the bike handle with the glue, the _ came loose because it was meant for wood.

Question: In this sentence, who does the blank refer to?

A. glue
B. bike handle
",A
"That afternoon, after he fixed the bike handle with the glue, the _ came loose because it needed a stronger product.

Question: In this sentence, who does the blank refer to?

A. glue
B. bike handle
",B
"Adam blamed Steven for the poor communication and intel on the battlefield, because _ was not in charge of radio.

Question: In this sentence, who does the blank refer to?

A. Adam
B. Steven
",A
"Adam blamed Steven for the poor communication and intel on the battlefield, because _ broke the radio.

Question: In this sentence, who does the blank refer to?

A. Adam
B. Steven
",B
"Rebecca's toddler was a better eater than Kayla's, as a result of _ being spoiling her more.

Question: In this sentence, who does the blank refer to?

A. Rebecca
B. Kayla
",B
"Rebecca's toddler was a better eater than Kayla's, as a result of _ being spoiling her less.

Question: In this sentence, who does the blank refer to?

A. Rebecca
B. Kayla
",A
"I put the flowers in vases on the table, but they fell over. The _ were too small.

Question: In this sentence, who does the blank refer to?

A. vases
B. flowers
",A
"I put the flowers in vases on the table, but they fell over. The _ were too big.

Question: In this sentence, who does the blank refer to?

A. vases
B. flowers
",B
"When he was a toddler, my brother always picked the oranges out of fruit salad an only ate the strawberries since the _ were sour.

Question: In this sentence, who does the blank refer to?

A. oranges
B. strawberries
",A
"When he was a toddler, my brother always picked the oranges out of fruit salad an only ate the strawberries since the _ were sweet.

Question: In this sentence, who does the blank refer to?

A. oranges
B. strawberries
",B
"Felicia unexpectedly made fried eggs for breakfast in the morning for Katrina and now _ owes a favor.

Question: In this sentence, who does the blank refer to?

A. Felicia
B. Katrina
",B
"Felicia unexpectedly made fried eggs for breakfast in the morning for Katrina since _ owes a favor.

Question: In this sentence, who does the blank refer to?

A. Felicia
B. Katrina
",A
"Mary wanted to ease Rachel's pain, so _ asked to apply some pain medication to the area.

Question: In this sentence, who does the blank refer to?

A. Mary
B. Rachel
",A
"Mary wanted to ease Rachel's pain, so _ allowed them to apply some pain medication to the area.

Question: In this sentence, who does the blank refer to?

A. Mary
B. Rachel
",B
"It was easier for us to pick the apples than the oranges because the _ were lower down in the trees.

Question: In this sentence, who does the blank refer to?

A. apples
B. oranges
",A
"It was easier for us to pick the apples than the oranges because the _ were higher up in the trees.

Question: In this sentence, who does the blank refer to?

A. apples
B. oranges
",B
"Brian needed to apply lotion more frequently than Adam due to _ 's naturally oily skin.

Question: In this sentence, who does the blank refer to?

A. Brian
B. Adam
",B
"Brian needed to apply lotion more frequently than Adam due to _ 's naturally dry skin.

Question: In this sentence, who does the blank refer to?

A. Brian
B. Adam
",A
"Maria needed to study for their Master's Thesis while Angela partied so, _ missed their degree.

Question: In this sentence, who does the blank refer to?

A. Maria
B. Angela
",B
"Maria needed to study for their Master's Thesis while Angela partied so, _ got their degree.

Question: In this sentence, who does the blank refer to?

A. Maria
B. Angela
",A
"I couldn't decide if I wanted to drink cognac tonight, but when my choices were between cognac and beer, I stayed class and picked _ .

Question: In this sentence, who does the blank refer to?

A. cognac
B. beer
",A
"I couldn't decide if I wanted to drink cognac tonight, but when my choices were between cognac and beer, I stayed cheap and picked _ .

Question: In this sentence, who does the blank refer to?

A. cognac
B. beer
",B
"Randy yelled at Dennis to stop and move out of the way because _ didn't notice the crane falling.

Question: In this sentence, who does the blank refer to?

A. Randy
B. Dennis
",B
"Randy yelled at Dennis to stop and move out of the way because _ saw the crane falling.

Question: In this sentence, who does the blank refer to?

A. Randy
B. Dennis
",A
"I sent a sick relative a card and a plant but he's allergic to the plant so the _ was thrown away.

Question: In this sentence, who does the blank refer to?

A. plant
B. card
",A
"I sent a sick relative a card and a plant but he's allergic to the plant so the _ was kept.

Question: In this sentence, who does the blank refer to?

A. plant
B. card
",B
"Sarah started the car and then drove to pick of Jessica, because _ was providing a ride.

Question: In this sentence, who does the blank refer to?

A. Sarah
B. Jessica
",A
"Sarah started the car and then drove to pick of Jessica, because _ was needing a ride.

Question: In this sentence, who does the blank refer to?

A. Sarah
B. Jessica
",B
"The dog food outweighed the drink, hence James decided to add more drink because the _ is lighter.

Question: In this sentence, who does the blank refer to?

A. food
B. drink
",B
"The dog food outweighed the drink, hence James decided to add more drink because the _ is heavier.

Question: In this sentence, who does the blank refer to?

A. food
B. drink
",A
"Monica needed a passport while Victoria did not because _ was traveling out of her country.

Question: In this sentence, who does the blank refer to?

A. Monica
B. Victoria
",A
"Monica needed a passport while Victoria did not because _ was traveling within her country.

Question: In this sentence, who does the blank refer to?

A. Monica
B. Victoria
",B
"Mr. Farmer's son noticed a hole in the wooden fence so he tried hitting a golf ball through it; he didn't realize that the _ was too tiny.

Question: In this sentence, who does the blank refer to?

A. ball
B. hole
",B
"Mr. Farmer's son noticed a hole in the wooden fence so he tried hitting a golf ball through it; he didn't realize that the _ was too large.

Question: In this sentence, who does the blank refer to?

A. ball
B. hole
",A
"Christopher's carpet has few stains on it, while Randy's is very dirty. The carpet of _ is 1 year old.

Question: In this sentence, who does the blank refer to?

A. Christopher
B. Randy
",A
"Christopher's carpet has few stains on it, while Randy's is very dirty. The carpet of _ is 15 years old.

Question: In this sentence, who does the blank refer to?

A. Christopher
B. Randy
",B
"In order to clean his mess, the boy brought napkins and towels. However, the _ were too weak.

Question: In this sentence, who does the blank refer to?

A. napkins
B. towels
",A
"In order to clean his mess, the boy brought napkins and towels. However, the _ were too strong.

Question: In this sentence, who does the blank refer to?

A. napkins
B. towels
",B
"insects like butterflies are attracted to bright colors and not the dull colors, the _ are attractive.

Question: In this sentence, who does the blank refer to?

A. bright
B. dull
",A
"insects like butterflies are attracted to bright colors and not the dull colors, the _ are ugly.

Question: In this sentence, who does the blank refer to?

A. bright
B. dull
",B
"Katrina trained Tanya to do aerobic exercise because _ wanted to be in great shape.

Question: In this sentence, who does the blank refer to?

A. Katrina
B. Tanya
",B
"Katrina trained Tanya to do aerobic exercise because _ was a trainer in great shape.

Question: In this sentence, who does the blank refer to?

A. Katrina
B. Tanya
",A
"I cannot stand broccoli, so my wife tried frying it.  I liked it better soggy than crispy, so I ate the _ broccoli.

Question: In this sentence, who does the blank refer to?

A. crispy
B. soggy
",B
"I cannot stand broccoli, so my wife tried frying it.  I liked it better crispy than soggy, so I ate the _ broccoli.

Question: In this sentence, who does the blank refer to?

A. crispy
B. soggy
",A
"Callie went on a liquid diet through a tube but was in pain because the _ is restrictive.

Question: In this sentence, who does the blank refer to?

A. tube
B. diet
",B
"Callie went on a liquid diet through a tube but was in pain because the _ is painful.

Question: In this sentence, who does the blank refer to?

A. tube
B. diet
",A
"Tanya had to take a flight to a different country while Maria had to go down the street, so _ traveled by bike.

Question: In this sentence, who does the blank refer to?

A. Tanya
B. Maria
",B
"Tanya had to take a flight to a different country while Maria had to go down the street, so _ traveled by plane.

Question: In this sentence, who does the blank refer to?

A. Tanya
B. Maria
",A
"Jim was happy to trade my desk for his computer.  He thinks the _ will work badly.

Question: In this sentence, who does the blank refer to?

A. desk
B. computer
",B
"Jim was happy to trade my desk for his computer . He thinks the _ will work great.

Question: In this sentence, who does the blank refer to?

A. desk
B. computer
",A
"John's new chest he purchased for himself would not fit through his front doorway, the _ was too large.

Question: In this sentence, who does the blank refer to?

A. chest
B. doorway
",A
"John's new chest he purchased for himself would not fit through his front doorway, the _ was too small.

Question: In this sentence, who does the blank refer to?

A. chest
B. doorway
",B
"Eric always made rice with chicken, but Neil was bored of the same dish. _ decided not to cook anymore.

Question: In this sentence, who does the blank refer to?

A. Eric
B. Neil
",A
"Eric always made rice with chicken, but Neil was bored of the same dish. _ decided to cook instead.

Question: In this sentence, who does the blank refer to?

A. Eric
B. Neil
",B
"To clean my floors I use a broom and sometimes also use a mop, since I want to be quick today I am using the _ on the floor.

Question: In this sentence, who does the blank refer to?

A. broom
B. mop
",A
"To clean my floors I use a broom and sometimes also use a mop, since I want to be thorough today I am using the _ on the floor.

Question: In this sentence, who does the blank refer to?

A. broom
B. mop
",B
"We didn't like the consultant because he reccommended a car instead of a train, because the _ was expensive.

Question: In this sentence, who does the blank refer to?

A. car
B. train
",A
"We didn't like the consultant because he reccommended a car instead of a train, because the _ was cheap.

Question: In this sentence, who does the blank refer to?

A. car
B. train
",B
"John threw a punch at the window and got it broken when fighting with Jill. The _ is weak.

Question: In this sentence, who does the blank refer to?

A. punch
B. window
",B
"John threw a punch at the window and got it broken when fighting with Jill. The _ is strong.

Question: In this sentence, who does the blank refer to?

A. punch
B. window
",A
"Joey bought some caramel glazing to use for bread decoration but the _ was too big.

Question: In this sentence, who does the blank refer to?

A. bread
B. glazing
",A
"Joey bought some caramel glazing to use for bread decoration but the _ was not enough.

Question: In this sentence, who does the blank refer to?

A. bread
B. glazing
",B
"Cynthia began crying at the end of a movie. and Victoria laughed loudly so the parents comforted _ .

Question: In this sentence, who does the blank refer to?

A. Cynthia
B. Victoria
",A
"Cynthia began crying at the end of a movie. and Victoria laughed loudly so the parents reprimanded _ .

Question: In this sentence, who does the blank refer to?

A. Cynthia
B. Victoria
",B
"The dog was able to drink easily from the bowl, but not the pan, because the _ was short.

Question: In this sentence, who does the blank refer to?

A. bowl
B. pan
",A
"The dog was able to drink easily from the bowl, but not the pan, because the _ was tall.

Question: In this sentence, who does the blank refer to?

A. bowl
B. pan
",B
"Craig relies on public assistance, and Jeffrey does not. _ is living a tougher life.

Question: In this sentence, who does the blank refer to?

A. Craig
B. Jeffrey
",A
"Craig relies on public assistance, and Jeffrey does not. _ is living a more stable life.

Question: In this sentence, who does the blank refer to?

A. Craig
B. Jeffrey
",B
"Neil went online to receive his ordainment before Steven got married, because _ served as an officiant.

Question: In this sentence, who does the blank refer to?

A. Neil
B. Steven
",A
"Neil went online to receive his ordainment before Steven got married, because _ needed an officiant.

Question: In this sentence, who does the blank refer to?

A. Neil
B. Steven
",B
"Jennifer is a real asshole but Katrina is not. _ has a lot of good friends.

Question: In this sentence, who does the blank refer to?

A. Jennifer
B. Katrina
",B
"Jennifer is a real asshole but Katrina is not. _ has very few good friends.

Question: In this sentence, who does the blank refer to?

A. Jennifer
B. Katrina
",A
"Nick bought a electric toothbrush for Eric and _ decided to buy one for themselves.

Question: In this sentence, who does the blank refer to?

A. Nick
B. Eric
",A
"Nick received a electric toothbrush from Eric and _ decided to buy one for themselves.

Question: In this sentence, who does the blank refer to?

A. Nick
B. Eric
",B
"James took out the carpet the dog pooped on and laid a mat because the _ is clean.

Question: In this sentence, who does the blank refer to?

A. carpet
B. mat
",B
"James took out the carpet the dog pooped on and laid a mat because the _ is dirty.

Question: In this sentence, who does the blank refer to?

A. carpet
B. mat
",A
"Carrie persuaded Victoria to go into the pig pen and bring out a bowl, because _ was brave around animals.

Question: In this sentence, who does the blank refer to?

A. Carrie
B. Victoria
",B
"Carrie persuaded Victoria to go into the pig pen and bring out a bowl, because _ was cowardly around animals.

Question: In this sentence, who does the blank refer to?

A. Carrie
B. Victoria
",A
"In my opinion, oak is a far superior wood than pine, because the _ is very weak.

Question: In this sentence, who does the blank refer to?

A. oak
B. pine
",B
"In my opinion, oak is a far superior wood than pine, because the _ is very strong.

Question: In this sentence, who does the blank refer to?

A. oak
B. pine
",A
"James could see the other side of the room through the plate unlike the board that was there before. Definitely the _ is opaque.

Question: In this sentence, who does the blank refer to?

A. plate
B. board
",B
"James could see the other side of the room through the plate unlike the board that was there before. Definitely the _ is transparent.

Question: In this sentence, who does the blank refer to?

A. plate
B. board
",A
"He put rose petals all the way from the front door to the bedroom for his wife when she got home and came through the _ .

Question: In this sentence, who does the blank refer to?

A. front door
B. rose petals
",A
"He put rose petals all the way from the front door to the bedroom for his wife when she got home and saw the _ .

Question: In this sentence, who does the blank refer to?

A. front door
B. rose petals
",B
"Carrie put on gloves and Samantha didn't because _ didn't mind touching anything dirty while cleaning.

Question: In this sentence, who does the blank refer to?

A. Carrie
B. Samantha
",B
"Carrie put on gloves and Samantha didn't because _ didn't like to touch anything dirty while cleaning.

Question: In this sentence, who does the blank refer to?

A. Carrie
B. Samantha
",A
"Joel but not Randy met many people because _ did not know how to carry a good conversation.

Question: In this sentence, who does the blank refer to?

A. Joel
B. Randy
",B
"Joel but not Randy met many people because _ knew how to carry a good conversation.

Question: In this sentence, who does the blank refer to?

A. Joel
B. Randy
",A
"The turtle saw a race and a piece of lettuce. He chose the _ because he was hungry.

Question: In this sentence, who does the blank refer to?

A. race
B. piece of lettuce
",B
"The turtle saw a race and a piece of lettuce. He chose the _ because he was full.

Question: In this sentence, who does the blank refer to?

A. race
B. piece of lettuce
",A
"Adam followed the instructions for eating after getting wisdom teeth removed from Steven because _ was his patient.

Question: In this sentence, who does the blank refer to?

A. Adam
B. Steven
",A
"Adam followed the instructions for eating after getting wisdom teeth removed from Steven since _ was his dentist.

Question: In this sentence, who does the blank refer to?

A. Adam
B. Steven
",B
"Robert trusted Leslie to broker his money online because, between the two of them, _ was the amateur investor.

Question: In this sentence, who does the blank refer to?

A. Robert
B. Leslie
",A
"Robert trusted Leslie to broker his money online because, between the two of them, _ was the master investor.

Question: In this sentence, who does the blank refer to?

A. Robert
B. Leslie
",B
"The kids were excited to leave school to go to the party because the _ was boring.

Question: In this sentence, who does the blank refer to?

A. party
B. school
",B
"The kids were excited to leave school to go to the party because the _ was fun.

Question: In this sentence, who does the blank refer to?

A. party
B. school
",A
"Mary has bad dandruff, but Cynthia has never had that issue. _ lives in a wetter climate.

Question: In this sentence, who does the blank refer to?

A. Mary
B. Cynthia
",B
"Mary has bad dandruff, but Cynthia has never had that issue. _ lives in a dryer climate.

Question: In this sentence, who does the blank refer to?

A. Mary
B. Cynthia
",A
"To prepare for the meal the chef only cooked the meat and not the vegetable because the _ was all ready.

Question: In this sentence, who does the blank refer to?

A. meat
B. vegetable
",B
"To prepare for the meal the chef only cooked the meat and not the vegetable because the _ was raw.

Question: In this sentence, who does the blank refer to?

A. meat
B. vegetable
",A
"Leslie wanted to cosplay with Samuel because he always had a lot of fun with _ there.

Question: In this sentence, who does the blank refer to?

A. Leslie
B. Samuel
",B
"Leslie wanted to cosplay with Samuel because _ always had a lot of fun with him there.

Question: In this sentence, who does the blank refer to?

A. Leslie
B. Samuel
",A
"Samantha was jealous about Angela's health, so _ told them to start taking more vitamins.

Question: In this sentence, who does the blank refer to?

A. Samantha
B. Angela
",B
"Samantha was worried about Angela's health, so _ told them to start taking more vitamins.

Question: In this sentence, who does the blank refer to?

A. Samantha
B. Angela
",A
"The pill could not be crushed under that wood that it was placed. The _ it too soft.

Question: In this sentence, who does the blank refer to?

A. wood
B. pill
",A
"The pill could not be crushed under that wood that it was placed. The _ it too hard.

Question: In this sentence, who does the blank refer to?

A. wood
B. pill
",B
"In dire need of a new kidney, Ryan sought out Jason so _ could agree to donate him one.

Question: In this sentence, who does the blank refer to?

A. Ryan
B. Jason
",B
"In dire need of a new kidney, Ryan sought out Jason so _ could beg him to donate one.

Question: In this sentence, who does the blank refer to?

A. Ryan
B. Jason
",A
"Christine grew a lot of hay on their farm but not Monica because _ bred flying animals.

Question: In this sentence, who does the blank refer to?

A. Christine
B. Monica
",B
"Christine grew a lot of hay on their farm but not Monica because _ bred grazing animals.

Question: In this sentence, who does the blank refer to?

A. Christine
B. Monica
",A
"I prefer sending emails much more than I like sending letters, because the _ are convenient.

Question: In this sentence, who does the blank refer to?

A. emails
B. letters
",A
"I prefer sending emails much more than I like sending letters, because the _ are inconvenient.

Question: In this sentence, who does the blank refer to?

A. emails
B. letters
",B
"Shawn bought a guitar that came with a case and an extra string, but the _ was too big for the car.

Question: In this sentence, who does the blank refer to?

A. string
B. case
",B
"Shawn bought a guitar that came with a case and an extra string, but the _ got lost in the car.

Question: In this sentence, who does the blank refer to?

A. string
B. case
",A
"John could not see the fish in the tank, but clearly saw the fish in the aquarium, because the water in the _ was dirty.

Question: In this sentence, who does the blank refer to?

A. tank
B. aquarium
",A
"John could not see the fish in the tank, but clearly saw the fish in the aquarium, because the water in the _ was clean.

Question: In this sentence, who does the blank refer to?

A. tank
B. aquarium
",B
"Latoya was running and could see through the forest but not the garden because the _ was dense.

Question: In this sentence, who does the blank refer to?

A. forest
B. garden
",B
"Latoya was running and could see through the forest but not the garden because the _ was sparse.

Question: In this sentence, who does the blank refer to?

A. forest
B. garden
",A
"Keeping to a daily routine was easier for Monica than Victoria because _ had very little self discipline.

Question: In this sentence, who does the blank refer to?

A. Monica
B. Victoria
",B
"Keeping to a daily routine was easier for Monica than Victoria because _ had good self discipline.

Question: In this sentence, who does the blank refer to?

A. Monica
B. Victoria
",A
"Angela was more in love than Katrina was, and _ was afraid if she should lose her.

Question: In this sentence, who does the blank refer to?

A. Angela
B. Katrina
",A
"Angela was more in love than Katrina was, and _ was indifferent if she should lose her.

Question: In this sentence, who does the blank refer to?

A. Angela
B. Katrina
",B
"Robert couldn't wait for the pear tree to grow fruit, though Jeffrey was less excited. _ always liked pears.

Question: In this sentence, who does the blank refer to?

A. Robert
B. Jeffrey
",A
"Robert couldn't wait for the pear tree to grow fruit, though Jeffrey was less excited. _ never liked pears.

Question: In this sentence, who does the blank refer to?

A. Robert
B. Jeffrey
",B
"Jennifer didn't mind doing ironing but Tanya couldn't stand it. _ spent hardly any money at the dry cleaners.

Question: In this sentence, who does the blank refer to?

A. Jennifer
B. Tanya
",A
"Jennifer didn't mind doing ironing but Tanya couldn't stand it. _ spent a good sum of money at the dry cleaners.

Question: In this sentence, who does the blank refer to?

A. Jennifer
B. Tanya
",B
"Kayla didn't put a pumpkin and candy on their porch like Patricia did because _ doesn't celebrate Halloween.

Question: In this sentence, who does the blank refer to?

A. Kayla
B. Patricia
",A
"Kayla didn't put a pumpkin and candy on their porch like Patricia did because _ celebrates Halloween.

Question: In this sentence, who does the blank refer to?

A. Kayla
B. Patricia
",B
"Eric put out his electrical fire with baking soda, while Craig tried water. The house of _ burned down.

Question: In this sentence, who does the blank refer to?

A. Eric
B. Craig
",B
"Eric put out his electrical fire with baking soda, while Craig tried water. The house of _ survived.

Question: In this sentence, who does the blank refer to?

A. Eric
B. Craig
",A
"Amy made a lot of enemies in life but Laura did not. _ was always unhappy.

Question: In this sentence, who does the blank refer to?

A. Amy
B. Laura
",A
"Amy made a lot of enemies in life but Laura did not. _ was always happy.

Question: In this sentence, who does the blank refer to?

A. Amy
B. Laura
",B
"Jennifer wanted to relax, so Sarah treated her to a trip to the spa. _ spent no money.

Question: In this sentence, who does the blank refer to?

A. Jennifer
B. Sarah
",A
"Jennifer wanted to relax, so Sarah treated her to a trip to the spa. _ spent too much money.

Question: In this sentence, who does the blank refer to?

A. Jennifer
B. Sarah
",B
"Ryan told Steven how he found a human skull in the woods.  _ was scared when he found it.

Question: In this sentence, who does the blank refer to?

A. Ryan
B. Steven
",A
"Ryan told Steven how he found a human skull in the woods.  _ was skeptical that he found it.

Question: In this sentence, who does the blank refer to?

A. Ryan
B. Steven
",B
"Bob wanted to add insulation to the wall of his house, but the _ was too thick.

Question: In this sentence, who does the blank refer to?

A. wall
B. insulation
",B
"Bob wanted to add insulation to the wall of his house, but the _ was too thin.

Question: In this sentence, who does the blank refer to?

A. wall
B. insulation
",A
"The windows of Brad's home need replacing, while the doors are fine. So, the _ are likely newer.

Question: In this sentence, who does the blank refer to?

A. windows
B. doors
",B
"The windows of Brad's home need replacing, while the doors are fine. So, the _ are likely rotting.

Question: In this sentence, who does the blank refer to?

A. windows
B. doors
",A
"Tim went to ride his motorbike down the coast this morning and checked the tire pressure which was low enough to not ride the _ down the coast today.

Question: In this sentence, who does the blank refer to?

A. motorbike
B. coast
",A
"Tim went to ride his motorbike down the coast this morning and checked the tire pressure which was high enough to safely ride down the _ today.

Question: In this sentence, who does the blank refer to?

A. motorbike
B. coast
",B
"The little boy tried to store his pet gecko in the cage but the _ was too large.

Question: In this sentence, who does the blank refer to?

A. gecko
B. cage
",A
"The little boy tried to store his pet gecko in the cage but the _ was too small.

Question: In this sentence, who does the blank refer to?

A. gecko
B. cage
",B
"The scarf Bob's mother made for him would not fit around his neck, the _ was too large.

Question: In this sentence, who does the blank refer to?

A. scarf
B. neck
",B
"The scarf Bob's mother made for him would not fit around his neck, the _ was too small.

Question: In this sentence, who does the blank refer to?

A. scarf
B. neck
",A
"Brian's hair always got big when it was humid. Dennis bought a dehumidifier to help. _ was grateful for the gesture.

Question: In this sentence, who does the blank refer to?

A. Brian
B. Dennis
",A
"Brian's hair always got big when it was humid. Dennis bought a dehumidifier to help. _ was proud of the gesture.

Question: In this sentence, who does the blank refer to?

A. Brian
B. Dennis
",B
"The area was easier to navigate for Aaron than for Jason because _ never had a house there.

Question: In this sentence, who does the blank refer to?

A. Aaron
B. Jason
",B
"The area was easier to navigate for Aaron than for Jason because _ used to have a house there.

Question: In this sentence, who does the blank refer to?

A. Aaron
B. Jason
",A
"The old plastic caps were replaced by wooden corks because the _ were very leaky.

Question: In this sentence, who does the blank refer to?

A. caps
B. corks
",A
"The old plastic caps were replaced by wooden corks because the _ were very watertight.

Question: In this sentence, who does the blank refer to?

A. caps
B. corks
",B
"Studying philosophy was easier for Jessica than Maria, since _ had rarely thought long and hard about abstract concepts.

Question: In this sentence, who does the blank refer to?

A. Jessica
B. Maria
",B
"Studying philosophy was easier for Jessica than Maria, since _ had always thought long and hard about abstract concepts.

Question: In this sentence, who does the blank refer to?

A. Jessica
B. Maria
",A
"Kenneth was less concerned with the environment than Adam , so _ always used plastic bags.

Question: In this sentence, who does the blank refer to?

A. Kenneth
B. Adam
",A
"Kenneth was less concerned with the environment than Adam , so _ never used plastic bags.

Question: In this sentence, who does the blank refer to?

A. Kenneth
B. Adam
",B
"After her lips swelled up, Brian gave all the lip gloss to Christopher since _ was sensitive to it.

Question: In this sentence, who does the blank refer to?

A. Brian
B. Christopher
",A
"After her lips swelled up, Brian gave all the lip gloss to Christopher since _ was insensitive to it.

Question: In this sentence, who does the blank refer to?

A. Brian
B. Christopher
",B
"Adam was very good at performing tricks but Hunter was not. _ amazed all their friends at parties.

Question: In this sentence, who does the blank refer to?

A. Adam
B. Hunter
",A
"Adam was very good at performing tricks but Hunter was not. _ bored all their friends at parties.

Question: In this sentence, who does the blank refer to?

A. Adam
B. Hunter
",B
"Scott saw his company's profit sheet and asked for a raise. It was denied because the _ was too big.

Question: In this sentence, who does the blank refer to?

A. raise
B. profit
",A
"Scott saw his company's profit sheet and asked for a raise. It was denied because the _ was too small.

Question: In this sentence, who does the blank refer to?

A. raise
B. profit
",B
"Christopher was an expert jeweler compared to Matthew' who is an amateur, so _ was the dealer swindled by a fake sapphire.

Question: In this sentence, who does the blank refer to?

A. Christopher
B. Matthew
",B
"Christopher was a novice jeweler compared to Matthew's expertise, so _ was the dealer swindled by a fake sapphire.

Question: In this sentence, who does the blank refer to?

A. Christopher
B. Matthew
",A
"Kenneth didn't drop the children off at the nursery today unlike Hunter because _ children were healthy.

Question: In this sentence, who does the blank refer to?

A. Kenneth
B. Hunter
",B
"Kenneth didn't drop the children off at the nursery today unlike Hunter because _ children were sick.

Question: In this sentence, who does the blank refer to?

A. Kenneth
B. Hunter
",A
"Mary traded the jelly beans for the chocolate candies, because she didn't like the taste of the _ .

Question: In this sentence, who does the blank refer to?

A. jelly beans
B. chocolate candies
",A
"Mary traded the jelly beans for the chocolate candies, because she really enojyed the taste of the _ .

Question: In this sentence, who does the blank refer to?

A. jelly beans
B. chocolate candies
",B
"The woman furrowed her eyebrows, because between a bike and car, the _ was going faster.

Question: In this sentence, who does the blank refer to?

A. bike
B. car
",B
"The woman raised her eyebrows, because between a bike and car, the _ was going faster.

Question: In this sentence, who does the blank refer to?

A. bike
B. car
",A
"Cynthia bought mats to show Victoria how to do meditation because _ was a very nervous person.

Question: In this sentence, who does the blank refer to?

A. Cynthia
B. Victoria
",B
"Cynthia bought mats to show Victoria how to do meditation because _ was a very caring person.

Question: In this sentence, who does the blank refer to?

A. Cynthia
B. Victoria
",A
"Jessica could see the clear out of the forest while Mary came up with a plan because _ was a leader.

Question: In this sentence, who does the blank refer to?

A. Jessica
B. Mary
",B
"Jessica could see the clear out of the forest while Mary came up with a plan because _ had binoculars.

Question: In this sentence, who does the blank refer to?

A. Jessica
B. Mary
",A
"Monica didn't want to hire a lawyer but Lindsey did because _ is trusting of lawyers.

Question: In this sentence, who does the blank refer to?

A. Monica
B. Lindsey
",B
"Monica didn't want to hire a lawyer but Lindsey did because _ is suspicious of lawyers.

Question: In this sentence, who does the blank refer to?

A. Monica
B. Lindsey
",A
"Lindsey had watery eyes but not Patricia because _ was storing onions in the kitchen.

Question: In this sentence, who does the blank refer to?

A. Lindsey
B. Patricia
",B
"Lindsey had watery eyes but not Patricia because _ was cutting onions in the kitchen.

Question: In this sentence, who does the blank refer to?

A. Lindsey
B. Patricia
",A
"Monica sent Sarah a care package of homemade maple syrup, because _ lived in Vermont.

Question: In this sentence, who does the blank refer to?

A. Monica
B. Sarah
",A
"Monica sent Sarah a care package of homemade maple syrup, because _ lived in California.

Question: In this sentence, who does the blank refer to?

A. Monica
B. Sarah
",B
"So _ turned off the fan because Christine was hot while Victoria was cold for some reason.

Question: In this sentence, who does the blank refer to?

A. Christine
B. Victoria
",B
"So _ turned on the fan because Christine was hot while Victoria was cold for some reason.

Question: In this sentence, who does the blank refer to?

A. Christine
B. Victoria
",A
"In Japan, a superhighway was scheduled to be built over the span of ten years, but the budget ran out. The _ was never realized.

Question: In this sentence, who does the blank refer to?

A. superhighway
B. budget
",A
"In Japan, a superhighway was scheduled to be built over the span of ten years, but the budget ran out. The _ was not enough.

Question: In this sentence, who does the blank refer to?

A. superhighway
B. budget
",B
"The teacher did not know what was the worst injuries between a broken hand or foot. She said that with the _ , you couldn't write.

Question: In this sentence, who does the blank refer to?

A. hand
B. foot
",A
"The teacher did not know what was  the worst injuries  between a broken hand or foot. She said that with the _ , you couldn't walk.

Question: In this sentence, who does the blank refer to?

A. hand
B. foot
",B
"Brett didn't believe Craig that essential oils worked, until _ proved that they were indeed effective.

Question: In this sentence, who does the blank refer to?

A. Brett
B. Craig
",B
"Brett didn't believe Craig that essential oils worked, until _ learned that they were indeed effective.

Question: In this sentence, who does the blank refer to?

A. Brett
B. Craig
",A
"Lawrence knew how to mix soap and water better than Jeffrey because _ had a lot of chores that involved walking the dog.

Question: In this sentence, who does the blank refer to?

A. Lawrence
B. Jeffrey
",B
"Lawrence knew how to mix soap and water better than Jeffrey because _ had a lot of chores that involved cleaning.

Question: In this sentence, who does the blank refer to?

A. Lawrence
B. Jeffrey
",A
"Aaron was always committing all sorts of crimes but Hunter was law abiding. _ often needs the services of a lawyer.

Question: In this sentence, who does the blank refer to?

A. Aaron
B. Hunter
",A
"Aaron was always committing all sorts of crimes but Hunter was law abiding. _ rarely need the services of a lawyer.

Question: In this sentence, who does the blank refer to?

A. Aaron
B. Hunter
",B
"Megan took Erin's dog for a groom, although _ did not like for the animal.

Question: In this sentence, who does the blank refer to?

A. Megan
B. Erin
",A
"Megan took Erin's dog for a groom, knowing _ cared very much for the animal.

Question: In this sentence, who does the blank refer to?

A. Megan
B. Erin
",B
"The tattoo would not work on his arm, but was great on his chest, as the _ was too narrow for the artwork.

Question: In this sentence, who does the blank refer to?

A. arm
B. chest
",A
"The tattoo would not work on his arm, but was great on his chest, as the _ was wide enough for the artwork.

Question: In this sentence, who does the blank refer to?

A. arm
B. chest
",B
"Amy's handwriting was meticulous, while Cynthia's handwriting was often sloppy, because _ was careless about their work.

Question: In this sentence, who does the blank refer to?

A. Amy
B. Cynthia
",A
"Amy's handwriting was meticulous, while Cynthia's handwriting was often sloppy, because _ was careful about their work.

Question: In this sentence, who does the blank refer to?

A. Amy
B. Cynthia
",B
"Kevin was worried Kenneth would win the cross country race, because _ was currently behind.

Question: In this sentence, who does the blank refer to?

A. Kevin
B. Kenneth
",A
"Kevin was worried Kenneth would win the cross country race, because _ was currently ahead.

Question: In this sentence, who does the blank refer to?

A. Kevin
B. Kenneth
",B
"Quinn felt he was more brave when using the sword and not the gun, because the _ required distant engagement.

Question: In this sentence, who does the blank refer to?

A. sword
B. gun
",B
"Quinn felt he was more brave when using the sword and not the gun, because the _ required closer engagement.

Question: In this sentence, who does the blank refer to?

A. sword
B. gun
",A
"Christine was in the lead in the video game while Monica was in last because _ got a head start.

Question: In this sentence, who does the blank refer to?

A. Christine
B. Monica
",A
"Christine was in the lead in the video game while Monica was in last because _ was slow to start.

Question: In this sentence, who does the blank refer to?

A. Christine
B. Monica
",B
"At the park, Rachel wanted to feed the birds with bird food. Samantha said this was a waste of money. _ didn't care that they wouldn't feed the birds.

Question: In this sentence, who does the blank refer to?

A. Rachel
B. Samantha
",B
"At the park, Rachel wanted to feed the birds with bird food. Samantha said this was a waste of money. _ was sad they wouldn't feed the birds.

Question: In this sentence, who does the blank refer to?

A. Rachel
B. Samantha
",A
"Erin was intuitive and compassionate, while Jessica was egotistical and selfish. _ was an excellent friend to have.

Question: In this sentence, who does the blank refer to?

A. Erin
B. Jessica
",A
"Erin was intuitive and compassionate, while Jessica was egotistical and selfish. _ was an awful friend to have.

Question: In this sentence, who does the blank refer to?

A. Erin
B. Jessica
",B
"Jennifer has the phone ringer set louder than Patricia because _ is hard of hearing.

Question: In this sentence, who does the blank refer to?

A. Jennifer
B. Patricia
",A
"Jennifer has the phone ringer set softer than Patricia because _ is hard of hearing.

Question: In this sentence, who does the blank refer to?

A. Jennifer
B. Patricia
",B
"Practicing for hours on the piano suited Donald but not Lawrence because _ had no desire to play music.

Question: In this sentence, who does the blank refer to?

A. Donald
B. Lawrence
",B
"Practicing for hours on the piano suited Donald but not Lawrence because _ had a desire to play music.

Question: In this sentence, who does the blank refer to?

A. Donald
B. Lawrence
",A
"I could not forgive the hurt and regret he made me feel as much as I love him because the _ is too weak.

Question: In this sentence, who does the blank refer to?

A. regret
B. love
",B
"I could not forgive the hurt and regret he made me feel as much as I love him because the _ is too strong.

Question: In this sentence, who does the blank refer to?

A. regret
B. love
",A
"Neil was looking for a soulmate and Dennis was looking for a friend. _ fell in love with a friend that day.

Question: In this sentence, who does the blank refer to?

A. Neil
B. Dennis
",A
"Neil was looking for a soulmate and Dennis was looking for a friend. _ made a new friend that day.

Question: In this sentence, who does the blank refer to?

A. Neil
B. Dennis
",B
"Monica was always surprising Lindsey with gifts, so _ headed to the store to buy a return present.

Question: In this sentence, who does the blank refer to?

A. Monica
B. Lindsey
",B
"Monica was always surprising Lindsey with gifts, so _ headed to the store to buy another present.

Question: In this sentence, who does the blank refer to?

A. Monica
B. Lindsey
",A
"Learning to face your obstacles was a lesson Victoria learned in life earlier than Patricia, _ was the youngest of the two.

Question: In this sentence, who does the blank refer to?

A. Victoria
B. Patricia
",B
"Learning to face your obstacles was a lesson Victoria learned in life earlier than Patricia, _ was the oldest of the two.

Question: In this sentence, who does the blank refer to?

A. Victoria
B. Patricia
",A
"When he wanted to transition a firefighter, they told him he was too short and weak. The _ issue was easier to resolve.

Question: In this sentence, who does the blank refer to?

A. short
B. weak
",B
"When he wanted to transition a firefighter, they told him he was too short and weak. The _ issue was harder to resolve.

Question: In this sentence, who does the blank refer to?

A. short
B. weak
",A
"She always spray the room with an aromatizante after he smokes a cigarette there, because the _ smells nice.

Question: In this sentence, who does the blank refer to?

A. aromatizante
B. cigarette
",A
"She always spray the room with an aromatizante after he smokes a cigarette there, because the _ smells bad.

Question: In this sentence, who does the blank refer to?

A. aromatizante
B. cigarette
",B
"Sara told her husband he should use the sheet to hang himself and not the scarf, because the _ was shorter.

Question: In this sentence, who does the blank refer to?

A. sheet
B. scarf
",B
"Sara told her husband he should use the sheet to hang himself and not the scarf, because the _ was longer.

Question: In this sentence, who does the blank refer to?

A. sheet
B. scarf
",A
"The elastic band could stretch between the chairs but not around the beds, as the _ were close to each other.

Question: In this sentence, who does the blank refer to?

A. chairs
B. beds
",A
"The elastic band could stretch between the chairs but not around the beds, as the _ were far from each other.

Question: In this sentence, who does the blank refer to?

A. chairs
B. beds
",B
"Rachel but not Angela bought toothpaste that would eradicate bacteria because _ had a mild case of gum disease.

Question: In this sentence, who does the blank refer to?

A. Rachel
B. Angela
",A
"Rachel but not Angela bought toothpaste that would eradicate bacteria because _ did not have a mild case of gum disease.

Question: In this sentence, who does the blank refer to?

A. Rachel
B. Angela
",B
"Paul served the chocolate milk in a glass instead of the plastic cup, because the _ was unbroken.

Question: In this sentence, who does the blank refer to?

A. cup
B. glass
",B
"Paul served the chocolate milk in a glass instead of the plastic cup, because the _ was cracked.

Question: In this sentence, who does the blank refer to?

A. cup
B. glass
",A
"Adam was more likely to go to the market than Jason because _ had plenty of groceries.

Question: In this sentence, who does the blank refer to?

A. Adam
B. Jason
",B
"Adam was more likely to go to the market than Jason because _ was nearly out of groceries.

Question: In this sentence, who does the blank refer to?

A. Adam
B. Jason
",A
"They chose to dye the shirt instead of paint it during the festival, since the _ was more vibrant.

Question: In this sentence, who does the blank refer to?

A. dye
B. paint
",A
"They chose to dye the shirt instead of paint it during the festival, since the _ was more dull.

Question: In this sentence, who does the blank refer to?

A. dye
B. paint
",B
"She put mustard on the sandwiches, but not on the fries, because she thought the _ had been served tasty.

Question: In this sentence, who does the blank refer to?

A. sandwiches
B. fries
",B
"She put mustard on the sandwiches, but not on the fries, because she thought the _ had been served bland.

Question: In this sentence, who does the blank refer to?

A. sandwiches
B. fries
",A
"Laura attained much better grades in school than Elena did because _ studied really hard.

Question: In this sentence, who does the blank refer to?

A. Laura
B. Elena
",A
"Laura attained much better grades in school than Elena did because _ did not study really hard.

Question: In this sentence, who does the blank refer to?

A. Laura
B. Elena
",B
"Amy went to a buffet. She couldn't finish eating the eggs but could eat all the tomatoes because there was a minuscule amount of the _ on her plate.

Question: In this sentence, who does the blank refer to?

A. tomatoes
B. eggs
",A
"Amy went to a buffet. She couldn't finish eating the eggs but could eat all the tomatoes because there was a grand amount of the _ on her plate.

Question: In this sentence, who does the blank refer to?

A. tomatoes
B. eggs
",B
"The barber tried to use the comb to brush the hair but the _ was too weak.

Question: In this sentence, who does the blank refer to?

A. hair
B. comb
",B
"The barber tried to use the comb to brush the hair but the _ was too tough.

Question: In this sentence, who does the blank refer to?

A. hair
B. comb
",A
"While walking through the store, Carrie bought a shirt for Mary because _ had no style.

Question: In this sentence, who does the blank refer to?

A. Carrie
B. Mary
",B
"While walking through the store, Carrie bought a shirt for Mary because _ had great style.

Question: In this sentence, who does the blank refer to?

A. Carrie
B. Mary
",A
"The water spilling out of the pot put out the fire on the stove. The _ is plentiful.

Question: In this sentence, who does the blank refer to?

A. water
B. fire
",A
"The water spilling out of the pot put out the fire on the stove. The _ is weak.

Question: In this sentence, who does the blank refer to?

A. water
B. fire
",B
"Dennis found it easier to remember the school material than Donald because _ did not study at night.

Question: In this sentence, who does the blank refer to?

A. Dennis
B. Donald
",B
"Dennis found it easier to remember the school material than Donald because _ studied at night.

Question: In this sentence, who does the blank refer to?

A. Dennis
B. Donald
",A
"Julie emptied the water bottle into the cup on her desk until the _ was full.

Question: In this sentence, who does the blank refer to?

A. bottle
B. cup
",B
"Julie emptied the water bottle into the cup on her desk until the _ was empty.

Question: In this sentence, who does the blank refer to?

A. bottle
B. cup
",A
"We didn't use the dryer but opted for the clothesline instead, as the _ would not let our clothes shrink.

Question: In this sentence, who does the blank refer to?

A. dryer
B. clothesline
",B
"We didn't use the dryer but opted for the clothesline instead, as the _ would make our clothes shrink.

Question: In this sentence, who does the blank refer to?

A. dryer
B. clothesline
",A
"The body of Dennis looks a lot thicker than that of Steven, due to _ being on a diet.

Question: In this sentence, who does the blank refer to?

A. Dennis
B. Steven
",B
"The body of Dennis looks a lot slimmer than that of Steven, due to _ being on a diet.

Question: In this sentence, who does the blank refer to?

A. Dennis
B. Steven
",A
"Cynthia loved lounging on the deck in the morning while Kayla preferred to lounge in the evening. _ decided to watch the sunset for a change.

Question: In this sentence, who does the blank refer to?

A. Cynthia
B. Kayla
",A
"Cynthia loved lounging on the deck in the morning while Kayla preferred to lounge in the evening. _ decided to watch the sunrise for a change.

Question: In this sentence, who does the blank refer to?

A. Cynthia
B. Kayla
",B
"Mike dumped the juice out of the baby bottle and filled it with milk, because the _ was fresher.

Question: In this sentence, who does the blank refer to?

A. juice
B. milk
",B
"Mike dumped the juice out of the baby bottle and filled it with milk, because the _ was older.

Question: In this sentence, who does the blank refer to?

A. juice
B. milk
",A
"To beat blackjack, Adam counted the cards as Robert dealt them out, but it was quite obvious. _ alerted his pit boss.

Question: In this sentence, who does the blank refer to?

A. Adam
B. Robert
",B
"To beat blackjack, Adam counted the cards as Robert dealt them out, but it was quite obvious. _ ran from the pit boss.

Question: In this sentence, who does the blank refer to?

A. Adam
B. Robert
",A
"Jennifer needed produce, so she went to the market and she chose the broccoli instead of the lettuce because the _ looked fresh.

Question: In this sentence, who does the blank refer to?

A. broccoli
B. lettuce
",A
"Jennifer needed produce, so she went to the market and she chose the broccoli instead of the lettuce because the _ looked stale.

Question: In this sentence, who does the blank refer to?

A. broccoli
B. lettuce
",B
"The ninja waited until the night to attack instead of the day because it would be harder to see him in the _ .

Question: In this sentence, who does the blank refer to?

A. night
B. day
",A
"The ninja waited until the night to attack instead of the day because it would be easier to see him in the _ .

Question: In this sentence, who does the blank refer to?

A. night
B. day
",B
